Found 39 tasks across 1 Julia versions
Depot:   /tmp/julia-ttfx-depot
Results: /home/ian/Documents/GitHub/Julia-TTFX-Snippets/analysis/results_pr62725.json
Tip: set TTFX_DEPOT_PATH=/tmp/julia-ttfx-depot to reuse downloaded packages on subsequent runs

Machine: ian-desktop  AMD Ryzen 9 5950X 16-Core Processor  32 threads  62.7 GiB  Linux 6.8.0-124-generic
  pr62725        1.14.0-DEV.2954  f7346e61450  2026-08-14 17:35 UTC
Metadata: /home/ian/Documents/GitHub/Julia-TTFX-Snippets/analysis/results_pr62725-meta.json

=== Julia pr62725 ===
  Attractors/Multistability-Of-Discrete-Time-Systems  ERROR: precompile: process failed
--- stderr ---
Precompiling project...
   1.1 s  ✓ StatsAPI
   1.2 s  ✓ ConstructionBase
   1.1 s  ✓ IterTools
   1.2 s  ✓ DataValueInterfaces
   1.1 s  ✓ LaTeXStrings
   1.1 s  ✓ TestItems
   1.1 s  ✓ CommonSolve
   1.1 s  ✓ StaticArraysCore
   1.2 s  ✓ Reexport
   1.1 s  ✓ Statistics
   1.1 s  ✓ Inflate
   1.1 s  ✓ ChunkSplitters
   1.1 s  ✓ Combinatorics
   1.3 s  ✓ IrrationalConstants
   0.5 s  ✓ ConstructionBase → ConstructionBaseLinearAlgebraExt
   1.7 s  ✓ MacroTools
   0.6 s  ✓ DataAPI
   0.6 s  ✓ FastPower
   0.7 s  ✓ BinaryHeaps
   0.6 s  ✓ InverseFunctions
   0.6 s  ✓ TaskLocalValues
   0.6 s  ✓ DiffResults
   0.6 s  ✓ Adapt
   0.7 s  ✓ PtrArrays
   0.6 s  ✓ SciMLPublic
   0.6 s  ✓ PositiveFactorizations
   0.7 s  ✓ VectorInterface
   0.8 s  ✓ EnzymeCore
   0.4 s  ✓ EnumX
   0.5 s  ✓ AbstractFFTs
   0.4 s  ✓ ExprTools
   0.4 s  ✓ ConcreteStructs
   0.4 s  ✓ HashArrayMappedTries
   0.5 s  ✓ Missings
   0.5 s  ✓ IteratorInterfaceExtensions
   0.4 s  ✓ PackageExtensionCompat
ERROR: Unable to load dependent library /home/ian/.julia/juliaup/julia-pr62725/bin/../lib/julia/libopenlibm.so
Message:/home/ian/.julia/juliaup/julia-pr62725/bin/../lib/julia/libopenlibm.so: cannot open shared object file: No such file or directory
              ✗ Preferences
fatal: error thrown and no exception handler available.
Core.InitError(mod=:CompilerSupportLibraries_jll, error=ErrorException("could not load library \"libjulia-internal\"\nlibjulia-internal.so: cannot open shared object file: No such file or directory"))
ijl_errorf at /home/ian/.julia/juliaup/julia-pr62725/bin/../lib/julia/libjulia-internal.so.1.14 (unknown line)
ijl_load_dynamic_library at /home/ian/.julia/juliaup/julia-pr62725/bin/../lib/julia/libjulia-internal.so.1.14 (unknown line)
unknown function (ip: 0x7d92be03208f) at /home/ian/.julia/juliaup/julia-pr62725/lib/julia/sys.so
unknown function (ip: 0x7d92bc90ad94) at /home/ian/.julia/juliaup/julia-pr62725/lib/julia/sys.so
unknown function (ip: 0x7d92bcc028b7) at /home/ian/.julia/juliaup/julia-pr62725/lib/julia/sys.so
unknown function (ip: 0x7d92be237a33) at /home/ian/.julia/juliaup/julia-pr62725/lib/julia/sys.so
unknown function (ip: 0x7d92d10a0bfd) at /home/ian/.julia/juliaup/julia-pr62725/bin/../lib/julia/libjulia-internal.so.1.14
unknown function (ip: 0x7d92d1086877) at /home/ian/.julia/juliaup/julia-pr62725/bin/../lib/julia/libjulia-internal.so.1.14
ijl_init_ at /home/ian/.julia/juliaup/julia-pr62725/bin/../lib/julia/libjulia-internal.so.1.14 (unknown line)
jl_repl_entrypoint at /home/ian/.julia/juliaup/julia-pr62725/bin/../lib/julia/libjulia-internal.so.1.14 (unknown line)
main at /cache/build/builder-amdci4-11/julialang/julia-pr/cli/loader_exe.c:117:15
unknown function (ip: 0x7d92d1a2a1c9) at /lib/x86_64-linux-gnu/libc.so.6
__libc_start_main at /lib/x86_64-linux-gnu/libc.so.6 (unknown line)
unknown function (ip: 0x4010b8) at /workspace/srcdir/glibc-2.17/csu/../sysdeps/x86_64/start.S
fatal: error thrown and no exception handler available.
Core.InitError(mod=:CompilerSupportLibraries_jll, error=ErrorException("could not load library \"libjulia-internal\"\nlibjulia-internal.so: cannot open shared object file: No such file or directory"))
ijl_errorf at /home/ian/.julia/juliaup/julia-pr62725/bin/../lib/julia/libjulia-internal.so.1.14 (unknown line)
ijl_load_dynamic_library at /home/ian/.julia/juliaup/julia-pr62725/bin/../lib/julia/libjulia-internal.so.1.14 (unknown line)
unknown function (ip: 0x775ea603208f) at /home/ian/.julia/juliaup/julia-pr62725/lib/julia/sys.so
unknown function (ip: 0x775ea490ad94) at /home/ian/.julia/juliaup/julia-pr62725/lib/julia/sys.so
unknown function (ip: 0x775ea4c028b7) at /home/ian/.julia/juliaup/julia-pr62725/lib/julia/sys.so
unknown function (ip: 0x775ea6237a33) at /home/ian/.julia/juliaup/julia-pr62725/lib/julia/sys.so
unknown function (ip: 0x775eb90a0bfd) at /home/ian/.julia/juliaup/julia-pr62725/bin/../lib/julia/libjulia-internal.so.1.14
unknown function (ip: 0x775eb9086877) at /home/ian/.julia/juliaup/julia-pr62725/bin/../lib/julia/libjulia-internal.so.1.14
ijl_init_ at /home/ian/.julia/juliaup/julia-pr62725/bin/../lib/julia/libjulia-internal.so.1.14 (unknown line)
jl_repl_entrypoint at /home/ian/.julia/juliaup/julia-pr62725/bin/../lib/julia/libjulia-internal.so.1.14 (unknown line)
main at /home/ian/.julia/juliaup/julia-pr62725/bin/julia (unknown line)
unknown function (ip: 0x775eb9a2a1c9) at /lib/x86_64-linux-gnu/libc.so.6
__libc_start_main at /lib/x86_64-linux-gnu/libc.so.6 (unknown line)
unknown function (ip: 0x4010b8) at /home/ian/.julia/juliaup/julia-pr62725/bin/julia
              ✗ InverseFunctions → InverseFunctionsTestExt
              ✗ InverseFunctions → InverseFunctionsDatesExt
              ✗ ProgressMeter
              ✗ StableTasks
              ✗ PDMats
              ✗ Statistics → SparseArraysExt
              ✗ Distances
              ✗ CompositionsBase
              ✗ AbstractTrees
              ✗ CommonSubexpressions
              ✗ SimpleTraits
              ✗ Setfield
              ✗ ADTypes
              ✗ ArrayInterface
              ✗ Adapt → AdaptSparseArraysExt
              ✗ GPUArraysCore
              ✗ DocStringExtensions
              ✗ AliasTables
              ✗ FastClosures
              ✗ EnzymeCore → AdaptExt
              ✗ AbstractFFTs → AbstractFFTsTestExt
              ✗ RuntimeGeneratedFunctions
              ✗ ScopedValues
              ✗ TableTraits
              ✗ KrylovKit
              ✗ PrecompileTools
              ✗ JLLWrappers
              ✗ TruncatedStacktraces
              ✗ Distances → DistancesSparseArraysExt
              ✗ CompositionsBase → CompositionsBaseInverseFunctionsExt
              ✗ ADTypes → ADTypesConstructionBaseExt
              ✗ DifferentiationInterface
              ✗ ADTypes → ADTypesEnzymeCoreExt
              ✗ FastBroadcast
              ✗ ArrayInterface → ArrayInterfaceStaticArraysCoreExt
              ✗ OrderedCollections
              ✗ MaybeInplace
              ✗ ArrayInterface → ArrayInterfaceSparseArraysExt
              ✗ ArrayInterface → ArrayInterfaceGPUArraysCoreExt
              ✗ LogExpFunctions
              ✗ StringManipulation
              ✗ StaticArrays
              ✗ FindFirstFunctions
              ✗ MuladdMacro
              ✗ RecipesBase
              ✗ SciMLStructures
              ✗ PreallocationTools
              ✗ Rmath_jll
              ✗ OpenSpecFun_jll
              ✗ IntelOpenMP_jll
              ✗ oneTBB_jll
              ✗ FFTW_jll
              ✗ Accessors
              ✗ DifferentiationInterface → DifferentiationInterfaceGPUArraysCoreExt
              ✗ DifferentiationInterface → DifferentiationInterfaceSparseArraysExt
              ✗ FiniteDiff
              ✗ Polynomials
              ✗ DataStructures
              ✗ Tables
              ✗ MaybeInplace → MaybeInplaceSparseArraysExt
              ✗ LogExpFunctions → LogExpFunctionsInverseFunctionsExt
              ✗ PoissonRandom
              ✗ ArnoldiMethod
              ✗ ResettableStacks
              ✗ BijectiveHilbert
              ✗ StaticArrays → StaticArraysStatisticsExt
              ✗ ConstructionBase → ConstructionBaseStaticArraysExt
              ✗ Adapt → AdaptStaticArraysExt
              ✗ VectorInterface → VectorInterfaceStaticArraysExt
              ✗ DifferentiationInterface → DifferentiationInterfaceStaticArraysExt
              ✗ PreallocationTools → PreallocationToolsEnzymeCoreExt
              ✗ Rmath
              ✗ SpecialFunctions
fatal: error thrown and no exception handler available.
Core.InitError(mod=:CompilerSupportLibraries_jll, error=ErrorException("could not load library \"libjulia-internal\"\nlibjulia-internal.so: cannot open shared object file: No such file or directory"))
ijl_errorf at /home/ian/.julia/juliaup/julia-pr62725/bin/../lib/julia/libjulia-internal.so.1.14 (unknown line)
ijl_load_dynamic_library at /home/ian/.julia/juliaup/julia-pr62725/bin/../lib/julia/libjulia-internal.so.1.14 (unknown line)
unknown function (ip: 0x7080c983208f) at /home/ian/.julia/juliaup/julia-pr62725/lib/julia/sys.so
unknown function (ip: 0x7080c810ad94) at /home/ian/.julia/juliaup/julia-pr62725/lib/julia/sys.so
unknown function (ip: 0x7080c84028b7) at /home/ian/.julia/juliaup/julia-pr62725/lib/julia/sys.so
unknown function (ip: 0x7080c9a37a33) at /home/ian/.julia/juliaup/julia-pr62725/lib/julia/sys.so
unknown function (ip: 0x7080dc8a0bfd) at /home/ian/.julia/juliaup/julia-pr62725/bin/../lib/julia/libjulia-internal.so.1.14
unknown function (ip: 0x7080dc886877) at /home/ian/.julia/juliaup/julia-pr62725/bin/../lib/julia/libjulia-internal.so.1.14
ijl_init_ at /home/ian/.julia/juliaup/julia-pr62725/bin/../lib/julia/libjulia-internal.so.1.14 (unknown line)
jl_repl_entrypoint at /home/ian/.julia/juliaup/julia-pr62725/bin/../lib/julia/libjulia-internal.so.1.14 (unknown line)
main at /home/ian/.julia/juliaup/julia-pr62725/bin/julia (unknown line)
unknown function (ip: 0x7080dd42a1c9) at /lib/x86_64-linux-gnu/libc.so.6
__libc_start_main at /lib/x86_64-linux-gnu/libc.so.6 (unknown line)
unknown function (ip: 0x4010b8) at /home/ian/.julia/juliaup/julia-pr62725/bin/julia
              ✗ FunctionWrappers
              ✗ MKL_jll
              ✗ Accessors → StaticArraysExt
              ✗ Accessors → TestExt
              ✗ Accessors → LinearAlgebraExt
              ✗ Compat
              ✗ FiniteDiff → FiniteDiffStaticArraysExt
              ✗ FiniteDiff → FiniteDiffSparseArraysExt
              ✗ DifferentiationInterface → DifferentiationInterfaceFiniteDiffExt
              ✗ Polynomials → PolynomialsRecipesBaseExt
              ✗ SortingAlgorithms
              ✗ QuadGK
              ✗ NearestNeighbors
              ✗ Graphs
              ✗ StochasticDiffEqLevyArea
              ✗ FunctionWrappersWrappers
              ✗ FFTW
              ✗ SciMLOperators
              ✗ SymbolicIndexingInterface
              ✗ Roots
              ✗ Compat → CompatLinearAlgebraExt
              ✗ NLSolversBase
              ✗ StatsBase
              ✗ InitialValues
              ✗ Neighborhood
              ✗ RespecializeParams
              ✗ Polynomials → PolynomialsFFTWExt
              ✗ Gamma
              ✗ SciMLOperators → SciMLOperatorsSparseArraysExt
              ✗ RecursiveArrayTools
              ✗ PDMats → StatsBaseExt
              ✗ Clustering
              ✗ BangBang
              ✗ StateSpaceSets
              ✗ HypergeometricFunctions
              ✗ RecursiveArrayTools → RecursiveArrayToolsSparseArraysExt
              ✗ RecursiveArrayTools → RecursiveArrayToolsTablesExt
              ✗ RecursiveArrayTools → RecursiveArrayToolsFastBroadcastExt
              ✗ RecursiveArrayTools → RecursiveArrayToolsStatisticsExt
              ✗ OhMyThreads
              ✗ BangBang → BangBangTablesExt
              ✗ BangBang → BangBangStaticArraysExt
              ✗ StatsFuns
              ✗ OhMyThreads → MarkdownExt
              ✗ OhMyThreads → ProgressMeterExt
              ✗ StatsFuns → StatsFunsInverseFunctionsExt
              ✗ NaNMath
              ✗ DiffRules
              ✗ LineSearches
              ✗ ForwardDiff
              ✗ ForwardDiff → ForwardDiffStaticArraysExt
              ✗ FastPower → FastPowerForwardDiffExt
              ✗ DifferentiationInterface → DifferentiationInterfaceForwardDiffExt
              ✗ PreallocationTools → PreallocationToolsForwardDiffExt
              ✗ Roots → RootsForwardDiffExt
              ✗ RecursiveArrayTools → RecursiveArrayToolsForwardDiffExt
   1.0 s  ✓ FillArrays
   1.2 s  ✓ Bessels
   0.3 s  ✓ FillArrays → FillArraysStatisticsExt
ERROR: LoadError: Precompiled image Base.PkgId(Base.UUID("ade2ca70-3891-5945-98fb-dc099432e06a"), "Dates") not available with flags CacheFlags(; use_pkgimages=true, debug_level=1, check_bounds=0, inline=true, opt_level=2)
Stacktrace:
 [1] top-level scope
   @ /tmp/julia-ttfx-depot/packages/LoggingExtras/IICqi/src/Sinks/datetime_rotation.jl:1
 [2] top-level scope
   @ /tmp/julia-ttfx-depot/packages/LoggingExtras/IICqi/src/LoggingExtras.jl:38
 [3] top-level scope
   @ stdin:5
in expression starting at /tmp/julia-ttfx-depot/packages/LoggingExtras/IICqi/src/Sinks/datetime_rotation.jl:1
in expression starting at /tmp/julia-ttfx-depot/packages/LoggingExtras/IICqi/src/LoggingExtras.jl:1
in expression starting at stdin:5
              ✗ LoggingExtras
ERROR: LoadError: Precompiled image Base.PkgId(Base.UUID("4fba245c-0d91-5ea0-9b3e-6abc04ee57a9"), "ArrayInterface") not available with flags CacheFlags(; use_pkgimages=true, debug_level=1, check_bounds=0, inline=true, opt_level=2)
Stacktrace:
 [1] error(s::String)
   @ Base error.jl:56
 [2] require(into::Module, mod::Symbol)
   @ Base loading.jl:2661 [inlined]
 [3] top-level scope
   @ /tmp/julia-ttfx-depot/packages/ArrayInterface/MXs83/ext/ArrayInterfaceFillArraysExt.jl:3
 [4] include(mod::Module, _path::String)
   @ Base Base.jl:334
 [5] top-level scope
   @ stdin:5
in expression starting at /tmp/julia-ttfx-depot/packages/ArrayInterface/MXs83/ext/ArrayInterfaceFillArraysExt.jl:1
in expression starting at stdin:5
              ✗ ArrayInterface → ArrayInterfaceFillArraysExt
   0.8 s  ✓ FillArrays → FillArraysSparseArraysExt
   1.4 s  ✓ Crayons
ERROR: LoadError: Precompiled image Base.PkgId(Base.UUID("7a1cc6ca-52ef-59f5-83cd-3a7055c09341"), "FFTW") not available with flags CacheFlags(; use_pkgimages=true, debug_level=1, check_bounds=0, inline=true, opt_level=2)
Stacktrace:
 [1] error(s::String)
   @ Base error.jl:56
 [2] require(into::Module, mod::Symbol)
   @ Base loading.jl:2661 [inlined]
 [3] top-level scope
   @ /tmp/julia-ttfx-depot/packages/DSP/5rRyc/src/DSP.jl:3
 [4] include(mod::Module, _path::String)
   @ Base Base.jl:334
 [5] top-level scope
   @ stdin:5
in expression starting at /tmp/julia-ttfx-depot/packages/DSP/5rRyc/src/DSP.jl:1
in expression starting at stdin:5
              ✗ DSP
ERROR: LoadError: Precompiled image Base.PkgId(Base.UUID("90014a1f-27ba-587c-ab20-58faa44d9150"), "PDMats") not available with flags CacheFlags(; use_pkgimages=true, debug_level=1, check_bounds=0, inline=true, opt_level=2)
Stacktrace:
 [1] error(s::String)
   @ Base error.jl:56
 [2] require(into::Module, mod::Symbol)
   @ Base loading.jl:2661 [inlined]
 [3] top-level scope
   @ /tmp/julia-ttfx-depot/packages/FillArrays/zA1cC/ext/FillArraysPDMatsExt.jl:5
 [4] include(mod::Module, _path::String)
   @ Base Base.jl:334
 [5] top-level scope
   @ stdin:5
in expression starting at /tmp/julia-ttfx-depot/packages/FillArrays/zA1cC/ext/FillArraysPDMatsExt.jl:1
in expression starting at stdin:5
ERROR: LoadError: Precompiled image Base.PkgId(Base.UUID("90137ffa-7385-5640-81b9-e52037218182"), "StaticArrays") not available with flags CacheFlags(; use_pkgimages=true, debug_level=1, check_bounds=0, inline=true, opt_level=2)
Stacktrace:
 [1] error(s::String)
   @ Base error.jl:56
 [2] require(into::Module, mod::Symbol)
   @ Base loading.jl:2661 [inlined]
 [3] top-level scope
   @ /tmp/julia-ttfx-depot/packages/FillArrays/zA1cC/ext/FillArraysStaticArraysExt.jl:4
 [4] include(mod::Module, _path::String)
   @ Base Base.jl:334
 [5] top-level scope
   @ stdin:5
in expression starting at /tmp/julia-ttfx-depot/packages/FillArrays/zA1cC/ext/FillArraysStaticArraysExt.jl:1
in expression starting at stdin:5
              ✗ FillArrays → FillArraysPDMatsExt
              ✗ FillArrays → FillArraysStaticArraysExt
ERROR: LoadError: Precompiled image Base.PkgId(Base.UUID("e6f89c97-d47a-5376-807f-9c37f3926c36"), "LoggingExtras") not available with flags CacheFlags(; use_pkgimages=true, debug_level=1, check_bounds=0, inline=true, opt_level=2)
Stacktrace:
 [1] error(s::String)
   @ Base error.jl:56
 [2] require(into::Module, mod::Symbol)
   @ Base loading.jl:2661 [inlined]
 [3] top-level scope
   @ /tmp/julia-ttfx-depot/packages/SciMLLogging/16brH/src/SciMLLogging.jl:5
 [4] include(mod::Module, _path::String)
   @ Base Base.jl:334
 [5] top-level scope
   @ stdin:5
in expression starting at /tmp/julia-ttfx-depot/packages/SciMLLogging/16brH/src/SciMLLogging.jl:1
in expression starting at stdin:5
              ✗ SciMLLogging
ERROR: LoadError: Precompiled image Base.PkgId(Base.UUID("47edcb42-4c32-4615-8424-f2b9edc5f35b"), "ADTypes") not available with flags CacheFlags(; use_pkgimages=true, debug_level=1, check_bounds=0, inline=true, opt_level=2)
Stacktrace:
 [1] error(s::String)
   @ Base error.jl:56
 [2] require(into::Module, mod::Symbol)
   @ Base loading.jl:2661 [inlined]
 [3] top-level scope
   @ /tmp/julia-ttfx-depot/packages/Optim/4rXX6/src/Optim.jl:19
 [4] include(mod::Module, _path::String)
   @ Base Base.jl:334
 [5] top-level scope
   @ stdin:5
in expression starting at /tmp/julia-ttfx-depot/packages/Optim/4rXX6/src/Optim.jl:1
in expression starting at stdin:5
              ✗ Optim
ERROR: LoadError: Precompiled image Base.PkgId(Base.UUID("892a3eda-7b42-436c-8928-eab12a02cf0e"), "StringManipulation") not available with flags CacheFlags(; use_pkgimages=true, debug_level=1, check_bounds=0, inline=true, opt_level=2)
Stacktrace:
 [1] error(s::String)
   @ Base error.jl:56
 [2] require(into::Module, mod::Symbol)
   @ Base loading.jl:2661 [inlined]
 [3] top-level scope
   @ /tmp/julia-ttfx-depot/packages/PrettyTables/hZZBp/src/PrettyTables.jl:6
 [4] include(mod::Module, _path::String)
   @ Base Base.jl:334
 [5] top-level scope
   @ stdin:5
in expression starting at /tmp/julia-ttfx-depot/packages/PrettyTables/hZZBp/src/PrettyTables.jl:1
in expression starting at stdin:5
              ✗ PrettyTables
ERROR: LoadError: Precompiled image Base.PkgId(Base.UUID("276daf66-3868-5448-9aa4-cd146d93841b"), "SpecialFunctions") not available with flags CacheFlags(; use_pkgimages=true, debug_level=1, check_bounds=0, inline=true, opt_level=2)
Stacktrace:
 [1] error(s::String)
   @ Base error.jl:56
 [2] require(into::Module, mod::Symbol)
   @ Base loading.jl:2661 [inlined]
 [3] top-level scope
   @ /tmp/julia-ttfx-depot/packages/Wavelets/Wci23/src/Wavelets.jl:4
 [4] include(mod::Module, _path::String)
   @ Base Base.jl:334
 [5] top-level scope
   @ stdin:5
in expression starting at /tmp/julia-ttfx-depot/packages/Wavelets/Wci23/src/Wavelets.jl:3
in expression starting at stdin:5
              ✗ Wavelets
ERROR: LoadError: Precompiled image Base.PkgId(Base.UUID("2913bbd2-ae8a-5f71-8c99-4fb6c76f3a91"), "StatsBase") not available with flags CacheFlags(; use_pkgimages=true, debug_level=1, check_bounds=0, inline=true, opt_level=2)
Stacktrace:
 [1] error(s::String)
   @ Base error.jl:56
 [2] require(into::Module, mod::Symbol)
   @ Base loading.jl:2661 [inlined]
 [3] top-level scope
   @ /tmp/julia-ttfx-depot/packages/Distributions/5E8z3/src/Distributions.jl:3
 [4] include(mod::Module, _path::String)
   @ Base Base.jl:334
 [5] top-level scope
   @ stdin:5
in expression starting at /tmp/julia-ttfx-depot/packages/Distributions/5E8z3/src/Distributions.jl:1
in expression starting at stdin:5
              ✗ Distributions
ERROR: LoadError: Precompiled image Base.PkgId(Base.UUID("3cdcf5f2-1ef4-517c-9805-6587b60abb01"), "RecipesBase") not available with flags CacheFlags(; use_pkgimages=true, debug_level=1, check_bounds=0, inline=true, opt_level=2)
Stacktrace:
 [1] error(s::String)
   @ Base error.jl:56
 [2] require(into::Module, mod::Symbol)
   @ Base loading.jl:2661 [inlined]
 [3] top-level scope
   @ /tmp/julia-ttfx-depot/packages/SciMLBase/bd9S4/src/SciMLBase.jl:7
 [4] include(mod::Module, _path::String)
   @ Base Base.jl:334
 [5] top-level scope
   @ stdin:5
in expression starting at /tmp/julia-ttfx-depot/packages/SciMLBase/bd9S4/src/SciMLBase.jl:1
in expression starting at stdin:5
              ✗ SciMLBase
ERROR: LoadError: Precompiled image Base.PkgId(Base.UUID("08abe8d2-0d0c-5749-adfa-8a2ac140af0d"), "PrettyTables") not available with flags CacheFlags(; use_pkgimages=true, debug_level=1, check_bounds=0, inline=true, opt_level=2)
Stacktrace:
 [1] error(s::String)
   @ Base error.jl:56
 [2] require(into::Module, mod::Symbol)
   @ Base loading.jl:2661 [inlined]
 [3] top-level scope
   @ /tmp/julia-ttfx-depot/packages/TimerOutputs/Iw8EV/src/TimerOutputs.jl:5
 [4] include(mod::Module, _path::String)
   @ Base Base.jl:334
 [5] top-level scope
   @ stdin:5
in expression starting at /tmp/julia-ttfx-depot/packages/TimerOutputs/Iw8EV/src/TimerOutputs.jl:1
in expression starting at stdin:5
              ✗ TimerOutputs
ERROR: LoadError: Precompiled image Base.PkgId(Base.UUID("2efcf032-c050-4f8e-a9bb-153293bab1f5"), "SymbolicIndexingInterface") not available with flags CacheFlags(; use_pkgimages=true, debug_level=1, check_bounds=0, inline=true, opt_level=2)
Stacktrace:
 [1] error(s::String)
   @ Base error.jl:56
 [2] require(into::Module, mod::Symbol)
   @ Base loading.jl:2661 [inlined]
 [3] top-level scope
   @ /tmp/julia-ttfx-depot/packages/SymbolicIndexingInterface/R2GCp/ext/SymbolicIndexingInterfacePrettyTablesExt/SymbolicIndexingInterfacePrettyTablesExt.jl:3
 [4] include(mod::Module, _path::String)
   @ Base Base.jl:334
 [5] top-level scope
   @ stdin:5
in expression starting at /tmp/julia-ttfx-depot/packages/SymbolicIndexingInterface/R2GCp/ext/SymbolicIndexingInterfacePrettyTablesExt/SymbolicIndexingInterfacePrettyTablesExt.jl:1
in expression starting at stdin:5
              ✗ SymbolicIndexingInterface → SymbolicIndexingInterfacePrettyTablesExt
ERROR: LoadError: Precompiled image Base.PkgId(Base.UUID("34da2185-b29b-5c13-b0c7-acf172513d20"), "Compat") not available with flags CacheFlags(; use_pkgimages=true, debug_level=1, check_bounds=0, inline=true, opt_level=2)
Stacktrace:
 [1] error(s::String)
   @ Base error.jl:56
 [2] require(into::Module, mod::Symbol)
   @ Base loading.jl:2661 [inlined]
 [3] top-level scope
   @ /tmp/julia-ttfx-depot/packages/BlackBoxOptim/IHv3c/src/BlackBoxOptim.jl:9
 [4] include(mod::Module, _path::String)
   @ Base Base.jl:334
 [5] top-level scope
   @ stdin:5
in expression starting at /tmp/julia-ttfx-depot/packages/BlackBoxOptim/IHv3c/src/BlackBoxOptim.jl:1
in expression starting at stdin:5
              ✗ BlackBoxOptim
ERROR: LoadError: Precompiled image Base.PkgId(Base.UUID("31c24e10-a181-5473-b8eb-7969acd0382f"), "Distributions") not available with flags CacheFlags(; use_pkgimages=true, debug_level=1, check_bounds=0, inline=true, opt_level=2)
Stacktrace:
 [1] error(s::String)
   @ Base error.jl:56
 [2] require(into::Module, mod::Symbol)
   @ Base loading.jl:2661 [inlined]
 [3] top-level scope
   @ /tmp/julia-ttfx-depot/packages/Distributions/5E8z3/ext/DistributionsTestExt.jl:3
 [4] include(mod::Module, _path::String)
   @ Base Base.jl:334
 [5] top-level scope
   @ stdin:5
in expression starting at /tmp/julia-ttfx-depot/packages/Distributions/5E8z3/ext/DistributionsTestExt.jl:1
in expression starting at stdin:5
              ✗ Distributions → DistributionsTestExt
ERROR: LoadError: Precompiled image Base.PkgId(Base.UUID("0bca4576-84f4-4d90-8ffe-ffa030f20462"), "SciMLBase") not available with flags CacheFlags(; use_pkgimages=true, debug_level=1, check_bounds=0, inline=true, opt_level=2)
Stacktrace:
ERROR: LoadError: Precompiled image Base.PkgId(Base.UUID("31c24e10-a181-5473-b8eb-7969acd0382f"), "Distributions") not available with flags CacheFlags(; use_pkgimages=true, debug_level=1, check_bounds=0, inline=true, opt_level=2)
Stacktrace:
 [1] error(s::String)
   @ Base error.jl:56
 [2] require(into::Module, mod::Symbol)
   @ Base loading.jl:2661 [inlined]
 [3] top-level scope
   @ /tmp/julia-ttfx-depot/packages/SciMLBase/bd9S4/ext/SciMLBaseStaticArraysExt.jl:3
 [4] include(mod::Module, _path::String)
 [1] error(s::String)
   @ Base Base.jl:334
 [5] top-level scope
   @ stdin:5
in expression starting at /tmp/julia-ttfx-depot/packages/SciMLBase/bd9S4/ext/SciMLBaseStaticArraysExt.jl:1
in expression starting at stdin:5
   @ Base error.jl:56
 [2] require(into::Module, mod::Symbol)
   @ Base loading.jl:2661 [inlined]
 [3] top-level scope
   @ /tmp/julia-ttfx-depot/packages/SciMLBase/bd9S4/ext/SciMLBaseDistributionsExt.jl:3
 [4] include(mod::Module, _path::String)
   @ Base Base.jl:334
 [5] top-level scope
   @ stdin:5
in expression starting at /tmp/julia-ttfx-depot/packages/SciMLBase/bd9S4/ext/SciMLBaseDistributionsExt.jl:1
in expression starting at stdin:5
ERROR: LoadError: Precompiled image Base.PkgId(Base.UUID("a0c0ee7d-e4b9-4e03-894e-1c5f64a51d63"), "DifferentiationInterface") not available with flags CacheFlags(; use_pkgimages=true, debug_level=1, check_bounds=0, inline=true, opt_level=2)
Stacktrace:
 [1] error(s::String)
   @ Base error.jl:56
 [2] require(into::Module, mod::Symbol)
   @ Base loading.jl:2661 [inlined]
 [3] top-level scope
   @ /tmp/julia-ttfx-depot/packages/SciMLBase/bd9S4/ext/SciMLBaseDifferentiationInterfaceExt.jl:3
 [4] include(mod::Module, _path::String)
   @ Base Base.jl:334
 [5] top-level scope
   @ stdin:5
in expression starting at /tmp/julia-ttfx-depot/packages/SciMLBase/bd9S4/ext/SciMLBaseDifferentiationInterfaceExt.jl:1
in expression starting at stdin:5
ERROR: LoadError: Precompiled image Base.PkgId(Base.UUID("f6369f11-7733-5829-9624-2563aa707210"), "ForwardDiff") not available with flags CacheFlags(; use_pkgimages=true, debug_level=1, check_bounds=0, inline=true, opt_level=2)
Stacktrace:
 [1] error(s::String)
   @ Base error.jl:56
 [2] require(into::Module, mod::Symbol)
   @ Base loading.jl:2661 [inlined]
 [3] top-level scope
   @ /tmp/julia-ttfx-depot/packages/SciMLBase/bd9S4/ext/SciMLBaseForwardDiffExt.jl:3
 [4] include(mod::Module, _path::String)
   @ Base Base.jl:334
 [5] top-level scope
   @ stdin:5
in expression starting at /tmp/julia-ttfx-depot/packages/SciMLBase/bd9S4/ext/SciMLBaseForwardDiffExt.jl:1
in expression starting at stdin:5
              ✗ SciMLBase → SciMLBaseStaticArraysExt
              ✗ SciMLBase → SciMLBaseDistributionsExt
              ✗ SciMLBase → SciMLBaseDifferentiationInterfaceExt
              ✗ SciMLBase → SciMLBaseForwardDiffExt
ERROR: LoadError: Precompiled image Base.PkgId(Base.UUID("47edcb42-4c32-4615-8424-f2b9edc5f35b"), "ADTypes") not available with flags CacheFlags(; use_pkgimages=true, debug_level=1, check_bounds=0, inline=true, opt_level=2)
Stacktrace:
 [1] error(s::String)
   @ Base error.jl:56
 [2] require(into::Module, mod::Symbol)
   @ Base loading.jl:2661 [inlined]
 [3] top-level scope
   @ /tmp/julia-ttfx-depot/packages/SciMLJacobianOperators/4NbYQ/src/SciMLJacobianOperators.jl:3
 [4] include(mod::Module, _path::String)
   @ Base Base.jl:334
 [5] top-level scope
   @ stdin:5
in expression starting at /tmp/julia-ttfx-depot/packages/SciMLJacobianOperators/4NbYQ/src/SciMLJacobianOperators.jl:1
in expression starting at stdin:5
              ✗ SciMLJacobianOperators
ERROR: LoadError: Precompiled image Base.PkgId(Base.UUID("40b095a5-5852-4c12-98c7-d43bf788e795"), "StateSpaceSets") not available with flags CacheFlags(; use_pkgimages=true, debug_level=1, check_bounds=0, inline=true, opt_level=2)
Stacktrace:
 [1] error(s::String)
   @ Base error.jl:56
 [2] require(into::Module, mod::Symbol)
   @ Base loading.jl:2661 [inlined]
 [3] top-level scope
   @ /tmp/julia-ttfx-depot/packages/DelayEmbeddings/AV1Ee/src/DelayEmbeddings.jl:11
 [4] include(mod::Module, _path::String)
   @ Base Base.jl:334
 [5] top-level scope
   @ stdin:5
in expression starting at /tmp/julia-ttfx-depot/packages/DelayEmbeddings/AV1Ee/src/DelayEmbeddings.jl:1
in expression starting at stdin:5
              ✗ DelayEmbeddings
ERROR: LoadError: Precompiled image Base.PkgId(Base.UUID("34da2185-b29b-5c13-b0c7-acf172513d20"), "Compat") not available with flags CacheFlags(; use_pkgimages=true, debug_level=1, check_bounds=0, inline=true, opt_level=2)
Stacktrace:
ERROR: LoadError: Precompiled image Base.PkgId(Base.UUID("47edcb42-4c32-4615-8424-f2b9edc5f35b"), "ADTypes") not available with flags CacheFlags(; use_pkgimages=true, debug_level=1, check_bounds=0, inline=true, opt_level=2)
Stacktrace:
 [1] error(s::String)
   @ Base error.jl:56
 [2] require(into::Module, mod::Symbol)
   @ Base loading.jl:2661 [inlined]
 [3] top-level scope
   @ /tmp/julia-ttfx-depot/packages/NonlinearSolveBase/9iy6x/src/NonlinearSolveBase.jl:23
 [4] include(mod::Module, _path::String)
   @ Base Base.jl:334
 [5] top-level scope
   @ stdin:5
in expression starting at /tmp/julia-ttfx-depot/packages/NonlinearSolveBase/9iy6x/src/NonlinearSolveBase.jl:1
in expression starting at stdin:5
 [1] error(s::String)
   @ Base error.jl:56
 [2] require(into::Module, mod::Symbol)
   @ Base loading.jl:2661 [inlined]
 [3] top-level scope
   @ /tmp/julia-ttfx-depot/packages/LineSearch/Sv9nN/src/LineSearch.jl:3
 [4] include(mod::Module, _path::String)
   @ Base Base.jl:334
 [5] top-level scope
   @ stdin:5
in expression starting at /tmp/julia-ttfx-depot/packages/LineSearch/Sv9nN/src/LineSearch.jl:1
in expression starting at stdin:5
              ✗ LineSearch
              ✗ NonlinearSolveBase
ERROR: LoadError: Precompiled image Base.PkgId(Base.UUID("d3d80556-e9d4-5f37-9878-2ab0fcc64255"), "LineSearches") not available with flags CacheFlags(; use_pkgimages=true, debug_level=1, check_bounds=0, inline=true, opt_level=2)
Stacktrace:
 [1] error(s::String)
   @ Base error.jl:56
 [2] require(into::Module, mod::Symbol)
   @ Base loading.jl:2661 [inlined]
 [3] top-level scope
   @ /tmp/julia-ttfx-depot/packages/LineSearch/Sv9nN/ext/LineSearchLineSearchesExt.jl:3
 [4] include(mod::Module, _path::String)
   @ Base Base.jl:334
 [5] top-level scope
   @ stdin:5
in expression starting at /tmp/julia-ttfx-depot/packages/LineSearch/Sv9nN/ext/LineSearchLineSearchesExt.jl:1
in expression starting at stdin:5
ERROR: LoadError: Precompiled image Base.PkgId(Base.UUID("47edcb42-4c32-4615-8424-f2b9edc5f35b"), "ADTypes") not available with flags CacheFlags(; use_pkgimages=true, debug_level=1, check_bounds=0, inline=true, opt_level=2)
Stacktrace:
 [1] error(s::String)
   @ Base error.jl:56
 [2] require(into::Module, mod::Symbol)
   @ Base loading.jl:2661 [inlined]
 [3] top-level scope
   @ /tmp/julia-ttfx-depot/packages/NonlinearSolveBase/9iy6x/ext/NonlinearSolveBaseForwardDiffExt.jl:3
 [4] include(mod::Module, _path::String)
   @ Base Base.jl:334
 [5] top-level scope
   @ stdin:5
in expression starting at /tmp/julia-ttfx-depot/packages/NonlinearSolveBase/9iy6x/ext/NonlinearSolveBaseForwardDiffExt.jl:1
in expression starting at stdin:5
ERROR: LoadError: Precompiled image Base.PkgId(Base.UUID("4fba245c-0d91-5ea0-9b3e-6abc04ee57a9"), "ArrayInterface") not available with flags CacheFlags(; use_pkgimages=true, debug_level=1, check_bounds=0, inline=true, opt_level=2)
Stacktrace:
 [1] error(s::String)
   @ Base error.jl:56
 [2] require(into::Module, mod::Symbol)
   @ Base loading.jl:2661 [inlined]
 [3] top-level scope
   @ /tmp/julia-ttfx-depot/packages/NonlinearSolveBase/9iy6x/ext/NonlinearSolveBaseSparseArraysExt.jl:3
 [4] include(mod::Module, _path::String)
   @ Base Base.jl:334
 [5] top-level scope
   @ stdin:5
in expression starting at /tmp/julia-ttfx-depot/packages/NonlinearSolveBase/9iy6x/ext/NonlinearSolveBaseSparseArraysExt.jl:1
in expression starting at stdin:5
ERROR: LoadError: Precompiled image Base.PkgId(Base.UUID("87fe0de2-c867-4266-b59a-2f0a94fc965b"), "LineSearch") not available with flags CacheFlags(; use_pkgimages=true, debug_level=1, check_bounds=0, inline=true, opt_level=2)
Stacktrace:
ERROR: LoadError: Precompiled image Base.PkgId(Base.UUID("aea7be01-6a6a-4083-8856-8a6e6704d82a"), "PrecompileTools") not available with flags CacheFlags(; use_pkgimages=true, debug_level=1, check_bounds=0, inline=true, opt_level=2)
Stacktrace:
 [1] error(s::String)
   @ Base error.jl:56
 [1] error(s::String)
 [2] require(into::Module, mod::Symbol)
   @ Base loading.jl:2661 [inlined]
 [3] top-level scope
   @ Base error.jl:56
 [2] require(into::Module, mod::Symbol)
   @ Base loading.jl:2661 [inlined]
 [3] top-level scope
   @ /tmp/julia-ttfx-depot/packages/NonlinearSolveBase/9iy6x/ext/NonlinearSolveBaseLineSearchExt.jl:3
 [4] include(mod::Module, _path::String)
   @ Base Base.jl:334
 [5] top-level scope
   @ /tmp/julia-ttfx-depot/packages/BracketingNonlinearSolve/UEmP1/src/BracketingNonlinearSolve.jl:22
 [4] include(mod::Module, _path::String)
   @ stdin:5
in expression starting at /tmp/julia-ttfx-depot/packages/NonlinearSolveBase/9iy6x/ext/NonlinearSolveBaseLineSearchExt.jl:1
in expression starting at stdin:5
   @ Base Base.jl:334
 [5] top-level scope
   @ stdin:5
in expression starting at /tmp/julia-ttfx-depot/packages/BracketingNonlinearSolve/UEmP1/src/BracketingNonlinearSolve.jl:1
in expression starting at stdin:5
              ✗ LineSearch → LineSearchLineSearchesExt
              ✗ NonlinearSolveBase → NonlinearSolveBaseForwardDiffExt
              ✗ NonlinearSolveBase → NonlinearSolveBaseSparseArraysExt
              ✗ BracketingNonlinearSolve
              ✗ NonlinearSolveBase → NonlinearSolveBaseLineSearchExt
ERROR: LoadError: Precompiled image Base.PkgId(Base.UUID("40b095a5-5852-4c12-98c7-d43bf788e795"), "StateSpaceSets") not available with flags CacheFlags(; use_pkgimages=true, debug_level=1, check_bounds=0, inline=true, opt_level=2)
Stacktrace:
 [1] error(s::String)
   @ Base error.jl:56
 [2] require(into::Module, mod::Symbol)
   @ Base loading.jl:2661 [inlined]
 [3] top-level scope
   @ /tmp/julia-ttfx-depot/packages/ComplexityMeasures/IOJr6/src/ComplexityMeasures.jl:11
 [4] include(mod::Module, _path::String)
   @ Base Base.jl:334
 [5] top-level scope
   @ stdin:5
in expression starting at /tmp/julia-ttfx-depot/packages/ComplexityMeasures/IOJr6/src/ComplexityMeasures.jl:1
in expression starting at stdin:5
              ✗ ComplexityMeasures
ERROR: LoadError: Precompiled image Base.PkgId(Base.UUID("f6369f11-7733-5829-9624-2563aa707210"), "ForwardDiff") not available with flags CacheFlags(; use_pkgimages=true, debug_level=1, check_bounds=0, inline=true, opt_level=2)
Stacktrace:
 [1] error(s::String)
   @ Base error.jl:56
 [2] require(into::Module, mod::Symbol)
   @ Base loading.jl:2661 [inlined]
 [3] top-level scope
   @ /tmp/julia-ttfx-depot/packages/BracketingNonlinearSolve/UEmP1/ext/BracketingNonlinearSolveForwardDiffExt.jl:4
 [4] include(mod::Module, _path::String)
   @ Base Base.jl:334
 [5] top-level scope
   @ stdin:5
in expression starting at /tmp/julia-ttfx-depot/packages/BracketingNonlinearSolve/UEmP1/ext/BracketingNonlinearSolveForwardDiffExt.jl:1
in expression starting at stdin:5
ERROR: LoadError: Precompiled image Base.PkgId(Base.UUID("aea7be01-6a6a-4083-8856-8a6e6704d82a"), "PrecompileTools") not available with flags CacheFlags(; use_pkgimages=true, debug_level=1, check_bounds=0, inline=true, opt_level=2)
Stacktrace:
 [1] error(s::String)
   @ Base error.jl:56
 [2] require(into::Module, mod::Symbol)
   @ Base loading.jl:2661 [inlined]
 [3] top-level scope
   @ /tmp/julia-ttfx-depot/packages/DiffEqBase/Nvq2W/src/DiffEqBase.jl:7
 [4] include(mod::Module, _path::String)
   @ Base Base.jl:334
 [5] top-level scope
   @ stdin:5
in expression starting at /tmp/julia-ttfx-depot/packages/DiffEqBase/Nvq2W/src/DiffEqBase.jl:1
in expression starting at stdin:5
              ✗ BracketingNonlinearSolve → BracketingNonlinearSolveForwardDiffExt
              ✗ DiffEqBase
ERROR: LoadError: Precompiled image Base.PkgId(Base.UUID("ffbed154-4ef7-542d-bbb7-c09d3a79fcae"), "DocStringExtensions") not available with flags CacheFlags(; use_pkgimages=true, debug_level=1, check_bounds=0, inline=true, opt_level=2)
Stacktrace:
 [1] error(s::String)
   @ Base error.jl:56
 [2] require(into::Module, mod::Symbol)
   @ Base loading.jl:2661 [inlined]
 [3] top-level scope
   @ /tmp/julia-ttfx-depot/packages/OrdinaryDiffEqCore/NVUZl/src/OrdinaryDiffEqCore.jl:8
 [4] include(mod::Module, _path::String)
   @ Base Base.jl:334
 [5] top-level scope
   @ stdin:5
in expression starting at /tmp/julia-ttfx-depot/packages/OrdinaryDiffEqCore/NVUZl/src/OrdinaryDiffEqCore.jl:1
in expression starting at stdin:5
              ✗ OrdinaryDiffEqCore
ERROR: LoadError: Precompiled image Base.PkgId(Base.UUID("864edb3b-99cc-5e75-8d2d-829cb0a9cfe8"), "DataStructures") not available with flags CacheFlags(; use_pkgimages=true, debug_level=1, check_bounds=0, inline=true, opt_level=2)
Stacktrace:
 [1] error(s::String)
   @ Base error.jl:56
 [2] require(into::Module, mod::Symbol)
   @ Base loading.jl:2661 [inlined]
 [3] top-level scope
   @ /tmp/julia-ttfx-depot/packages/DiffEqCallbacks/EZRac/src/DiffEqCallbacks.jl:4
 [4] include(mod::Module, _path::String)
   @ Base Base.jl:334
 [5] top-level scope
   @ stdin:5
in expression starting at /tmp/julia-ttfx-depot/packages/DiffEqCallbacks/EZRac/src/DiffEqCallbacks.jl:1
in expression starting at stdin:5
ERROR: LoadError: Precompiled image Base.PkgId(Base.UUID("aea7be01-6a6a-4083-8856-8a6e6704d82a"), "PrecompileTools") not available with flags CacheFlags(; use_pkgimages=true, debug_level=1, check_bounds=0, inline=true, opt_level=2)
Stacktrace:
 [1] error(s::String)
   @ Base error.jl:56
 [2] require(into::Module, mod::Symbol)
   @ Base loading.jl:2661 [inlined]
 [3] top-level scope
   @ /tmp/julia-ttfx-depot/packages/SimpleNonlinearSolve/VCSK4/src/SimpleNonlinearSolve.jl:23
 [4] include(mod::Module, _path::String)
   @ Base Base.jl:334
 [5] top-level scope
   @ stdin:5
in expression starting at /tmp/julia-ttfx-depot/packages/SimpleNonlinearSolve/VCSK4/src/SimpleNonlinearSolve.jl:1
in expression starting at stdin:5
ERROR: LoadError: Precompiled image Base.PkgId(Base.UUID("2b5f629d-d688-5b77-993f-72d75c75574e"), "DiffEqBase") not available with flags CacheFlags(; use_pkgimages=true, debug_level=1, check_bounds=0, inline=true, opt_level=2)
Stacktrace:
              ✗ DiffEqCallbacks
 [1] error(s::String)
   @ Base error.jl:56
 [2] require(into::Module, mod::Symbol)
   @ Base loading.jl:2661 [inlined]
 [3] top-level scope
   @ /tmp/julia-ttfx-depot/packages/DiffEqBase/Nvq2W/ext/DiffEqBaseForwardDiffExt.jl:3
 [4] include(mod::Module, _path::String)
   @ Base Base.jl:334
 [5] top-level scope
   @ stdin:5
in expression starting at /tmp/julia-ttfx-depot/packages/DiffEqBase/Nvq2W/ext/DiffEqBaseForwardDiffExt.jl:1
in expression starting at stdin:5
              ✗ SimpleNonlinearSolve
              ✗ DiffEqBase → DiffEqBaseForwardDiffExt
ERROR: LoadError: Precompiled image Base.PkgId(Base.UUID("2b5f629d-d688-5b77-993f-72d75c75574e"), "DiffEqBase") not available with flags CacheFlags(; use_pkgimages=true, debug_level=1, check_bounds=0, inline=true, opt_level=2)
Stacktrace:
 [1] error(s::String)
   @ Base error.jl:56
 [2] require(into::Module, mod::Symbol)
   @ Base loading.jl:2661 [inlined]
 [3] top-level scope
   @ /tmp/julia-ttfx-depot/packages/DiffEqBase/Nvq2W/ext/DiffEqBaseSparseArraysExt.jl:4
 [4] include(mod::Module, _path::String)
   @ Base Base.jl:334
 [5] top-level scope
   @ stdin:5
in expression starting at /tmp/julia-ttfx-depot/packages/DiffEqBase/Nvq2W/ext/DiffEqBaseSparseArraysExt.jl:1
in expression starting at stdin:5
              ✗ DiffEqBase → DiffEqBaseSparseArraysExt
ERROR: LoadError: Precompiled image Base.PkgId(Base.UUID("bbf590c4-e513-4bbe-9b18-05decba2e5d8"), "OrdinaryDiffEqCore") not available with flags CacheFlags(; use_pkgimages=true, debug_level=1, check_bounds=0, inline=true, opt_level=2)
Stacktrace:
 [1] error(s::String)
   @ Base error.jl:56
 [2] require(into::Module, mod::Symbol)
   @ Base loading.jl:2661 [inlined]
 [3] top-level scope
   @ /tmp/julia-ttfx-depot/packages/OrdinaryDiffEqTsit5/OoKHA/src/OrdinaryDiffEqTsit5.jl:3
 [4] include(mod::Module, _path::String)
   @ Base Base.jl:334
 [5] top-level scope
   @ stdin:5
in expression starting at /tmp/julia-ttfx-depot/packages/OrdinaryDiffEqTsit5/OoKHA/src/OrdinaryDiffEqTsit5.jl:1
in expression starting at stdin:5
              ✗ OrdinaryDiffEqTsit5
ERROR: LoadError: Precompiled image Base.PkgId(Base.UUID("bbf590c4-e513-4bbe-9b18-05decba2e5d8"), "OrdinaryDiffEqCore") not available with flags CacheFlags(; use_pkgimages=true, debug_level=1, check_bounds=0, inline=true, opt_level=2)
Stacktrace:
 [1] error(s::String)
   @ Base error.jl:56
 [2] require(into::Module, mod::Symbol)
   @ Base loading.jl:2661 [inlined]
 [3] top-level scope
   @ /tmp/julia-ttfx-depot/packages/OrdinaryDiffEqCore/NVUZl/ext/OrdinaryDiffEqCoreSparseArraysExt.jl:4
 [4] include(mod::Module, _path::String)
   @ Base Base.jl:334
 [5] top-level scope
   @ stdin:5
in expression starting at /tmp/julia-ttfx-depot/packages/OrdinaryDiffEqCore/NVUZl/ext/OrdinaryDiffEqCoreSparseArraysExt.jl:1
in expression starting at stdin:5
ERROR: LoadError: Precompiled image Base.PkgId(Base.UUID("ae5879a3-cd67-5da8-be7f-38c6eb64a37b"), "ResettableStacks") not available with flags CacheFlags(; use_pkgimages=true, debug_level=1, check_bounds=0, inline=true, opt_level=2)
Stacktrace:
              ✗ OrdinaryDiffEqCore → OrdinaryDiffEqCoreSparseArraysExt
 [1] error(s::String)
   @ Base error.jl:56
 [2] require(into::Module, mod::Symbol)
   @ Base loading.jl:2661 [inlined]
 [3] top-level scope
   @ /tmp/julia-ttfx-depot/packages/DiffEqNoiseProcess/VxyK0/src/DiffEqNoiseProcess.jl:3
 [4] include(mod::Module, _path::String)
   @ Base Base.jl:334
 [5] top-level scope
   @ stdin:5
in expression starting at /tmp/julia-ttfx-depot/packages/DiffEqNoiseProcess/VxyK0/src/DiffEqNoiseProcess.jl:1
in expression starting at stdin:5
              ✗ DiffEqNoiseProcess
ERROR: LoadError: Precompiled image Base.PkgId(Base.UUID("2b5f629d-d688-5b77-993f-72d75c75574e"), "DiffEqBase") not available with flags CacheFlags(; use_pkgimages=true, debug_level=1, check_bounds=0, inline=true, opt_level=2)
Stacktrace:
 [1] error(s::String)
   @ Base error.jl:56
 [2] require(into::Module, mod::Symbol)
   @ Base loading.jl:2661 [inlined]
 [3] top-level scope
   @ /tmp/julia-ttfx-depot/packages/JumpProcesses/iCpXi/src/JumpProcesses.jl:4
 [4] include(mod::Module, _path::String)
   @ Base Base.jl:334
 [5] top-level scope
   @ stdin:5
in expression starting at /tmp/julia-ttfx-depot/packages/JumpProcesses/iCpXi/src/JumpProcesses.jl:1
in expression starting at stdin:5
              ✗ JumpProcesses
ERROR: LoadError: Precompiled image Base.PkgId(Base.UUID("77a26b50-5914-5dd7-bc55-306e6241c503"), "DiffEqNoiseProcess") not available with flags CacheFlags(; use_pkgimages=true, debug_level=1, check_bounds=0, inline=true, opt_level=2)
Stacktrace:
 [1] error(s::String)
   @ Base error.jl:56
 [2] require(into::Module, mod::Symbol)
   @ Base loading.jl:2661 [inlined]
 [3] top-level scope
   @ /tmp/julia-ttfx-depot/packages/DiffEqNoiseProcess/VxyK0/ext/DiffEqNoiseProcessOptimExt.jl:3
 [4] include(mod::Module, _path::String)
   @ Base Base.jl:334
 [5] top-level scope
   @ stdin:5
in expression starting at /tmp/julia-ttfx-depot/packages/DiffEqNoiseProcess/VxyK0/ext/DiffEqNoiseProcessOptimExt.jl:1
in expression starting at stdin:5
              ✗ DiffEqNoiseProcess → DiffEqNoiseProcessOptimExt
ERROR: LoadError: Precompiled image Base.PkgId(Base.UUID("ccbc3e58-028d-4f4c-8cd5-9ae44345cda5"), "JumpProcesses") not available with flags CacheFlags(; use_pkgimages=true, debug_level=1, check_bounds=0, inline=true, opt_level=2)
Stacktrace:
 [1] error(s::String)
   @ Base error.jl:56
 [2] require(into::Module, mod::Symbol)
   @ Base loading.jl:2661 [inlined]
 [3] top-level scope
   @ /tmp/julia-ttfx-depot/packages/JumpProcesses/iCpXi/ext/JumpProcessesOrdinaryDiffEqCoreExt.jl:3
 [4] include(mod::Module, _path::String)
   @ Base Base.jl:334
 [5] top-level scope
   @ stdin:5
in expression starting at /tmp/julia-ttfx-depot/packages/JumpProcesses/iCpXi/ext/JumpProcessesOrdinaryDiffEqCoreExt.jl:1
in expression starting at stdin:5
              ✗ JumpProcesses → JumpProcessesOrdinaryDiffEqCoreExt
ERROR: LoadError: Precompiled image Base.PkgId(Base.UUID("2b5f629d-d688-5b77-993f-72d75c75574e"), "DiffEqBase") not available with flags CacheFlags(; use_pkgimages=true, debug_level=1, check_bounds=0, inline=true, opt_level=2)
Stacktrace:
 [1] error(s::String)
   @ Base error.jl:56
 [2] require(into::Module, mod::Symbol)
   @ Base loading.jl:2661 [inlined]
 [3] top-level scope
   @ /tmp/julia-ttfx-depot/packages/StochasticDiffEqCore/UOjTb/src/StochasticDiffEqCore.jl:4
 [4] include(mod::Module, _path::String)
   @ Base Base.jl:334
 [5] top-level scope
   @ stdin:5
in expression starting at /tmp/julia-ttfx-depot/packages/StochasticDiffEqCore/UOjTb/src/StochasticDiffEqCore.jl:1
in expression starting at stdin:5
              ✗ StochasticDiffEqCore
ERROR: LoadError: Precompiled image Base.PkgId(Base.UUID("19c5a474-6cd1-4a5f-be79-46dc34e54d7f"), "StochasticDiffEqCore") not available with flags CacheFlags(; use_pkgimages=true, debug_level=1, check_bounds=0, inline=true, opt_level=2)
Stacktrace:
 [1] error(s::String)
   @ Base error.jl:56
 [2] require(into::Module, mod::Symbol)
   @ Base loading.jl:2661 [inlined]
 [3] top-level scope
   @ /tmp/julia-ttfx-depot/packages/StochasticDiffEqHighOrder/olOVT/src/StochasticDiffEqHighOrder.jl:4
 [4] include(mod::Module, _path::String)
   @ Base Base.jl:334
 [5] top-level scope
   @ stdin:5
in expression starting at /tmp/julia-ttfx-depot/packages/StochasticDiffEqHighOrder/olOVT/src/StochasticDiffEqHighOrder.jl:1
in expression starting at stdin:5
              ✗ StochasticDiffEqHighOrder
ERROR: LoadError: Precompiled image Base.PkgId(Base.UUID("40b095a5-5852-4c12-98c7-d43bf788e795"), "StateSpaceSets") not available with flags CacheFlags(; use_pkgimages=true, debug_level=1, check_bounds=0, inline=true, opt_level=2)
Stacktrace:
 [1] error(s::String)
   @ Base error.jl:56
 [2] require(into::Module, mod::Symbol)
   @ Base loading.jl:2661 [inlined]
 [3] top-level scope
   @ /tmp/julia-ttfx-depot/packages/DynamicalSystemsBase/0lljD/src/DynamicalSystemsBase.jl:11
 [4] include(mod::Module, _path::String)
   @ Base Base.jl:334
 [5] top-level scope
   @ stdin:5
in expression starting at /tmp/julia-ttfx-depot/packages/DynamicalSystemsBase/0lljD/src/DynamicalSystemsBase.jl:1
in expression starting at stdin:5
              ✗ DynamicalSystemsBase
ERROR: LoadError: Precompiled image Base.PkgId(Base.UUID("40b095a5-5852-4c12-98c7-d43bf788e795"), "StateSpaceSets") not available with flags CacheFlags(; use_pkgimages=true, debug_level=1, check_bounds=0, inline=true, opt_level=2)
Stacktrace:
 [1] error(s::String)
   @ Base error.jl:56
 [2] require(into::Module, mod::Symbol)
   @ Base loading.jl:2661 [inlined]
 [3] top-level scope
   @ /tmp/julia-ttfx-depot/packages/Attractors/XzAka/src/Attractors.jl:12
 [4] include(mod::Module, _path::String)
   @ Base Base.jl:334
 [5] top-level scope
   @ stdin:5
in expression starting at /tmp/julia-ttfx-depot/packages/Attractors/XzAka/src/Attractors.jl:1
in expression starting at stdin:5
              ✗ Attractors
  41 dependencies successfully precompiled in 15 seconds. 40 already precompiled.
  50 dependencies had output during precompilation:
┌ Distributions → DistributionsTestExt
│  ERROR: LoadError: Precompiled image Base.PkgId(Base.UUID("31c24e10-a181-5473-b8eb-7969acd0382f"), "Distributions") not available with flags CacheFlags(; use_pkgimages=true, debug_level=1, check_bounds=0, inline=true, opt_level=2)
│  Stacktrace:
│   [1] error(s::String)
│     @ Base error.jl:56
│   [2] require(into::Module, mod::Symbol)
│     @ Base loading.jl:2661 [inlined]
│   [3] top-level scope
│     @ /tmp/julia-ttfx-depot/packages/Distributions/5E8z3/ext/DistributionsTestExt.jl:3
│   [4] include(mod::Module, _path::String)
│     @ Base Base.jl:334
│   [5] top-level scope
│     @ stdin:5
│  in expression starting at /tmp/julia-ttfx-depot/packages/Distributions/5E8z3/ext/DistributionsTestExt.jl:1
│  in expression starting at stdin:5
└  
┌ DiffEqBase
│  ERROR: LoadError: Precompiled image Base.PkgId(Base.UUID("aea7be01-6a6a-4083-8856-8a6e6704d82a"), "PrecompileTools") not available with flags CacheFlags(; use_pkgimages=true, debug_level=1, check_bounds=0, inline=true, opt_level=2)
│  Stacktrace:
│   [1] error(s::String)
│     @ Base error.jl:56
│   [2] require(into::Module, mod::Symbol)
│     @ Base loading.jl:2661 [inlined]
│   [3] top-level scope
│     @ /tmp/julia-ttfx-depot/packages/DiffEqBase/Nvq2W/src/DiffEqBase.jl:7
│   [4] include(mod::Module, _path::String)
│     @ Base Base.jl:334
│   [5] top-level scope
│     @ stdin:5
│  in expression starting at /tmp/julia-ttfx-depot/packages/DiffEqBase/Nvq2W/src/DiffEqBase.jl:1
│  in expression starting at stdin:5
└  
┌ DiffEqBase → DiffEqBaseSparseArraysExt
│  ERROR: LoadError: Precompiled image Base.PkgId(Base.UUID("2b5f629d-d688-5b77-993f-72d75c75574e"), "DiffEqBase") not available with flags CacheFlags(; use_pkgimages=true, debug_level=1, check_bounds=0, inline=true, opt_level=2)
│  Stacktrace:
│   [1] error(s::String)
│     @ Base error.jl:56
│   [2] require(into::Module, mod::Symbol)
│     @ Base loading.jl:2661 [inlined]
│   [3] top-level scope
│     @ /tmp/julia-ttfx-depot/packages/DiffEqBase/Nvq2W/ext/DiffEqBaseSparseArraysExt.jl:4
│   [4] include(mod::Module, _path::String)
│     @ Base Base.jl:334
│   [5] top-level scope
│     @ stdin:5
│  in expression starting at /tmp/julia-ttfx-depot/packages/DiffEqBase/Nvq2W/ext/DiffEqBaseSparseArraysExt.jl:1
│  in expression starting at stdin:5
└  
┌ TimerOutputs
│  ERROR: LoadError: Precompiled image Base.PkgId(Base.UUID("08abe8d2-0d0c-5749-adfa-8a2ac140af0d"), "PrettyTables") not available with flags CacheFlags(; use_pkgimages=true, debug_level=1, check_bounds=0, inline=true, opt_level=2)
│  Stacktrace:
│   [1] error(s::String)
│     @ Base error.jl:56
│   [2] require(into::Module, mod::Symbol)
│     @ Base loading.jl:2661 [inlined]
│   [3] top-level scope
│     @ /tmp/julia-ttfx-depot/packages/TimerOutputs/Iw8EV/src/TimerOutputs.jl:5
│   [4] include(mod::Module, _path::String)
│     @ Base Base.jl:334
│   [5] top-level scope
│     @ stdin:5
│  in expression starting at /tmp/julia-ttfx-depot/packages/TimerOutputs/Iw8EV/src/TimerOutputs.jl:1
│  in expression starting at stdin:5
└  
┌ ProgressMeter
│  fatal: error thrown and no exception handler available.
│  Core.InitError(mod=:CompilerSupportLibraries_jll, error=ErrorException("could not load library \"libjulia-internal\"\nlibjulia-internal.so: cannot open shared object file: No such file or directory"))
│  ijl_errorf at /home/ian/.julia/juliaup/julia-pr62725/bin/../lib/julia/libjulia-internal.so.1.14 (unknown line)
│  ijl_load_dynamic_library at /home/ian/.julia/juliaup/julia-pr62725/bin/../lib/julia/libjulia-internal.so.1.14 (unknown line)
│  unknown function (ip: 0x7d92be03208f) at /home/ian/.julia/juliaup/julia-pr62725/lib/julia/sys.so
│  unknown function (ip: 0x7d92bc90ad94) at /home/ian/.julia/juliaup/julia-pr62725/lib/julia/sys.so
│  unknown function (ip: 0x7d92bcc028b7) at /home/ian/.julia/juliaup/julia-pr62725/lib/julia/sys.so
│  unknown function (ip: 0x7d92be237a33) at /home/ian/.julia/juliaup/julia-pr62725/lib/julia/sys.so
│  unknown function (ip: 0x7d92d10a0bfd) at /home/ian/.julia/juliaup/julia-pr62725/bin/../lib/julia/libjulia-internal.so.1.14
│  unknown function (ip: 0x7d92d1086877) at /home/ian/.julia/juliaup/julia-pr62725/bin/../lib/julia/libjulia-internal.so.1.14
│  ijl_init_ at /home/ian/.julia/juliaup/julia-pr62725/bin/../lib/julia/libjulia-internal.so.1.14 (unknown line)
│  jl_repl_entrypoint at /home/ian/.julia/juliaup/julia-pr62725/bin/../lib/julia/libjulia-internal.so.1.14 (unknown line)
│  main at /cache/build/builder-amdci4-11/julialang/julia-pr/cli/loader_exe.c:117:15
│  unknown function (ip: 0x7d92d1a2a1c9) at /lib/x86_64-linux-gnu/libc.so.6
│  __libc_start_main at /lib/x86_64-linux-gnu/libc.so.6 (unknown line)
│  unknown function (ip: 0x4010b8) at /workspace/srcdir/glibc-2.17/csu/../sysdeps/x86_64/start.S
└  
┌ Optim
│  ERROR: LoadError: Precompiled image Base.PkgId(Base.UUID("47edcb42-4c32-4615-8424-f2b9edc5f35b"), "ADTypes") not available with flags CacheFlags(; use_pkgimages=true, debug_level=1, check_bounds=0, inline=true, opt_level=2)
│  Stacktrace:
│   [1] error(s::String)
│     @ Base error.jl:56
│   [2] require(into::Module, mod::Symbol)
│     @ Base loading.jl:2661 [inlined]
│   [3] top-level scope
│     @ /tmp/julia-ttfx-depot/packages/Optim/4rXX6/src/Optim.jl:19
│   [4] include(mod::Module, _path::String)
│     @ Base Base.jl:334
│   [5] top-level scope
│     @ stdin:5
│  in expression starting at /tmp/julia-ttfx-depot/packages/Optim/4rXX6/src/Optim.jl:1
│  in expression starting at stdin:5
└  
┌ ComplexityMeasures
│  ERROR: LoadError: Precompiled image Base.PkgId(Base.UUID("40b095a5-5852-4c12-98c7-d43bf788e795"), "StateSpaceSets") not available with flags CacheFlags(; use_pkgimages=true, debug_level=1, check_bounds=0, inline=true, opt_level=2)
│  Stacktrace:
│   [1] error(s::String)
│     @ Base error.jl:56
│   [2] require(into::Module, mod::Symbol)
│     @ Base loading.jl:2661 [inlined]
│   [3] top-level scope
│     @ /tmp/julia-ttfx-depot/packages/ComplexityMeasures/IOJr6/src/ComplexityMeasures.jl:11
│   [4] include(mod::Module, _path::String)
│     @ Base Base.jl:334
│   [5] top-level scope
│     @ stdin:5
│  in expression starting at /tmp/julia-ttfx-depot/packages/ComplexityMeasures/IOJr6/src/ComplexityMeasures.jl:1
│  in expression starting at stdin:5
└  
┌ DiffEqNoiseProcess → DiffEqNoiseProcessOptimExt
│  ERROR: LoadError: Precompiled image Base.PkgId(Base.UUID("77a26b50-5914-5dd7-bc55-306e6241c503"), "DiffEqNoiseProcess") not available with flags CacheFlags(; use_pkgimages=true, debug_level=1, check_bounds=0, inline=true, opt_level=2)
│  Stacktrace:
│   [1] error(s::String)
│     @ Base error.jl:56
│   [2] require(into::Module, mod::Symbol)
│     @ Base loading.jl:2661 [inlined]
│   [3] top-level scope
│     @ /tmp/julia-ttfx-depot/packages/DiffEqNoiseProcess/VxyK0/ext/DiffEqNoiseProcessOptimExt.jl:3
│   [4] include(mod::Module, _path::String)
│     @ Base Base.jl:334
│   [5] top-level scope
│     @ stdin:5
│  in expression starting at /tmp/julia-ttfx-depot/packages/DiffEqNoiseProcess/VxyK0/ext/DiffEqNoiseProcessOptimExt.jl:1
│  in expression starting at stdin:5
└  
┌ OrdinaryDiffEqTsit5
│  ERROR: LoadError: Precompiled image Base.PkgId(Base.UUID("bbf590c4-e513-4bbe-9b18-05decba2e5d8"), "OrdinaryDiffEqCore") not available with flags CacheFlags(; use_pkgimages=true, debug_level=1, check_bounds=0, inline=true, opt_level=2)
│  Stacktrace:
│   [1] error(s::String)
│     @ Base error.jl:56
│   [2] require(into::Module, mod::Symbol)
│     @ Base loading.jl:2661 [inlined]
│   [3] top-level scope
│     @ /tmp/julia-ttfx-depot/packages/OrdinaryDiffEqTsit5/OoKHA/src/OrdinaryDiffEqTsit5.jl:3
│   [4] include(mod::Module, _path::String)
│     @ Base Base.jl:334
│   [5] top-level scope
│     @ stdin:5
│  in expression starting at /tmp/julia-ttfx-depot/packages/OrdinaryDiffEqTsit5/OoKHA/src/OrdinaryDiffEqTsit5.jl:1
│  in expression starting at stdin:5
└  
┌ NonlinearSolveBase → NonlinearSolveBaseSparseArraysExt
│  ERROR: LoadError: Precompiled image Base.PkgId(Base.UUID("4fba245c-0d91-5ea0-9b3e-6abc04ee57a9"), "ArrayInterface") not available with flags CacheFlags(; use_pkgimages=true, debug_level=1, check_bounds=0, inline=true, opt_level=2)
│  Stacktrace:
│   [1] error(s::String)
│     @ Base error.jl:56
│   [2] require(into::Module, mod::Symbol)
│     @ Base loading.jl:2661 [inlined]
│   [3] top-level scope
│     @ /tmp/julia-ttfx-depot/packages/NonlinearSolveBase/9iy6x/ext/NonlinearSolveBaseSparseArraysExt.jl:3
│   [4] include(mod::Module, _path::String)
│     @ Base Base.jl:334
│   [5] top-level scope
│     @ stdin:5
│  in expression starting at /tmp/julia-ttfx-depot/packages/NonlinearSolveBase/9iy6x/ext/NonlinearSolveBaseSparseArraysExt.jl:1
│  in expression starting at stdin:5
└  
┌ Distributions
│  ERROR: LoadError: Precompiled image Base.PkgId(Base.UUID("2913bbd2-ae8a-5f71-8c99-4fb6c76f3a91"), "StatsBase") not available with flags CacheFlags(; use_pkgimages=true, debug_level=1, check_bounds=0, inline=true, opt_level=2)
│  Stacktrace:
│   [1] error(s::String)
│     @ Base error.jl:56
│   [2] require(into::Module, mod::Symbol)
│     @ Base loading.jl:2661 [inlined]
│   [3] top-level scope
│     @ /tmp/julia-ttfx-depot/packages/Distributions/5E8z3/src/Distributions.jl:3
│   [4] include(mod::Module, _path::String)
│     @ Base Base.jl:334
│   [5] top-level scope
│     @ stdin:5
│  in expression starting at /tmp/julia-ttfx-depot/packages/Distributions/5E8z3/src/Distributions.jl:1
│  in expression starting at stdin:5
└  
┌ BracketingNonlinearSolve → BracketingNonlinearSolveForwardDiffExt
│  ERROR: LoadError: Precompiled image Base.PkgId(Base.UUID("f6369f11-7733-5829-9624-2563aa707210"), "ForwardDiff") not available with flags CacheFlags(; use_pkgimages=true, debug_level=1, check_bounds=0, inline=true, opt_level=2)
│  Stacktrace:
│   [1] error(s::String)
│     @ Base error.jl:56
│   [2] require(into::Module, mod::Symbol)
│     @ Base loading.jl:2661 [inlined]
│   [3] top-level scope
│     @ /tmp/julia-ttfx-depot/packages/BracketingNonlinearSolve/UEmP1/ext/BracketingNonlinearSolveForwardDiffExt.jl:4
│   [4] include(mod::Module, _path::String)
│     @ Base Base.jl:334
│   [5] top-level scope
│     @ stdin:5
│  in expression starting at /tmp/julia-ttfx-depot/packages/BracketingNonlinearSolve/UEmP1/ext/BracketingNonlinearSolveForwardDiffExt.jl:1
│  in expression starting at stdin:5
└  
┌ JumpProcesses → JumpProcessesOrdinaryDiffEqCoreExt
│  ERROR: LoadError: Precompiled image Base.PkgId(Base.UUID("ccbc3e58-028d-4f4c-8cd5-9ae44345cda5"), "JumpProcesses") not available with flags CacheFlags(; use_pkgimages=true, debug_level=1, check_bounds=0, inline=true, opt_level=2)
│  Stacktrace:
│   [1] error(s::String)
│     @ Base error.jl:56
│   [2] require(into::Module, mod::Symbol)
│     @ Base loading.jl:2661 [inlined]
│   [3] top-level scope
│     @ /tmp/julia-ttfx-depot/packages/JumpProcesses/iCpXi/ext/JumpProcessesOrdinaryDiffEqCoreExt.jl:3
│   [4] include(mod::Module, _path::String)
│     @ Base Base.jl:334
│   [5] top-level scope
│     @ stdin:5
│  in expression starting at /tmp/julia-ttfx-depot/packages/JumpProcesses/iCpXi/ext/JumpProcessesOrdinaryDiffEqCoreExt.jl:1
│  in expression starting at stdin:5
└  
┌ NonlinearSolveBase → NonlinearSolveBaseForwardDiffExt
│  ERROR: LoadError: Precompiled image Base.PkgId(Base.UUID("47edcb42-4c32-4615-8424-f2b9edc5f35b"), "ADTypes") not available with flags CacheFlags(; use_pkgimages=true, debug_level=1, check_bounds=0, inline=true, opt_level=2)
│  Stacktrace:
│   [1] error(s::String)
│     @ Base error.jl:56
│   [2] require(into::Module, mod::Symbol)
│     @ Base loading.jl:2661 [inlined]
│   [3] top-level scope
│     @ /tmp/julia-ttfx-depot/packages/NonlinearSolveBase/9iy6x/ext/NonlinearSolveBaseForwardDiffExt.jl:3
│   [4] include(mod::Module, _path::String)
│     @ Base Base.jl:334
│   [5] top-level scope
│     @ stdin:5
│  in expression starting at /tmp/julia-ttfx-depot/packages/NonlinearSolveBase/9iy6x/ext/NonlinearSolveBaseForwardDiffExt.jl:1
│  in expression starting at stdin:5
└  
┌ SciMLBase → SciMLBaseStaticArraysExt
│  ERROR: LoadError: Precompiled image Base.PkgId(Base.UUID("0bca4576-84f4-4d90-8ffe-ffa030f20462"), "SciMLBase") not available with flags CacheFlags(; use_pkgimages=true, debug_level=1, check_bounds=0, inline=true, opt_level=2)
│  Stacktrace:
│   [1] error(s::String)
│     @ Base error.jl:56
│   [2] require(into::Module, mod::Symbol)
│     @ Base loading.jl:2661 [inlined]
│   [3] top-level scope
│     @ /tmp/julia-ttfx-depot/packages/SciMLBase/bd9S4/ext/SciMLBaseStaticArraysExt.jl:3
│   [4] include(mod::Module, _path::String)
│     @ Base Base.jl:334
│   [5] top-level scope
│     @ stdin:5
│  in expression starting at /tmp/julia-ttfx-depot/packages/SciMLBase/bd9S4/ext/SciMLBaseStaticArraysExt.jl:1
│  in expression starting at stdin:5
└  
┌ NonlinearSolveBase → NonlinearSolveBaseLineSearchExt
│  ERROR: LoadError: Precompiled image Base.PkgId(Base.UUID("87fe0de2-c867-4266-b59a-2f0a94fc965b"), "LineSearch") not available with flags CacheFlags(; use_pkgimages=true, debug_level=1, check_bounds=0, inline=true, opt_level=2)
│  Stacktrace:
│   [1] error(s::String)
│     @ Base error.jl:56
│   [2] require(into::Module, mod::Symbol)
│     @ Base loading.jl:2661 [inlined]
│   [3] top-level scope
│     @ /tmp/julia-ttfx-depot/packages/NonlinearSolveBase/9iy6x/ext/NonlinearSolveBaseLineSearchExt.jl:3
│   [4] include(mod::Module, _path::String)
│     @ Base Base.jl:334
│   [5] top-level scope
│     @ stdin:5
│  in expression starting at /tmp/julia-ttfx-depot/packages/NonlinearSolveBase/9iy6x/ext/NonlinearSolveBaseLineSearchExt.jl:1
│  in expression starting at stdin:5
└  
┌ Compat
│  fatal: error thrown and no exception handler available.
│  Core.InitError(mod=:CompilerSupportLibraries_jll, error=ErrorException("could not load library \"libjulia-internal\"\nlibjulia-internal.so: cannot open shared object file: No such file or directory"))
│  ijl_errorf at /home/ian/.julia/juliaup/julia-pr62725/bin/../lib/julia/libjulia-internal.so.1.14 (unknown line)
│  ijl_load_dynamic_library at /home/ian/.julia/juliaup/julia-pr62725/bin/../lib/julia/libjulia-internal.so.1.14 (unknown line)
│  unknown function (ip: 0x7080c983208f) at /home/ian/.julia/juliaup/julia-pr62725/lib/julia/sys.so
│  unknown function (ip: 0x7080c810ad94) at /home/ian/.julia/juliaup/julia-pr62725/lib/julia/sys.so
│  unknown function (ip: 0x7080c84028b7) at /home/ian/.julia/juliaup/julia-pr62725/lib/julia/sys.so
│  unknown function (ip: 0x7080c9a37a33) at /home/ian/.julia/juliaup/julia-pr62725/lib/julia/sys.so
│  unknown function (ip: 0x7080dc8a0bfd) at /home/ian/.julia/juliaup/julia-pr62725/bin/../lib/julia/libjulia-internal.so.1.14
│  unknown function (ip: 0x7080dc886877) at /home/ian/.julia/juliaup/julia-pr62725/bin/../lib/julia/libjulia-internal.so.1.14
│  ijl_init_ at /home/ian/.julia/juliaup/julia-pr62725/bin/../lib/julia/libjulia-internal.so.1.14 (unknown line)
│  jl_repl_entrypoint at /home/ian/.julia/juliaup/julia-pr62725/bin/../lib/julia/libjulia-internal.so.1.14 (unknown line)
│  main at /home/ian/.julia/juliaup/julia-pr62725/bin/julia (unknown line)
│  unknown function (ip: 0x7080dd42a1c9) at /lib/x86_64-linux-gnu/libc.so.6
│  __libc_start_main at /lib/x86_64-linux-gnu/libc.so.6 (unknown line)
│  unknown function (ip: 0x4010b8) at /home/ian/.julia/juliaup/julia-pr62725/bin/julia
└  
┌ OrdinaryDiffEqCore → OrdinaryDiffEqCoreSparseArraysExt
│  ERROR: LoadError: Precompiled image Base.PkgId(Base.UUID("bbf590c4-e513-4bbe-9b18-05decba2e5d8"), "OrdinaryDiffEqCore") not available with flags CacheFlags(; use_pkgimages=true, debug_level=1, check_bounds=0, inline=true, opt_level=2)
│  Stacktrace:
│   [1] error(s::String)
│     @ Base error.jl:56
│   [2] require(into::Module, mod::Symbol)
│     @ Base loading.jl:2661 [inlined]
│   [3] top-level scope
│     @ /tmp/julia-ttfx-depot/packages/OrdinaryDiffEqCore/NVUZl/ext/OrdinaryDiffEqCoreSparseArraysExt.jl:4
│   [4] include(mod::Module, _path::String)
│     @ Base Base.jl:334
│   [5] top-level scope
│     @ stdin:5
│  in expression starting at /tmp/julia-ttfx-depot/packages/OrdinaryDiffEqCore/NVUZl/ext/OrdinaryDiffEqCoreSparseArraysExt.jl:1
│  in expression starting at stdin:5
└  
┌ LineSearch → LineSearchLineSearchesExt
│  ERROR: LoadError: Precompiled image Base.PkgId(Base.UUID("d3d80556-e9d4-5f37-9878-2ab0fcc64255"), "LineSearches") not available with flags CacheFlags(; use_pkgimages=true, debug_level=1, check_bounds=0, inline=true, opt_level=2)
│  Stacktrace:
│   [1] error(s::String)
│     @ Base error.jl:56
│   [2] require(into::Module, mod::Symbol)
│     @ Base loading.jl:2661 [inlined]
│   [3] top-level scope
│     @ /tmp/julia-ttfx-depot/packages/LineSearch/Sv9nN/ext/LineSearchLineSearchesExt.jl:3
│   [4] include(mod::Module, _path::String)
│     @ Base Base.jl:334
│   [5] top-level scope
│     @ stdin:5
│  in expression starting at /tmp/julia-ttfx-depot/packages/LineSearch/Sv9nN/ext/LineSearchLineSearchesExt.jl:1
│  in expression starting at stdin:5
└  
┌ FillArrays → FillArraysPDMatsExt
│  ERROR: LoadError: Precompiled image Base.PkgId(Base.UUID("90014a1f-27ba-587c-ab20-58faa44d9150"), "PDMats") not available with flags CacheFlags(; use_pkgimages=true, debug_level=1, check_bounds=0, inline=true, opt_level=2)
│  Stacktrace:
│   [1] error(s::String)
│     @ Base error.jl:56
│   [2] require(into::Module, mod::Symbol)
│     @ Base loading.jl:2661 [inlined]
│   [3] top-level scope
│     @ /tmp/julia-ttfx-depot/packages/FillArrays/zA1cC/ext/FillArraysPDMatsExt.jl:5
│   [4] include(mod::Module, _path::String)
│     @ Base Base.jl:334
│   [5] top-level scope
│     @ stdin:5
│  in expression starting at /tmp/julia-ttfx-depot/packages/FillArrays/zA1cC/ext/FillArraysPDMatsExt.jl:1
│  in expression starting at stdin:5
└  
┌ SciMLBase → SciMLBaseDistributionsExt
│  ERROR: LoadError: Precompiled image Base.PkgId(Base.UUID("31c24e10-a181-5473-b8eb-7969acd0382f"), "Distributions") not available with flags CacheFlags(; use_pkgimages=true, debug_level=1, check_bounds=0, inline=true, opt_level=2)
│  Stacktrace:
│   [1] error(s::String)
│     @ Base error.jl:56
│   [2] require(into::Module, mod::Symbol)
│     @ Base loading.jl:2661 [inlined]
│   [3] top-level scope
│     @ /tmp/julia-ttfx-depot/packages/SciMLBase/bd9S4/ext/SciMLBaseDistributionsExt.jl:3
│   [4] include(mod::Module, _path::String)
│     @ Base Base.jl:334
│   [5] top-level scope
│     @ stdin:5
│  in expression starting at /tmp/julia-ttfx-depot/packages/SciMLBase/bd9S4/ext/SciMLBaseDistributionsExt.jl:1
│  in expression starting at stdin:5
└  
┌ DiffEqNoiseProcess
│  ERROR: LoadError: Precompiled image Base.PkgId(Base.UUID("ae5879a3-cd67-5da8-be7f-38c6eb64a37b"), "ResettableStacks") not available with flags CacheFlags(; use_pkgimages=true, debug_level=1, check_bounds=0, inline=true, opt_level=2)
│  Stacktrace:
│   [1] error(s::String)
│     @ Base error.jl:56
│   [2] require(into::Module, mod::Symbol)
│     @ Base loading.jl:2661 [inlined]
│   [3] top-level scope
│     @ /tmp/julia-ttfx-depot/packages/DiffEqNoiseProcess/VxyK0/src/DiffEqNoiseProcess.jl:3
│   [4] include(mod::Module, _path::String)
│     @ Base Base.jl:334
│   [5] top-level scope
│     @ stdin:5
│  in expression starting at /tmp/julia-ttfx-depot/packages/DiffEqNoiseProcess/VxyK0/src/DiffEqNoiseProcess.jl:1
│  in expression starting at stdin:5
└  
┌ LineSearch
│  ERROR: LoadError: Precompiled image Base.PkgId(Base.UUID("47edcb42-4c32-4615-8424-f2b9edc5f35b"), "ADTypes") not available with flags CacheFlags(; use_pkgimages=true, debug_level=1, check_bounds=0, inline=true, opt_level=2)
│  Stacktrace:
│   [1] error(s::String)
│     @ Base error.jl:56
│   [2] require(into::Module, mod::Symbol)
│     @ Base loading.jl:2661 [inlined]
│   [3] top-level scope
│     @ /tmp/julia-ttfx-depot/packages/LineSearch/Sv9nN/src/LineSearch.jl:3
│   [4] include(mod::Module, _path::String)
│     @ Base Base.jl:334
│   [5] top-level scope
│     @ stdin:5
│  in expression starting at /tmp/julia-ttfx-depot/packages/LineSearch/Sv9nN/src/LineSearch.jl:1
│  in expression starting at stdin:5
└  
┌ NonlinearSolveBase
│  ERROR: LoadError: Precompiled image Base.PkgId(Base.UUID("34da2185-b29b-5c13-b0c7-acf172513d20"), "Compat") not available with flags CacheFlags(; use_pkgimages=true, debug_level=1, check_bounds=0, inline=true, opt_level=2)
│  Stacktrace:
│   [1] error(s::String)
│     @ Base error.jl:56
│   [2] require(into::Module, mod::Symbol)
│     @ Base loading.jl:2661 [inlined]
│   [3] top-level scope
│     @ /tmp/julia-ttfx-depot/packages/NonlinearSolveBase/9iy6x/src/NonlinearSolveBase.jl:23
│   [4] include(mod::Module, _path::String)
│     @ Base Base.jl:334
│   [5] top-level scope
│     @ stdin:5
│  in expression starting at /tmp/julia-ttfx-depot/packages/NonlinearSolveBase/9iy6x/src/NonlinearSolveBase.jl:1
│  in expression starting at stdin:5
└  
┌ LoggingExtras
│  ERROR: LoadError: Precompiled image Base.PkgId(Base.UUID("ade2ca70-3891-5945-98fb-dc099432e06a"), "Dates") not available with flags CacheFlags(; use_pkgimages=true, debug_level=1, check_bounds=0, inline=true, opt_level=2)
│  Stacktrace:
│   [1] top-level scope
│     @ /tmp/julia-ttfx-depot/packages/LoggingExtras/IICqi/src/Sinks/datetime_rotation.jl:1
│   [2] top-level scope
│     @ /tmp/julia-ttfx-depot/packages/LoggingExtras/IICqi/src/LoggingExtras.jl:38
│   [3] top-level scope
│     @ stdin:5
│  in expression starting at /tmp/julia-ttfx-depot/packages/LoggingExtras/IICqi/src/Sinks/datetime_rotation.jl:1
│  in expression starting at /tmp/julia-ttfx-depot/packages/LoggingExtras/IICqi/src/LoggingExtras.jl:1
│  in expression starting at stdin:5
└  
┌ DelayEmbeddings
│  ERROR: LoadError: Precompiled image Base.PkgId(Base.UUID("40b095a5-5852-4c12-98c7-d43bf788e795"), "StateSpaceSets") not available with flags CacheFlags(; use_pkgimages=true, debug_level=1, check_bounds=0, inline=true, opt_level=2)
│  Stacktrace:
│   [1] error(s::String)
│     @ Base error.jl:56
│   [2] require(into::Module, mod::Symbol)
│     @ Base loading.jl:2661 [inlined]
│   [3] top-level scope
│     @ /tmp/julia-ttfx-depot/packages/DelayEmbeddings/AV1Ee/src/DelayEmbeddings.jl:11
│   [4] include(mod::Module, _path::String)
│     @ Base Base.jl:334
│   [5] top-level scope
│     @ stdin:5
│  in expression starting at /tmp/julia-ttfx-depot/packages/DelayEmbeddings/AV1Ee/src/DelayEmbeddings.jl:1
│  in expression starting at stdin:5
└  
┌ PrettyTables
│  ERROR: LoadError: Precompiled image Base.PkgId(Base.UUID("892a3eda-7b42-436c-8928-eab12a02cf0e"), "StringManipulation") not available with flags CacheFlags(; use_pkgimages=true, debug_level=1, check_bounds=0, inline=true, opt_level=2)
│  Stacktrace:
│   [1] error(s::String)
│     @ Base error.jl:56
│   [2] require(into::Module, mod::Symbol)
│     @ Base loading.jl:2661 [inlined]
│   [3] top-level scope
│     @ /tmp/julia-ttfx-depot/packages/PrettyTables/hZZBp/src/PrettyTables.jl:6
│   [4] include(mod::Module, _path::String)
│     @ Base Base.jl:334
│   [5] top-level scope
│     @ stdin:5
│  in expression starting at /tmp/julia-ttfx-depot/packages/PrettyTables/hZZBp/src/PrettyTables.jl:1
│  in expression starting at stdin:5
└  
┌ Attractors
│  ERROR: LoadError: Precompiled image Base.PkgId(Base.UUID("40b095a5-5852-4c12-98c7-d43bf788e795"), "StateSpaceSets") not available with flags CacheFlags(; use_pkgimages=true, debug_level=1, check_bounds=0, inline=true, opt_level=2)
│  Stacktrace:
│   [1] error(s::String)
│     @ Base error.jl:56
│   [2] require(into::Module, mod::Symbol)
│     @ Base loading.jl:2661 [inlined]
│   [3] top-level scope
│     @ /tmp/julia-ttfx-depot/packages/Attractors/XzAka/src/Attractors.jl:12
│   [4] include(mod::Module, _path::String)
│     @ Base Base.jl:334
│   [5] top-level scope
│     @ stdin:5
│  in expression starting at /tmp/julia-ttfx-depot/packages/Attractors/XzAka/src/Attractors.jl:1
│  in expression starting at stdin:5
└  
┌ DynamicalSystemsBase
│  ERROR: LoadError: Precompiled image Base.PkgId(Base.UUID("40b095a5-5852-4c12-98c7-d43bf788e795"), "StateSpaceSets") not available with flags CacheFlags(; use_pkgimages=true, debug_level=1, check_bounds=0, inline=true, opt_level=2)
│  Stacktrace:
│   [1] error(s::String)
│     @ Base error.jl:56
│   [2] require(into::Module, mod::Symbol)
│     @ Base loading.jl:2661 [inlined]
│   [3] top-level scope
│     @ /tmp/julia-ttfx-depot/packages/DynamicalSystemsBase/0lljD/src/DynamicalSystemsBase.jl:11
│   [4] include(mod::Module, _path::String)
│     @ Base Base.jl:334
│   [5] top-level scope
│     @ stdin:5
│  in expression starting at /tmp/julia-ttfx-depot/packages/DynamicalSystemsBase/0lljD/src/DynamicalSystemsBase.jl:1
│  in expression starting at stdin:5
└  
┌ SimpleNonlinearSolve
│  ERROR: LoadError: Precompiled image Base.PkgId(Base.UUID("aea7be01-6a6a-4083-8856-8a6e6704d82a"), "PrecompileTools") not available with flags CacheFlags(; use_pkgimages=true, debug_level=1, check_bounds=0, inline=true, opt_level=2)
│  Stacktrace:
│   [1] error(s::String)
│     @ Base error.jl:56
│   [2] require(into::Module, mod::Symbol)
│     @ Base loading.jl:2661 [inlined]
│   [3] top-level scope
│     @ /tmp/julia-ttfx-depot/packages/SimpleNonlinearSolve/VCSK4/src/SimpleNonlinearSolve.jl:23
│   [4] include(mod::Module, _path::String)
│     @ Base Base.jl:334
│   [5] top-level scope
│     @ stdin:5
│  in expression starting at /tmp/julia-ttfx-depot/packages/SimpleNonlinearSolve/VCSK4/src/SimpleNonlinearSolve.jl:1
│  in expression starting at stdin:5
└  
┌ Preferences
│  ERROR: Unable to load dependent library /home/ian/.julia/juliaup/julia-pr62725/bin/../lib/julia/libopenlibm.so
│  Message:/home/ian/.julia/juliaup/julia-pr62725/bin/../lib/julia/libopenlibm.so: cannot open shared object file: No such file or directory
└  
┌ StochasticDiffEqCore
│  ERROR: LoadError: Precompiled image Base.PkgId(Base.UUID("2b5f629d-d688-5b77-993f-72d75c75574e"), "DiffEqBase") not available with flags CacheFlags(; use_pkgimages=true, debug_level=1, check_bounds=0, inline=true, opt_level=2)
│  Stacktrace:
│   [1] error(s::String)
│     @ Base error.jl:56
│   [2] require(into::Module, mod::Symbol)
│     @ Base loading.jl:2661 [inlined]
│   [3] top-level scope
│     @ /tmp/julia-ttfx-depot/packages/StochasticDiffEqCore/UOjTb/src/StochasticDiffEqCore.jl:4
│   [4] include(mod::Module, _path::String)
│     @ Base Base.jl:334
│   [5] top-level scope
│     @ stdin:5
│  in expression starting at /tmp/julia-ttfx-depot/packages/StochasticDiffEqCore/UOjTb/src/StochasticDiffEqCore.jl:1
│  in expression starting at stdin:5
└  
┌ ArrayInterface → ArrayInterfaceFillArraysExt
│  ERROR: LoadError: Precompiled image Base.PkgId(Base.UUID("4fba245c-0d91-5ea0-9b3e-6abc04ee57a9"), "ArrayInterface") not available with flags CacheFlags(; use_pkgimages=true, debug_level=1, check_bounds=0, inline=true, opt_level=2)
│  Stacktrace:
│   [1] error(s::String)
│     @ Base error.jl:56
│   [2] require(into::Module, mod::Symbol)
│     @ Base loading.jl:2661 [inlined]
│   [3] top-level scope
│     @ /tmp/julia-ttfx-depot/packages/ArrayInterface/MXs83/ext/ArrayInterfaceFillArraysExt.jl:3
│   [4] include(mod::Module, _path::String)
│     @ Base Base.jl:334
│   [5] top-level scope
│     @ stdin:5
│  in expression starting at /tmp/julia-ttfx-depot/packages/ArrayInterface/MXs83/ext/ArrayInterfaceFillArraysExt.jl:1
│  in expression starting at stdin:5
└  
┌ PDMats
│  fatal: error thrown and no exception handler available.
│  Core.InitError(mod=:CompilerSupportLibraries_jll, error=ErrorException("could not load library \"libjulia-internal\"\nlibjulia-internal.so: cannot open shared object file: No such file or directory"))
│  ijl_errorf at /home/ian/.julia/juliaup/julia-pr62725/bin/../lib/julia/libjulia-internal.so.1.14 (unknown line)
│  ijl_load_dynamic_library at /home/ian/.julia/juliaup/julia-pr62725/bin/../lib/julia/libjulia-internal.so.1.14 (unknown line)
│  unknown function (ip: 0x775ea603208f) at /home/ian/.julia/juliaup/julia-pr62725/lib/julia/sys.so
│  unknown function (ip: 0x775ea490ad94) at /home/ian/.julia/juliaup/julia-pr62725/lib/julia/sys.so
│  unknown function (ip: 0x775ea4c028b7) at /home/ian/.julia/juliaup/julia-pr62725/lib/julia/sys.so
│  unknown function (ip: 0x775ea6237a33) at /home/ian/.julia/juliaup/julia-pr62725/lib/julia/sys.so
│  unknown function (ip: 0x775eb90a0bfd) at /home/ian/.julia/juliaup/julia-pr62725/bin/../lib/julia/libjulia-internal.so.1.14
│  unknown function (ip: 0x775eb9086877) at /home/ian/.julia/juliaup/julia-pr62725/bin/../lib/julia/libjulia-internal.so.1.14
│  ijl_init_ at /home/ian/.julia/juliaup/julia-pr62725/bin/../lib/julia/libjulia-internal.so.1.14 (unknown line)
│  jl_repl_entrypoint at /home/ian/.julia/juliaup/julia-pr62725/bin/../lib/julia/libjulia-internal.so.1.14 (unknown line)
│  main at /home/ian/.julia/juliaup/julia-pr62725/bin/julia (unknown line)
│  unknown function (ip: 0x775eb9a2a1c9) at /lib/x86_64-linux-gnu/libc.so.6
│  __libc_start_main at /lib/x86_64-linux-gnu/libc.so.6 (unknown line)
│  unknown function (ip: 0x4010b8) at /home/ian/.julia/juliaup/julia-pr62725/bin/julia
└  
┌ SciMLLogging
│  ERROR: LoadError: Precompiled image Base.PkgId(Base.UUID("e6f89c97-d47a-5376-807f-9c37f3926c36"), "LoggingExtras") not available with flags CacheFlags(; use_pkgimages=true, debug_level=1, check_bounds=0, inline=true, opt_level=2)
│  Stacktrace:
│   [1] error(s::String)
│     @ Base error.jl:56
│   [2] require(into::Module, mod::Symbol)
│     @ Base loading.jl:2661 [inlined]
│   [3] top-level scope
│     @ /tmp/julia-ttfx-depot/packages/SciMLLogging/16brH/src/SciMLLogging.jl:5
│   [4] include(mod::Module, _path::String)
│     @ Base Base.jl:334
│   [5] top-level scope
│     @ stdin:5
│  in expression starting at /tmp/julia-ttfx-depot/packages/SciMLLogging/16brH/src/SciMLLogging.jl:1
│  in expression starting at stdin:5
└  
┌ BracketingNonlinearSolve
│  ERROR: LoadError: Precompiled image Base.PkgId(Base.UUID("aea7be01-6a6a-4083-8856-8a6e6704d82a"), "PrecompileTools") not available with flags CacheFlags(; use_pkgimages=true, debug_level=1, check_bounds=0, inline=true, opt_level=2)
│  Stacktrace:
│   [1] error(s::String)
│     @ Base error.jl:56
│   [2] require(into::Module, mod::Symbol)
│     @ Base loading.jl:2661 [inlined]
│   [3] top-level scope
│     @ /tmp/julia-ttfx-depot/packages/BracketingNonlinearSolve/UEmP1/src/BracketingNonlinearSolve.jl:22
│   [4] include(mod::Module, _path::String)
│     @ Base Base.jl:334
│   [5] top-level scope
│     @ stdin:5
│  in expression starting at /tmp/julia-ttfx-depot/packages/BracketingNonlinearSolve/UEmP1/src/BracketingNonlinearSolve.jl:1
│  in expression starting at stdin:5
└  
┌ OrdinaryDiffEqCore
│  ERROR: LoadError: Precompiled image Base.PkgId(Base.UUID("ffbed154-4ef7-542d-bbb7-c09d3a79fcae"), "DocStringExtensions") not available with flags CacheFlags(; use_pkgimages=true, debug_level=1, check_bounds=0, inline=true, opt_level=2)
│  Stacktrace:
│   [1] error(s::String)
│     @ Base error.jl:56
│   [2] require(into::Module, mod::Symbol)
│     @ Base loading.jl:2661 [inlined]
│   [3] top-level scope
│     @ /tmp/julia-ttfx-depot/packages/OrdinaryDiffEqCore/NVUZl/src/OrdinaryDiffEqCore.jl:8
│   [4] include(mod::Module, _path::String)
│     @ Base Base.jl:334
│   [5] top-level scope
│     @ stdin:5
│  in expression starting at /tmp/julia-ttfx-depot/packages/OrdinaryDiffEqCore/NVUZl/src/OrdinaryDiffEqCore.jl:1
│  in expression starting at stdin:5
└  
┌ SciMLBase → SciMLBaseForwardDiffExt
│  ERROR: LoadError: Precompiled image Base.PkgId(Base.UUID("f6369f11-7733-5829-9624-2563aa707210"), "ForwardDiff") not available with flags CacheFlags(; use_pkgimages=true, debug_level=1, check_bounds=0, inline=true, opt_level=2)
│  Stacktrace:
│   [1] error(s::String)
│     @ Base error.jl:56
│   [2] require(into::Module, mod::Symbol)
│     @ Base loading.jl:2661 [inlined]
│   [3] top-level scope
│     @ /tmp/julia-ttfx-depot/packages/SciMLBase/bd9S4/ext/SciMLBaseForwardDiffExt.jl:3
│   [4] include(mod::Module, _path::String)
│     @ Base Base.jl:334
│   [5] top-level scope
│     @ stdin:5
│  in expression starting at /tmp/julia-ttfx-depot/packages/SciMLBase/bd9S4/ext/SciMLBaseForwardDiffExt.jl:1
│  in expression starting at stdin:5
└  
┌ StochasticDiffEqHighOrder
│  ERROR: LoadError: Precompiled image Base.PkgId(Base.UUID("19c5a474-6cd1-4a5f-be79-46dc34e54d7f"), "StochasticDiffEqCore") not available with flags CacheFlags(; use_pkgimages=true, debug_level=1, check_bounds=0, inline=true, opt_level=2)
│  Stacktrace:
│   [1] error(s::String)
│     @ Base error.jl:56
│   [2] require(into::Module, mod::Symbol)
│     @ Base loading.jl:2661 [inlined]
│   [3] top-level scope
│     @ /tmp/julia-ttfx-depot/packages/StochasticDiffEqHighOrder/olOVT/src/StochasticDiffEqHighOrder.jl:4
│   [4] include(mod::Module, _path::String)
│     @ Base Base.jl:334
│   [5] top-level scope
│     @ stdin:5
│  in expression starting at /tmp/julia-ttfx-depot/packages/StochasticDiffEqHighOrder/olOVT/src/StochasticDiffEqHighOrder.jl:1
│  in expression starting at stdin:5
└  
┌ SciMLBase → SciMLBaseDifferentiationInterfaceExt
│  ERROR: LoadError: Precompiled image Base.PkgId(Base.UUID("a0c0ee7d-e4b9-4e03-894e-1c5f64a51d63"), "DifferentiationInterface") not available with flags CacheFlags(; use_pkgimages=true, debug_level=1, check_bounds=0, inline=true, opt_level=2)
│  Stacktrace:
│   [1] error(s::String)
│     @ Base error.jl:56
│   [2] require(into::Module, mod::Symbol)
│     @ Base loading.jl:2661 [inlined]
│   [3] top-level scope
│     @ /tmp/julia-ttfx-depot/packages/SciMLBase/bd9S4/ext/SciMLBaseDifferentiationInterfaceExt.jl:3
│   [4] include(mod::Module, _path::String)
│     @ Base Base.jl:334
│   [5] top-level scope
│     @ stdin:5
│  in expression starting at /tmp/julia-ttfx-depot/packages/SciMLBase/bd9S4/ext/SciMLBaseDifferentiationInterfaceExt.jl:1
│  in expression starting at stdin:5
└  
┌ SciMLBase
│  ERROR: LoadError: Precompiled image Base.PkgId(Base.UUID("3cdcf5f2-1ef4-517c-9805-6587b60abb01"), "RecipesBase") not available with flags CacheFlags(; use_pkgimages=true, debug_level=1, check_bounds=0, inline=true, opt_level=2)
│  Stacktrace:
│   [1] error(s::String)
│     @ Base error.jl:56
│   [2] require(into::Module, mod::Symbol)
│     @ Base loading.jl:2661 [inlined]
│   [3] top-level scope
│     @ /tmp/julia-ttfx-depot/packages/SciMLBase/bd9S4/src/SciMLBase.jl:7
│   [4] include(mod::Module, _path::String)
│     @ Base Base.jl:334
│   [5] top-level scope
│     @ stdin:5
│  in expression starting at /tmp/julia-ttfx-depot/packages/SciMLBase/bd9S4/src/SciMLBase.jl:1
│  in expression starting at stdin:5
└  
┌ DSP
│  ERROR: LoadError: Precompiled image Base.PkgId(Base.UUID("7a1cc6ca-52ef-59f5-83cd-3a7055c09341"), "FFTW") not available with flags CacheFlags(; use_pkgimages=true, debug_level=1, check_bounds=0, inline=true, opt_level=2)
│  Stacktrace:
│   [1] error(s::String)
│     @ Base error.jl:56
│   [2] require(into::Module, mod::Symbol)
│     @ Base loading.jl:2661 [inlined]
│   [3] top-level scope
│     @ /tmp/julia-ttfx-depot/packages/DSP/5rRyc/src/DSP.jl:3
│   [4] include(mod::Module, _path::String)
│     @ Base Base.jl:334
│   [5] top-level scope
│     @ stdin:5
│  in expression starting at /tmp/julia-ttfx-depot/packages/DSP/5rRyc/src/DSP.jl:1
│  in expression starting at stdin:5
└  
┌ BlackBoxOptim
│  ERROR: LoadError: Precompiled image Base.PkgId(Base.UUID("34da2185-b29b-5c13-b0c7-acf172513d20"), "Compat") not available with flags CacheFlags(; use_pkgimages=true, debug_level=1, check_bounds=0, inline=true, opt_level=2)
│  Stacktrace:
│   [1] error(s::String)
│     @ Base error.jl:56
│   [2] require(into::Module, mod::Symbol)
│     @ Base loading.jl:2661 [inlined]
│   [3] top-level scope
│     @ /tmp/julia-ttfx-depot/packages/BlackBoxOptim/IHv3c/src/BlackBoxOptim.jl:9
│   [4] include(mod::Module, _path::String)
│     @ Base Base.jl:334
│   [5] top-level scope
│     @ stdin:5
│  in expression starting at /tmp/julia-ttfx-depot/packages/BlackBoxOptim/IHv3c/src/BlackBoxOptim.jl:1
│  in expression starting at stdin:5
└  
┌ DiffEqBase → DiffEqBaseForwardDiffExt
│  ERROR: LoadError: Precompiled image Base.PkgId(Base.UUID("2b5f629d-d688-5b77-993f-72d75c75574e"), "DiffEqBase") not available with flags CacheFlags(; use_pkgimages=true, debug_level=1, check_bounds=0, inline=true, opt_level=2)
│  Stacktrace:
│   [1] error(s::String)
│     @ Base error.jl:56
│   [2] require(into::Module, mod::Symbol)
│     @ Base loading.jl:2661 [inlined]
│   [3] top-level scope
│     @ /tmp/julia-ttfx-depot/packages/DiffEqBase/Nvq2W/ext/DiffEqBaseForwardDiffExt.jl:3
│   [4] include(mod::Module, _path::String)
│     @ Base Base.jl:334
│   [5] top-level scope
│     @ stdin:5
│  in expression starting at /tmp/julia-ttfx-depot/packages/DiffEqBase/Nvq2W/ext/DiffEqBaseForwardDiffExt.jl:1
│  in expression starting at stdin:5
└  
┌ SymbolicIndexingInterface → SymbolicIndexingInterfacePrettyTablesExt
│  ERROR: LoadError: Precompiled image Base.PkgId(Base.UUID("2efcf032-c050-4f8e-a9bb-153293bab1f5"), "SymbolicIndexingInterface") not available with flags CacheFlags(; use_pkgimages=true, debug_level=1, check_bounds=0, inline=true, opt_level=2)
│  Stacktrace:
│   [1] error(s::String)
│     @ Base error.jl:56
│   [2] require(into::Module, mod::Symbol)
│     @ Base loading.jl:2661 [inlined]
│   [3] top-level scope
│     @ /tmp/julia-ttfx-depot/packages/SymbolicIndexingInterface/R2GCp/ext/SymbolicIndexingInterfacePrettyTablesExt/SymbolicIndexingInterfacePrettyTablesExt.jl:3
│   [4] include(mod::Module, _path::String)
│     @ Base Base.jl:334
│   [5] top-level scope
│     @ stdin:5
│  in expression starting at /tmp/julia-ttfx-depot/packages/SymbolicIndexingInterface/R2GCp/ext/SymbolicIndexingInterfacePrettyTablesExt/SymbolicIndexingInterfacePrettyTablesExt.jl:1
│  in expression starting at stdin:5
└  
┌ DiffEqCallbacks
│  ERROR: LoadError: Precompiled image Base.PkgId(Base.UUID("864edb3b-99cc-5e75-8d2d-829cb0a9cfe8"), "DataStructures") not available with flags CacheFlags(; use_pkgimages=true, debug_level=1, check_bounds=0, inline=true, opt_level=2)
│  Stacktrace:
│   [1] error(s::String)
│     @ Base error.jl:56
│   [2] require(into::Module, mod::Symbol)
│     @ Base loading.jl:2661 [inlined]
│   [3] top-level scope
│     @ /tmp/julia-ttfx-depot/packages/DiffEqCallbacks/EZRac/src/DiffEqCallbacks.jl:4
│   [4] include(mod::Module, _path::String)
│     @ Base Base.jl:334
│   [5] top-level scope
│     @ stdin:5
│  in expression starting at /tmp/julia-ttfx-depot/packages/DiffEqCallbacks/EZRac/src/DiffEqCallbacks.jl:1
│  in expression starting at stdin:5
└  
┌ FillArrays → FillArraysStaticArraysExt
│  ERROR: LoadError: Precompiled image Base.PkgId(Base.UUID("90137ffa-7385-5640-81b9-e52037218182"), "StaticArrays") not available with flags CacheFlags(; use_pkgimages=true, debug_level=1, check_bounds=0, inline=true, opt_level=2)
│  Stacktrace:
│   [1] error(s::String)
│     @ Base error.jl:56
│   [2] require(into::Module, mod::Symbol)
│     @ Base loading.jl:2661 [inlined]
│   [3] top-level scope
│     @ /tmp/julia-ttfx-depot/packages/FillArrays/zA1cC/ext/FillArraysStaticArraysExt.jl:4
│   [4] include(mod::Module, _path::String)
│     @ Base Base.jl:334
│   [5] top-level scope
│     @ stdin:5
│  in expression starting at /tmp/julia-ttfx-depot/packages/FillArrays/zA1cC/ext/FillArraysStaticArraysExt.jl:1
│  in expression starting at stdin:5
└  
┌ Wavelets
│  ERROR: LoadError: Precompiled image Base.PkgId(Base.UUID("276daf66-3868-5448-9aa4-cd146d93841b"), "SpecialFunctions") not available with flags CacheFlags(; use_pkgimages=true, debug_level=1, check_bounds=0, inline=true, opt_level=2)
│  Stacktrace:
│   [1] error(s::String)
│     @ Base error.jl:56
│   [2] require(into::Module, mod::Symbol)
│     @ Base loading.jl:2661 [inlined]
│   [3] top-level scope
│     @ /tmp/julia-ttfx-depot/packages/Wavelets/Wci23/src/Wavelets.jl:4
│   [4] include(mod::Module, _path::String)
│     @ Base Base.jl:334
│   [5] top-level scope
│     @ stdin:5
│  in expression starting at /tmp/julia-ttfx-depot/packages/Wavelets/Wci23/src/Wavelets.jl:3
│  in expression starting at stdin:5
└  
┌ JumpProcesses
│  ERROR: LoadError: Precompiled image Base.PkgId(Base.UUID("2b5f629d-d688-5b77-993f-72d75c75574e"), "DiffEqBase") not available with flags CacheFlags(; use_pkgimages=true, debug_level=1, check_bounds=0, inline=true, opt_level=2)
│  Stacktrace:
│   [1] error(s::String)
│     @ Base error.jl:56
│   [2] require(into::Module, mod::Symbol)
│     @ Base loading.jl:2661 [inlined]
│   [3] top-level scope
│     @ /tmp/julia-ttfx-depot/packages/JumpProcesses/iCpXi/src/JumpProcesses.jl:4
│   [4] include(mod::Module, _path::String)
│     @ Base Base.jl:334
│   [5] top-level scope
│     @ stdin:5
│  in expression starting at /tmp/julia-ttfx-depot/packages/JumpProcesses/iCpXi/src/JumpProcesses.jl:1
│  in expression starting at stdin:5
└  
┌ SciMLJacobianOperators
│  ERROR: LoadError: Precompiled image Base.PkgId(Base.UUID("47edcb42-4c32-4615-8424-f2b9edc5f35b"), "ADTypes") not available with flags CacheFlags(; use_pkgimages=true, debug_level=1, check_bounds=0, inline=true, opt_level=2)
│  Stacktrace:
│   [1] error(s::String)
│     @ Base error.jl:56
│   [2] require(into::Module, mod::Symbol)
│     @ Base loading.jl:2661 [inlined]
│   [3] top-level scope
│     @ /tmp/julia-ttfx-depot/packages/SciMLJacobianOperators/4NbYQ/src/SciMLJacobianOperators.jl:3
│   [4] include(mod::Module, _path::String)
│     @ Base Base.jl:334
│   [5] top-level scope
│     @ stdin:5
│  in expression starting at /tmp/julia-ttfx-depot/packages/SciMLJacobianOperators/4NbYQ/src/SciMLJacobianOperators.jl:1
│  in expression starting at stdin:5
└  
ERROR: The following 176 packages failed to precompile:

StableTasks 
IOError: could not spawn setenv(`/home/ian/.julia/juliaup/julia-pr62725/libexec/julia/lld -flavor gnu --build-id --eh-frame-hdr --hash-style=gnu --as-needed -z relro -z defs '' -shared -o /tmp/julia-ttfx-depot/compiled/v1.14/StableTasks/jl_gnaJ3S /home/ian/.julia/juliaup/julia-pr62725/lib/crti.o /home/ian/.julia/juliaup/julia-pr62725/lib/crtbeginS.o --whole-archive /tmp/julia-ttfx-depot/compiled/v1.14/StableTasks/jl_TdGeMC --no-whole-archive -L/home/ian/.julia/juliaup/julia-pr62725/lib/julia -L/home/ian/.julia/juliaup/julia-pr62725/lib -L/home/ian/.julia/juliaup/julia-pr62725/lib -ljulia -ljulia-internal -lgcc --as-needed -lgcc_s -latomic -lopenlibm --no-as-needed /lib/x86_64-linux-gnu/libc.so.6 --as-needed /lib64/ld-linux-x86-64.so.2 --no-as-needed /home/ian/.julia/juliaup/julia-pr62725/lib/crtendS.o /home/ian/.julia/juliaup/julia-pr62725/lib/crtn.o`,["TERM_PROGRAM_VERSION=3.4", "TERM=tmux-256color", "TTFX_DEPOT_PATH=/tmp/julia-ttfx-depot", "HUSHLOGIN=FALSE", "USER=ian", "LESSCLOSE=/usr/bin/lesspipe %s %s", "OPENBLAS_MAIN_FREE=1", "LC_TERMINAL=iTerm2", "SHELL=/bin/bash", "SHLVL=2", "SSH_CONNECTION=100.95.84.5 50454 100.82.112.7 22", "XDG_SESSION_TYPE=tty", "TMUX_PANE=%2", "DEBUGINFOD_URLS=https://debuginfod.ubuntu.com ", "MAIL=/var/mail/ian", "SSH_CLIENT=100.104.183.53 58167 22", "PWD", "TERM_PROGRAM=tmux", "LESSOPEN=| /usr/bin/lesspipe %s", "OPENBLAS_DEFAULT_NUM_THREADS=1", "JULIA_PKG_PRECOMPILE_AUTO=0", "JULIA_DEPOT_PATH=/tmp/julia-ttfx-depot:", "LD_LIBRARY_PATH=/home/ian/.julia/juliaup/julia-pr62725/lib/julia:/home/ian/.julia/juliaup/julia-pr62725/lib:/usr/local/cuda/lib64:", "XDG_DATA_DIRS=/usr/share/gnome:/usr/local/share:/usr/share:/var/lib/snapd/desktop", "TMUX=/tmp/tmux-1000/default,1292951,2", "REMOTEHOST=100.104.183.53", "XDG_SESSION_ID=1677", "OLDPWD=/home/ian/Documents/GitHub/julia", "HOME=/home/ian", "LC_TERMINAL_VERSION=3.6.11", "PATH=/home/ian/.julia/juliaup/julia-pr62725/libexec/julia:/home/ian/.juliaup/bin:/home/ian/.local/bin:/usr/local/sbin:/usr/local/bin:/usr/sbin:/usr/bin:/sbin:/bin:/usr/games:/usr/local/games:/snap/bin", "XDG_RUNTIME_DIR=/run/user/1000", "_=/home/ian/.juliaup/bin/julia", "DBUS_SESSION_BUS_ADDRESS=unix:path=/run/user/1000/bus", "JULIA_PRECOMPILE_JOBSERVER=/jl_pc_3749826_1", "SSH_TTY=/dev/pts/1", "LOGNAME=ian", "LS_COLORS=rs=0:di=01;34:ln=01;36:mh=00:pi=40;33:so=01;35:do=01;35:bd=40;33;01:cd=40;33;01:or=40;31;01:mi=00:su=37;41:sg=30;43:ca=00:tw=30;42:ow=34;42:st=37;44:ex=01;32:*.tar=01;31:*.tgz=01;31:*.arc=01;31:*.arj=01;31:*.taz=01;31:*.lha=01;31:*.lz4=01;31:*.lzh=01;31:*.lzma=01;31:*.tlz=01;31:*.txz=01;31:*.tzo=01;31:*.t7z=01;31:*.zip=01;31:*.z=01;31:*.dz=01;31:*.gz=01;31:*.lrz=01;31:*.lz=01;31:*.lzo=01;31:*.xz=01;31:*.zst=01;31:*.tzst=01;31:*.bz2=01;31:*.bz=01;31:*.tbz=01;31:*.tbz2=01;31:*.tz=01;31:*.deb=01;31:*.rpm=01;31:*.jar=01;31:*.war=01;31:*.ear=01;31:*.sar=01;31:*.rar=01;31:*.alz=01;31:*.ace=01;31:*.zoo=01;31:*.cpio=01;31:*.7z=01;31:*.rz=01;31:*.cab=01;31:*.wim=01;31:*.swm=01;31:*.dwm=01;31:*.esd=01;31:*.avif=01;35:*.jpg=01;35:*.jpeg=01;35:*.mjpg=01;35:*.mjpeg=01;35:*.gif=01;35:*.bmp=01;35:*.pbm=01;35:*.pgm=01;35:*.ppm=01;35:*.tga=01;35:*.xbm=01;35:*.xpm=01;35:*.tif=01;35:*.tiff=01;35:*.png=01;35:*.svg=01;35:*.svgz=01;35:*.mng=01;35:*.pcx=01;35:*.mov=01;35:*.mpg=01;35:*.mpeg=01;35:*.m2v=01;35:*.mkv=01;35:*.webm=01;35:*.webp=01;35:*.ogm=01;35:*.mp4=01;35:*.m4v=01;35:*.mp4v=01;35:*.vob=01;35:*.qt=01;35:*.nuv=01;35:*.wmv=01;35:*.asf=01;35:*.rm=01;35:*.rmvb=01;35:*.flc=01;35:*.avi=01;35:*.fli=01;35:*.flv=01;35:*.gl=01;35:*.dl=01;35:*.xcf=01;35:*.xwd=01;35:*.yuv=01;35:*.cgm=01;35:*.emf=01;35:*.ogv=01;35:*.ogx=01;35:*.aac=00;36:*.au=00;36:*.flac=00;36:*.m4a=00;36:*.mid=00;36:*.midi=00;36:*.mka=00;36:*.mp3=00;36:*.mpc=00;36:*.ogg=00;36:*.ra=00;36:*.wav=00;36:*.oga=00;36:*.opus=00;36:*.spx=00;36:*.xspf=00;36:*~=00;90:*#=00;90:*.bak=00;90:*.crdownload=00;90:*.dpkg-dist=00;90:*.dpkg-new=00;90:*.dpkg-old=00;90:*.dpkg-tmp=00;90:*.old=00;90:*.orig=00;90:*.part=00;90:*.rej=00;90:*.rpmnew=00;90:*.rpmorig=00;90:*.rpmsave=00;90:*.swp=00;90:*.tmp=00;90:*.ucf-dist=00;90:*.ucf-new=00;90:*.ucf-old=00;90:", "XDG_SESSION_CLASS=user", "LANG=en_US.UTF-8"]): no such file or directory (ENOENT)
Many shells expand '~' to the home directory in unquoted strings. To replicate this behavior, call `expanduser` to expand the '~' character to the user’s home directory.

Distributions → DistributionsTestExt 
Failed to precompile DistributionsTestExt [97e91c44-ec20-54a5-a577-1f39617b064d] to "/tmp/julia-ttfx-depot/compiled/v1.14/DistributionsTestExt/jl_5ajvEh" (ProcessExited(1)).

oneTBB_jll 
IOError: could not spawn setenv(`/home/ian/.julia/juliaup/julia-pr62725/bin/julia -C native -J/home/ian/.julia/juliaup/julia-pr62725/lib/julia/sys.so -g1 --startup-file=no --compiled-modules=strict --output-o /tmp/julia-ttfx-depot/compiled/v1.14/oneTBB_jll/jl_ZMBfFl --output-ji /tmp/julia-ttfx-depot/compiled/v1.14/oneTBB_jll/jl_baH2IW --output-incremental=yes --startup-file=no --history-file=no --warn-overwrite=yes --color=auto -`,["TERM=tmux-256color", "TTFX_DEPOT_PATH=/tmp/julia-ttfx-depot", "OPENBLAS_NUM_THREADS=1", "OPENBLAS_MAIN_FREE=1", "SHELL=/bin/bash", "SSH_CLIENT=100.104.183.53 58167 22", "JULIA_DEPOT_PATH=/tmp/julia-ttfx-depot:", "OLDPWD=/home/ian/Documents/GitHub/julia", "TMUX=/tmp/tmux-1000/default,1292951,2", "LC_TERMINAL_VERSION=3.6.11", "XDG_RUNTIME_DIR=/run/user/1000", "JULIA_PRECOMPILE_JOBSERVER=/jl_pc_3749826_1", "USER=ian", "LC_TERMINAL=iTerm2", "SHLVL=2", "MAIL=/var/mail/ian", "TERM_PROGRAM=tmux", "LD_LIBRARY_PATH=/usr/local/cuda/lib64:", "_=/home/ian/.juliaup/bin/julia", "LS_COLORS=rs=0:di=01;34:ln=01;36:mh=00:pi=40;33:so=01;35:do=01;35:bd=40;33;01:cd=40;33;01:or=40;31;01:mi=00:su=37;41:sg=30;43:ca=00:tw=30;42:ow=34;42:st=37;44:ex=01;32:*.tar=01;31:*.tgz=01;31:*.arc=01;31:*.arj=01;31:*.taz=01;31:*.lha=01;31:*.lz4=01;31:*.lzh=01;31:*.lzma=01;31:*.tlz=01;31:*.txz=01;31:*.tzo=01;31:*.t7z=01;31:*.zip=01;31:*.z=01;31:*.dz=01;31:*.gz=01;31:*.lrz=01;31:*.lz=01;31:*.lzo=01;31:*.xz=01;31:*.zst=01;31:*.tzst=01;31:*.bz2=01;31:*.bz=01;31:*.tbz=01;31:*.tbz2=01;31:*.tz=01;31:*.deb=01;31:*.rpm=01;31:*.jar=01;31:*.war=01;31:*.ear=01;31:*.sar=01;31:*.rar=01;31:*.alz=01;31:*.ace=01;31:*.zoo=01;31:*.cpio=01;31:*.7z=01;31:*.rz=01;31:*.cab=01;31:*.wim=01;31:*.swm=01;31:*.dwm=01;31:*.esd=01;31:*.avif=01;35:*.jpg=01;35:*.jpeg=01;35:*.mjpg=01;35:*.mjpeg=01;35:*.gif=01;35:*.bmp=01;35:*.pbm=01;35:*.pgm=01;35:*.ppm=01;35:*.tga=01;35:*.xbm=01;35:*.xpm=01;35:*.tif=01;35:*.tiff=01;35:*.png=01;35:*.svg=01;35:*.svgz=01;35:*.mng=01;35:*.pcx=01;35:*.mov=01;35:*.mpg=01;35:*.mpeg=01;35:*.m2v=01;35:*.mkv=01;35:*.webm=01;35:*.webp=01;35:*.ogm=01;35:*.mp4=01;35:*.m4v=01;35:*.mp4v=01;35:*.vob=01;35:*.qt=01;35:*.nuv=01;35:*.wmv=01;35:*.asf=01;35:*.rm=01;35:*.rmvb=01;35:*.flc=01;35:*.avi=01;35:*.fli=01;35:*.flv=01;35:*.gl=01;35:*.dl=01;35:*.xcf=01;35:*.xwd=01;35:*.yuv=01;35:*.cgm=01;35:*.emf=01;35:*.ogv=01;35:*.ogx=01;35:*.aac=00;36:*.au=00;36:*.flac=00;36:*.m4a=00;36:*.mid=00;36:*.midi=00;36:*.mka=00;36:*.mp3=00;36:*.mpc=00;36:*.ogg=00;36:*.ra=00;36:*.wav=00;36:*.oga=00;36:*.opus=00;36:*.spx=00;36:*.xspf=00;36:*~=00;90:*#=00;90:*.bak=00;90:*.crdownload=00;90:*.dpkg-dist=00;90:*.dpkg-new=00;90:*.dpkg-old=00;90:*.dpkg-tmp=00;90:*.old=00;90:*.orig=00;90:*.part=00;90:*.rej=00;90:*.rpmnew=00;90:*.rpmorig=00;90:*.rpmsave=00;90:*.swp=00;90:*.tmp=00;90:*.ucf-dist=00;90:*.ucf-new=00;90:*.ucf-old=00;90:", "LANG=en_US.UTF-8", "LESSCLOSE=/usr/bin/lesspipe %s %s", "SSH_CONNECTION=100.95.84.5 50454 100.82.112.7 22", "TMUX_PANE=%2", "LESSOPEN=| /usr/bin/lesspipe %s", "JULIA_PKG_PRECOMPILE_AUTO=0", "XDG_DATA_DIRS=/usr/share/gnome:/usr/local/share:/usr/share:/var/lib/snapd/desktop", "XDG_SESSION_ID=1677", "PATH=/home/ian/.juliaup/bin:/home/ian/.local/bin:/usr/local/sbin:/usr/local/bin:/usr/sbin:/usr/bin:/sbin:/bin:/usr/games:/usr/local/games:/snap/bin", "SSH_TTY=/dev/pts/1", "LOGNAME=ian", "TERM_PROGRAM_VERSION=3.4", "HUSHLOGIN=FALSE", "XDG_SESSION_TYPE=tty", "DEBUGINFOD_URLS=https://debuginfod.ubuntu.com ", "PWD", "OPENBLAS_DEFAULT_NUM_THREADS=1", "REMOTEHOST=100.104.183.53", "HOME=/home/ian", "JULIA_NUM_THREADS=1", "JULIA_PRECOMP_REPORT_TIMING=1", "DBUS_SESSION_BUS_ADDRESS=unix:path=/run/user/1000/bus", "XDG_SESSION_CLASS=user"]): no such file or directory (ENOENT)
Many shells expand '~' to the home directory in unquoted strings. To replicate this behavior, call `expanduser` to expand the '~' character to the user’s home directory.

DiffEqBase 
Failed to precompile DiffEqBase [2b5f629d-d688-5b77-993f-72d75c75574e] to "/tmp/julia-ttfx-depot/compiled/v1.14/DiffEqBase/jl_uXHJKT" (ProcessExited(1)).

Accessors → StaticArraysExt 
IOError: could not spawn setenv(`/home/ian/.julia/juliaup/julia-pr62725/bin/julia -C native -J/home/ian/.julia/juliaup/julia-pr62725/lib/julia/sys.so -g1 --startup-file=no --compiled-modules=strict --output-o /tmp/julia-ttfx-depot/compiled/v1.14/StaticArraysExt/jl_AEhQK6 --output-ji /tmp/julia-ttfx-depot/compiled/v1.14/StaticArraysExt/jl_AX0pBQ --output-incremental=yes --startup-file=no --history-file=no --warn-overwrite=yes --color=auto -`,["TERM=tmux-256color", "TTFX_DEPOT_PATH=/tmp/julia-ttfx-depot", "OPENBLAS_NUM_THREADS=1", "OPENBLAS_MAIN_FREE=1", "SHELL=/bin/bash", "SSH_CLIENT=100.104.183.53 58167 22", "JULIA_DEPOT_PATH=/tmp/julia-ttfx-depot:", "OLDPWD=/home/ian/Documents/GitHub/julia", "TMUX=/tmp/tmux-1000/default,1292951,2", "LC_TERMINAL_VERSION=3.6.11", "XDG_RUNTIME_DIR=/run/user/1000", "JULIA_PRECOMPILE_JOBSERVER=/jl_pc_3749826_1", "USER=ian", "LC_TERMINAL=iTerm2", "SHLVL=2", "MAIL=/var/mail/ian", "TERM_PROGRAM=tmux", "LD_LIBRARY_PATH=/usr/local/cuda/lib64:", "_=/home/ian/.juliaup/bin/julia", "LS_COLORS=rs=0:di=01;34:ln=01;36:mh=00:pi=40;33:so=01;35:do=01;35:bd=40;33;01:cd=40;33;01:or=40;31;01:mi=00:su=37;41:sg=30;43:ca=00:tw=30;42:ow=34;42:st=37;44:ex=01;32:*.tar=01;31:*.tgz=01;31:*.arc=01;31:*.arj=01;31:*.taz=01;31:*.lha=01;31:*.lz4=01;31:*.lzh=01;31:*.lzma=01;31:*.tlz=01;31:*.txz=01;31:*.tzo=01;31:*.t7z=01;31:*.zip=01;31:*.z=01;31:*.dz=01;31:*.gz=01;31:*.lrz=01;31:*.lz=01;31:*.lzo=01;31:*.xz=01;31:*.zst=01;31:*.tzst=01;31:*.bz2=01;31:*.bz=01;31:*.tbz=01;31:*.tbz2=01;31:*.tz=01;31:*.deb=01;31:*.rpm=01;31:*.jar=01;31:*.war=01;31:*.ear=01;31:*.sar=01;31:*.rar=01;31:*.alz=01;31:*.ace=01;31:*.zoo=01;31:*.cpio=01;31:*.7z=01;31:*.rz=01;31:*.cab=01;31:*.wim=01;31:*.swm=01;31:*.dwm=01;31:*.esd=01;31:*.avif=01;35:*.jpg=01;35:*.jpeg=01;35:*.mjpg=01;35:*.mjpeg=01;35:*.gif=01;35:*.bmp=01;35:*.pbm=01;35:*.pgm=01;35:*.ppm=01;35:*.tga=01;35:*.xbm=01;35:*.xpm=01;35:*.tif=01;35:*.tiff=01;35:*.png=01;35:*.svg=01;35:*.svgz=01;35:*.mng=01;35:*.pcx=01;35:*.mov=01;35:*.mpg=01;35:*.mpeg=01;35:*.m2v=01;35:*.mkv=01;35:*.webm=01;35:*.webp=01;35:*.ogm=01;35:*.mp4=01;35:*.m4v=01;35:*.mp4v=01;35:*.vob=01;35:*.qt=01;35:*.nuv=01;35:*.wmv=01;35:*.asf=01;35:*.rm=01;35:*.rmvb=01;35:*.flc=01;35:*.avi=01;35:*.fli=01;35:*.flv=01;35:*.gl=01;35:*.dl=01;35:*.xcf=01;35:*.xwd=01;35:*.yuv=01;35:*.cgm=01;35:*.emf=01;35:*.ogv=01;35:*.ogx=01;35:*.aac=00;36:*.au=00;36:*.flac=00;36:*.m4a=00;36:*.mid=00;36:*.midi=00;36:*.mka=00;36:*.mp3=00;36:*.mpc=00;36:*.ogg=00;36:*.ra=00;36:*.wav=00;36:*.oga=00;36:*.opus=00;36:*.spx=00;36:*.xspf=00;36:*~=00;90:*#=00;90:*.bak=00;90:*.crdownload=00;90:*.dpkg-dist=00;90:*.dpkg-new=00;90:*.dpkg-old=00;90:*.dpkg-tmp=00;90:*.old=00;90:*.orig=00;90:*.part=00;90:*.rej=00;90:*.rpmnew=00;90:*.rpmorig=00;90:*.rpmsave=00;90:*.swp=00;90:*.tmp=00;90:*.ucf-dist=00;90:*.ucf-new=00;90:*.ucf-old=00;90:", "LANG=en_US.UTF-8", "LESSCLOSE=/usr/bin/lesspipe %s %s", "SSH_CONNECTION=100.95.84.5 50454 100.82.112.7 22", "TMUX_PANE=%2", "LESSOPEN=| /usr/bin/lesspipe %s", "JULIA_PKG_PRECOMPILE_AUTO=0", "XDG_DATA_DIRS=/usr/share/gnome:/usr/local/share:/usr/share:/var/lib/snapd/desktop", "XDG_SESSION_ID=1677", "PATH=/home/ian/.juliaup/bin:/home/ian/.local/bin:/usr/local/sbin:/usr/local/bin:/usr/sbin:/usr/bin:/sbin:/bin:/usr/games:/usr/local/games:/snap/bin", "SSH_TTY=/dev/pts/1", "LOGNAME=ian", "TERM_PROGRAM_VERSION=3.4", "HUSHLOGIN=FALSE", "XDG_SESSION_TYPE=tty", "DEBUGINFOD_URLS=https://debuginfod.ubuntu.com ", "PWD", "OPENBLAS_DEFAULT_NUM_THREADS=1", "REMOTEHOST=100.104.183.53", "HOME=/home/ian", "JULIA_NUM_THREADS=1", "JULIA_PRECOMP_REPORT_TIMING=1", "DBUS_SESSION_BUS_ADDRESS=unix:path=/run/user/1000/bus", "XDG_SESSION_CLASS=user"]): no such file or directory (ENOENT)
Many shells expand '~' to the home directory in unquoted strings. To replicate this behavior, call `expanduser` to expand the '~' character to the user’s home directory.

DiffEqBase → DiffEqBaseSparseArraysExt 
Failed to precompile DiffEqBaseSparseArraysExt [67a4a6c4-3f6a-51e0-8847-6908ddbf4c94] to "/tmp/julia-ttfx-depot/compiled/v1.14/DiffEqBaseSparseArraysExt/jl_0QDgsF" (ProcessExited(1)).

TimerOutputs 
Failed to precompile TimerOutputs [a759f4b9-e2f1-59dc-863e-4aeb61b1ea8f] to "/tmp/julia-ttfx-depot/compiled/v1.14/TimerOutputs/jl_wpsbt0" (ProcessExited(1)).

Graphs 
IOError: could not spawn setenv(`/home/ian/.julia/juliaup/julia-pr62725/bin/julia -C native -J/home/ian/.julia/juliaup/julia-pr62725/lib/julia/sys.so -g1 --startup-file=no --compiled-modules=strict --output-o /tmp/julia-ttfx-depot/compiled/v1.14/Graphs/jl_16hFI0 --output-ji /tmp/julia-ttfx-depot/compiled/v1.14/Graphs/jl_vDUuDr --output-incremental=yes --startup-file=no --history-file=no --warn-overwrite=yes --color=auto -`,["TERM=tmux-256color", "TTFX_DEPOT_PATH=/tmp/julia-ttfx-depot", "OPENBLAS_NUM_THREADS=1", "OPENBLAS_MAIN_FREE=1", "SHELL=/bin/bash", "SSH_CLIENT=100.104.183.53 58167 22", "JULIA_DEPOT_PATH=/tmp/julia-ttfx-depot:", "OLDPWD=/home/ian/Documents/GitHub/julia", "TMUX=/tmp/tmux-1000/default,1292951,2", "LC_TERMINAL_VERSION=3.6.11", "XDG_RUNTIME_DIR=/run/user/1000", "JULIA_PRECOMPILE_JOBSERVER=/jl_pc_3749826_1", "USER=ian", "LC_TERMINAL=iTerm2", "SHLVL=2", "MAIL=/var/mail/ian", "TERM_PROGRAM=tmux", "LD_LIBRARY_PATH=/usr/local/cuda/lib64:", "_=/home/ian/.juliaup/bin/julia", "LS_COLORS=rs=0:di=01;34:ln=01;36:mh=00:pi=40;33:so=01;35:do=01;35:bd=40;33;01:cd=40;33;01:or=40;31;01:mi=00:su=37;41:sg=30;43:ca=00:tw=30;42:ow=34;42:st=37;44:ex=01;32:*.tar=01;31:*.tgz=01;31:*.arc=01;31:*.arj=01;31:*.taz=01;31:*.lha=01;31:*.lz4=01;31:*.lzh=01;31:*.lzma=01;31:*.tlz=01;31:*.txz=01;31:*.tzo=01;31:*.t7z=01;31:*.zip=01;31:*.z=01;31:*.dz=01;31:*.gz=01;31:*.lrz=01;31:*.lz=01;31:*.lzo=01;31:*.xz=01;31:*.zst=01;31:*.tzst=01;31:*.bz2=01;31:*.bz=01;31:*.tbz=01;31:*.tbz2=01;31:*.tz=01;31:*.deb=01;31:*.rpm=01;31:*.jar=01;31:*.war=01;31:*.ear=01;31:*.sar=01;31:*.rar=01;31:*.alz=01;31:*.ace=01;31:*.zoo=01;31:*.cpio=01;31:*.7z=01;31:*.rz=01;31:*.cab=01;31:*.wim=01;31:*.swm=01;31:*.dwm=01;31:*.esd=01;31:*.avif=01;35:*.jpg=01;35:*.jpeg=01;35:*.mjpg=01;35:*.mjpeg=01;35:*.gif=01;35:*.bmp=01;35:*.pbm=01;35:*.pgm=01;35:*.ppm=01;35:*.tga=01;35:*.xbm=01;35:*.xpm=01;35:*.tif=01;35:*.tiff=01;35:*.png=01;35:*.svg=01;35:*.svgz=01;35:*.mng=01;35:*.pcx=01;35:*.mov=01;35:*.mpg=01;35:*.mpeg=01;35:*.m2v=01;35:*.mkv=01;35:*.webm=01;35:*.webp=01;35:*.ogm=01;35:*.mp4=01;35:*.m4v=01;35:*.mp4v=01;35:*.vob=01;35:*.qt=01;35:*.nuv=01;35:*.wmv=01;35:*.asf=01;35:*.rm=01;35:*.rmvb=01;35:*.flc=01;35:*.avi=01;35:*.fli=01;35:*.flv=01;35:*.gl=01;35:*.dl=01;35:*.xcf=01;35:*.xwd=01;35:*.yuv=01;35:*.cgm=01;35:*.emf=01;35:*.ogv=01;35:*.ogx=01;35:*.aac=00;36:*.au=00;36:*.flac=00;36:*.m4a=00;36:*.mid=00;36:*.midi=00;36:*.mka=00;36:*.mp3=00;36:*.mpc=00;36:*.ogg=00;36:*.ra=00;36:*.wav=00;36:*.oga=00;36:*.opus=00;36:*.spx=00;36:*.xspf=00;36:*~=00;90:*#=00;90:*.bak=00;90:*.crdownload=00;90:*.dpkg-dist=00;90:*.dpkg-new=00;90:*.dpkg-old=00;90:*.dpkg-tmp=00;90:*.old=00;90:*.orig=00;90:*.part=00;90:*.rej=00;90:*.rpmnew=00;90:*.rpmorig=00;90:*.rpmsave=00;90:*.swp=00;90:*.tmp=00;90:*.ucf-dist=00;90:*.ucf-new=00;90:*.ucf-old=00;90:", "LANG=en_US.UTF-8", "LESSCLOSE=/usr/bin/lesspipe %s %s", "SSH_CONNECTION=100.95.84.5 50454 100.82.112.7 22", "TMUX_PANE=%2", "LESSOPEN=| /usr/bin/lesspipe %s", "JULIA_PKG_PRECOMPILE_AUTO=0", "XDG_DATA_DIRS=/usr/share/gnome:/usr/local/share:/usr/share:/var/lib/snapd/desktop", "XDG_SESSION_ID=1677", "PATH=/home/ian/.juliaup/bin:/home/ian/.local/bin:/usr/local/sbin:/usr/local/bin:/usr/sbin:/usr/bin:/sbin:/bin:/usr/games:/usr/local/games:/snap/bin", "SSH_TTY=/dev/pts/1", "LOGNAME=ian", "TERM_PROGRAM_VERSION=3.4", "HUSHLOGIN=FALSE", "XDG_SESSION_TYPE=tty", "DEBUGINFOD_URLS=https://debuginfod.ubuntu.com ", "PWD", "OPENBLAS_DEFAULT_NUM_THREADS=1", "REMOTEHOST=100.104.183.53", "HOME=/home/ian", "JULIA_NUM_THREADS=1", "JULIA_PRECOMP_REPORT_TIMING=1", "DBUS_SESSION_BUS_ADDRESS=unix:path=/run/user/1000/bus", "XDG_SESSION_CLASS=user"]): no such file or directory (ENOENT)
Many shells expand '~' to the home directory in unquoted strings. To replicate this behavior, call `expanduser` to expand the '~' character to the user’s home directory.

StaticArrays → StaticArraysStatisticsExt 
IOError: could not spawn setenv(`/home/ian/.julia/juliaup/julia-pr62725/bin/julia -C native -J/home/ian/.julia/juliaup/julia-pr62725/lib/julia/sys.so -g1 --startup-file=no --compiled-modules=strict --output-o /tmp/julia-ttfx-depot/compiled/v1.14/StaticArraysStatisticsExt/jl_bJxocS --output-ji /tmp/julia-ttfx-depot/compiled/v1.14/StaticArraysStatisticsExt/jl_2UMvsk --output-incremental=yes --startup-file=no --history-file=no --warn-overwrite=yes --color=auto -`,["TERM=tmux-256color", "TTFX_DEPOT_PATH=/tmp/julia-ttfx-depot", "OPENBLAS_NUM_THREADS=1", "OPENBLAS_MAIN_FREE=1", "SHELL=/bin/bash", "SSH_CLIENT=100.104.183.53 58167 22", "JULIA_DEPOT_PATH=/tmp/julia-ttfx-depot:", "OLDPWD=/home/ian/Documents/GitHub/julia", "TMUX=/tmp/tmux-1000/default,1292951,2", "LC_TERMINAL_VERSION=3.6.11", "XDG_RUNTIME_DIR=/run/user/1000", "JULIA_PRECOMPILE_JOBSERVER=/jl_pc_3749826_1", "USER=ian", "LC_TERMINAL=iTerm2", "SHLVL=2", "MAIL=/var/mail/ian", "TERM_PROGRAM=tmux", "LD_LIBRARY_PATH=/usr/local/cuda/lib64:", "_=/home/ian/.juliaup/bin/julia", "LS_COLORS=rs=0:di=01;34:ln=01;36:mh=00:pi=40;33:so=01;35:do=01;35:bd=40;33;01:cd=40;33;01:or=40;31;01:mi=00:su=37;41:sg=30;43:ca=00:tw=30;42:ow=34;42:st=37;44:ex=01;32:*.tar=01;31:*.tgz=01;31:*.arc=01;31:*.arj=01;31:*.taz=01;31:*.lha=01;31:*.lz4=01;31:*.lzh=01;31:*.lzma=01;31:*.tlz=01;31:*.txz=01;31:*.tzo=01;31:*.t7z=01;31:*.zip=01;31:*.z=01;31:*.dz=01;31:*.gz=01;31:*.lrz=01;31:*.lz=01;31:*.lzo=01;31:*.xz=01;31:*.zst=01;31:*.tzst=01;31:*.bz2=01;31:*.bz=01;31:*.tbz=01;31:*.tbz2=01;31:*.tz=01;31:*.deb=01;31:*.rpm=01;31:*.jar=01;31:*.war=01;31:*.ear=01;31:*.sar=01;31:*.rar=01;31:*.alz=01;31:*.ace=01;31:*.zoo=01;31:*.cpio=01;31:*.7z=01;31:*.rz=01;31:*.cab=01;31:*.wim=01;31:*.swm=01;31:*.dwm=01;31:*.esd=01;31:*.avif=01;35:*.jpg=01;35:*.jpeg=01;35:*.mjpg=01;35:*.mjpeg=01;35:*.gif=01;35:*.bmp=01;35:*.pbm=01;35:*.pgm=01;35:*.ppm=01;35:*.tga=01;35:*.xbm=01;35:*.xpm=01;35:*.tif=01;35:*.tiff=01;35:*.png=01;35:*.svg=01;35:*.svgz=01;35:*.mng=01;35:*.pcx=01;35:*.mov=01;35:*.mpg=01;35:*.mpeg=01;35:*.m2v=01;35:*.mkv=01;35:*.webm=01;35:*.webp=01;35:*.ogm=01;35:*.mp4=01;35:*.m4v=01;35:*.mp4v=01;35:*.vob=01;35:*.qt=01;35:*.nuv=01;35:*.wmv=01;35:*.asf=01;35:*.rm=01;35:*.rmvb=01;35:*.flc=01;35:*.avi=01;35:*.fli=01;35:*.flv=01;35:*.gl=01;35:*.dl=01;35:*.xcf=01;35:*.xwd=01;35:*.yuv=01;35:*.cgm=01;35:*.emf=01;35:*.ogv=01;35:*.ogx=01;35:*.aac=00;36:*.au=00;36:*.flac=00;36:*.m4a=00;36:*.mid=00;36:*.midi=00;36:*.mka=00;36:*.mp3=00;36:*.mpc=00;36:*.ogg=00;36:*.ra=00;36:*.wav=00;36:*.oga=00;36:*.opus=00;36:*.spx=00;36:*.xspf=00;36:*~=00;90:*#=00;90:*.bak=00;90:*.crdownload=00;90:*.dpkg-dist=00;90:*.dpkg-new=00;90:*.dpkg-old=00;90:*.dpkg-tmp=00;90:*.old=00;90:*.orig=00;90:*.part=00;90:*.rej=00;90:*.rpmnew=00;90:*.rpmorig=00;90:*.rpmsave=00;90:*.swp=00;90:*.tmp=00;90:*.ucf-dist=00;90:*.ucf-new=00;90:*.ucf-old=00;90:", "LANG=en_US.UTF-8", "LESSCLOSE=/usr/bin/lesspipe %s %s", "SSH_CONNECTION=100.95.84.5 50454 100.82.112.7 22", "TMUX_PANE=%2", "LESSOPEN=| /usr/bin/lesspipe %s", "JULIA_PKG_PRECOMPILE_AUTO=0", "XDG_DATA_DIRS=/usr/share/gnome:/usr/local/share:/usr/share:/var/lib/snapd/desktop", "XDG_SESSION_ID=1677", "PATH=/home/ian/.juliaup/bin:/home/ian/.local/bin:/usr/local/sbin:/usr/local/bin:/usr/sbin:/usr/bin:/sbin:/bin:/usr/games:/usr/local/games:/snap/bin", "SSH_TTY=/dev/pts/1", "LOGNAME=ian", "TERM_PROGRAM_VERSION=3.4", "HUSHLOGIN=FALSE", "XDG_SESSION_TYPE=tty", "DEBUGINFOD_URLS=https://debuginfod.ubuntu.com ", "PWD", "OPENBLAS_DEFAULT_NUM_THREADS=1", "REMOTEHOST=100.104.183.53", "HOME=/home/ian", "JULIA_NUM_THREADS=1", "JULIA_PRECOMP_REPORT_TIMING=1", "DBUS_SESSION_BUS_ADDRESS=unix:path=/run/user/1000/bus", "XDG_SESSION_CLASS=user"]): no such file or directory (ENOENT)
Many shells expand '~' to the home directory in unquoted strings. To replicate this behavior, call `expanduser` to expand the '~' character to the user’s home directory.

OrderedCollections 
IOError: could not spawn setenv(`/home/ian/.julia/juliaup/julia-pr62725/libexec/julia/lld -flavor gnu --build-id --eh-frame-hdr --hash-style=gnu --as-needed -z relro -z defs '' -shared -o /tmp/julia-ttfx-depot/compiled/v1.14/OrderedCollections/jl_sD3U0E /home/ian/.julia/juliaup/julia-pr62725/lib/crti.o /home/ian/.julia/juliaup/julia-pr62725/lib/crtbeginS.o --whole-archive /tmp/julia-ttfx-depot/compiled/v1.14/OrderedCollections/jl_OHFXbq --no-whole-archive -L/home/ian/.julia/juliaup/julia-pr62725/lib/julia -L/home/ian/.julia/juliaup/julia-pr62725/lib -L/home/ian/.julia/juliaup/julia-pr62725/lib -ljulia -ljulia-internal -lgcc --as-needed -lgcc_s -latomic -lopenlibm --no-as-needed /lib/x86_64-linux-gnu/libc.so.6 --as-needed /lib64/ld-linux-x86-64.so.2 --no-as-needed /home/ian/.julia/juliaup/julia-pr62725/lib/crtendS.o /home/ian/.julia/juliaup/julia-pr62725/lib/crtn.o`,["TERM_PROGRAM_VERSION=3.4", "TERM=tmux-256color", "TTFX_DEPOT_PATH=/tmp/julia-ttfx-depot", "HUSHLOGIN=FALSE", "USER=ian", "LESSCLOSE=/usr/bin/lesspipe %s %s", "OPENBLAS_MAIN_FREE=1", "LC_TERMINAL=iTerm2", "SHELL=/bin/bash", "SHLVL=2", "SSH_CONNECTION=100.95.84.5 50454 100.82.112.7 22", "XDG_SESSION_TYPE=tty", "TMUX_PANE=%2", "DEBUGINFOD_URLS=https://debuginfod.ubuntu.com ", "MAIL=/var/mail/ian", "SSH_CLIENT=100.104.183.53 58167 22", "PWD", "TERM_PROGRAM=tmux", "LESSOPEN=| /usr/bin/lesspipe %s", "OPENBLAS_DEFAULT_NUM_THREADS=1", "JULIA_PKG_PRECOMPILE_AUTO=0", "JULIA_DEPOT_PATH=/tmp/julia-ttfx-depot:", "LD_LIBRARY_PATH=/home/ian/.julia/juliaup/julia-pr62725/lib/julia:/home/ian/.julia/juliaup/julia-pr62725/lib:/usr/local/cuda/lib64:", "XDG_DATA_DIRS=/usr/share/gnome:/usr/local/share:/usr/share:/var/lib/snapd/desktop", "TMUX=/tmp/tmux-1000/default,1292951,2", "REMOTEHOST=100.104.183.53", "XDG_SESSION_ID=1677", "OLDPWD=/home/ian/Documents/GitHub/julia", "HOME=/home/ian", "LC_TERMINAL_VERSION=3.6.11", "PATH=/home/ian/.julia/juliaup/julia-pr62725/libexec/julia:/home/ian/.juliaup/bin:/home/ian/.local/bin:/usr/local/sbin:/usr/local/bin:/usr/sbin:/usr/bin:/sbin:/bin:/usr/games:/usr/local/games:/snap/bin", "XDG_RUNTIME_DIR=/run/user/1000", "_=/home/ian/.juliaup/bin/julia", "DBUS_SESSION_BUS_ADDRESS=unix:path=/run/user/1000/bus", "JULIA_PRECOMPILE_JOBSERVER=/jl_pc_3749826_1", "SSH_TTY=/dev/pts/1", "LOGNAME=ian", "LS_COLORS=rs=0:di=01;34:ln=01;36:mh=00:pi=40;33:so=01;35:do=01;35:bd=40;33;01:cd=40;33;01:or=40;31;01:mi=00:su=37;41:sg=30;43:ca=00:tw=30;42:ow=34;42:st=37;44:ex=01;32:*.tar=01;31:*.tgz=01;31:*.arc=01;31:*.arj=01;31:*.taz=01;31:*.lha=01;31:*.lz4=01;31:*.lzh=01;31:*.lzma=01;31:*.tlz=01;31:*.txz=01;31:*.tzo=01;31:*.t7z=01;31:*.zip=01;31:*.z=01;31:*.dz=01;31:*.gz=01;31:*.lrz=01;31:*.lz=01;31:*.lzo=01;31:*.xz=01;31:*.zst=01;31:*.tzst=01;31:*.bz2=01;31:*.bz=01;31:*.tbz=01;31:*.tbz2=01;31:*.tz=01;31:*.deb=01;31:*.rpm=01;31:*.jar=01;31:*.war=01;31:*.ear=01;31:*.sar=01;31:*.rar=01;31:*.alz=01;31:*.ace=01;31:*.zoo=01;31:*.cpio=01;31:*.7z=01;31:*.rz=01;31:*.cab=01;31:*.wim=01;31:*.swm=01;31:*.dwm=01;31:*.esd=01;31:*.avif=01;35:*.jpg=01;35:*.jpeg=01;35:*.mjpg=01;35:*.mjpeg=01;35:*.gif=01;35:*.bmp=01;35:*.pbm=01;35:*.pgm=01;35:*.ppm=01;35:*.tga=01;35:*.xbm=01;35:*.xpm=01;35:*.tif=01;35:*.tiff=01;35:*.png=01;35:*.svg=01;35:*.svgz=01;35:*.mng=01;35:*.pcx=01;35:*.mov=01;35:*.mpg=01;35:*.mpeg=01;35:*.m2v=01;35:*.mkv=01;35:*.webm=01;35:*.webp=01;35:*.ogm=01;35:*.mp4=01;35:*.m4v=01;35:*.mp4v=01;35:*.vob=01;35:*.qt=01;35:*.nuv=01;35:*.wmv=01;35:*.asf=01;35:*.rm=01;35:*.rmvb=01;35:*.flc=01;35:*.avi=01;35:*.fli=01;35:*.flv=01;35:*.gl=01;35:*.dl=01;35:*.xcf=01;35:*.xwd=01;35:*.yuv=01;35:*.cgm=01;35:*.emf=01;35:*.ogv=01;35:*.ogx=01;35:*.aac=00;36:*.au=00;36:*.flac=00;36:*.m4a=00;36:*.mid=00;36:*.midi=00;36:*.mka=00;36:*.mp3=00;36:*.mpc=00;36:*.ogg=00;36:*.ra=00;36:*.wav=00;36:*.oga=00;36:*.opus=00;36:*.spx=00;36:*.xspf=00;36:*~=00;90:*#=00;90:*.bak=00;90:*.crdownload=00;90:*.dpkg-dist=00;90:*.dpkg-new=00;90:*.dpkg-old=00;90:*.dpkg-tmp=00;90:*.old=00;90:*.orig=00;90:*.part=00;90:*.rej=00;90:*.rpmnew=00;90:*.rpmorig=00;90:*.rpmsave=00;90:*.swp=00;90:*.tmp=00;90:*.ucf-dist=00;90:*.ucf-new=00;90:*.ucf-old=00;90:", "XDG_SESSION_CLASS=user", "LANG=en_US.UTF-8"]): no such file or directory (ENOENT)
Many shells expand '~' to the home directory in unquoted strings. To replicate this behavior, call `expanduser` to expand the '~' character to the user’s home directory.

FastPower → FastPowerForwardDiffExt 
IOError: could not spawn setenv(`/home/ian/.julia/juliaup/julia-pr62725/bin/julia -C native -J/home/ian/.julia/juliaup/julia-pr62725/lib/julia/sys.so -g1 --startup-file=no --compiled-modules=strict --output-o /tmp/julia-ttfx-depot/compiled/v1.14/FastPowerForwardDiffExt/jl_YDNrpR --output-ji /tmp/julia-ttfx-depot/compiled/v1.14/FastPowerForwardDiffExt/jl_W2TJKa --output-incremental=yes --startup-file=no --history-file=no --warn-overwrite=yes --color=auto -`,["TERM=tmux-256color", "TTFX_DEPOT_PATH=/tmp/julia-ttfx-depot", "OPENBLAS_NUM_THREADS=1", "OPENBLAS_MAIN_FREE=1", "SHELL=/bin/bash", "SSH_CLIENT=100.104.183.53 58167 22", "JULIA_DEPOT_PATH=/tmp/julia-ttfx-depot:", "OLDPWD=/home/ian/Documents/GitHub/julia", "TMUX=/tmp/tmux-1000/default,1292951,2", "LC_TERMINAL_VERSION=3.6.11", "XDG_RUNTIME_DIR=/run/user/1000", "JULIA_PRECOMPILE_JOBSERVER=/jl_pc_3749826_1", "USER=ian", "LC_TERMINAL=iTerm2", "SHLVL=2", "MAIL=/var/mail/ian", "TERM_PROGRAM=tmux", "LD_LIBRARY_PATH=/usr/local/cuda/lib64:", "_=/home/ian/.juliaup/bin/julia", "LS_COLORS=rs=0:di=01;34:ln=01;36:mh=00:pi=40;33:so=01;35:do=01;35:bd=40;33;01:cd=40;33;01:or=40;31;01:mi=00:su=37;41:sg=30;43:ca=00:tw=30;42:ow=34;42:st=37;44:ex=01;32:*.tar=01;31:*.tgz=01;31:*.arc=01;31:*.arj=01;31:*.taz=01;31:*.lha=01;31:*.lz4=01;31:*.lzh=01;31:*.lzma=01;31:*.tlz=01;31:*.txz=01;31:*.tzo=01;31:*.t7z=01;31:*.zip=01;31:*.z=01;31:*.dz=01;31:*.gz=01;31:*.lrz=01;31:*.lz=01;31:*.lzo=01;31:*.xz=01;31:*.zst=01;31:*.tzst=01;31:*.bz2=01;31:*.bz=01;31:*.tbz=01;31:*.tbz2=01;31:*.tz=01;31:*.deb=01;31:*.rpm=01;31:*.jar=01;31:*.war=01;31:*.ear=01;31:*.sar=01;31:*.rar=01;31:*.alz=01;31:*.ace=01;31:*.zoo=01;31:*.cpio=01;31:*.7z=01;31:*.rz=01;31:*.cab=01;31:*.wim=01;31:*.swm=01;31:*.dwm=01;31:*.esd=01;31:*.avif=01;35:*.jpg=01;35:*.jpeg=01;35:*.mjpg=01;35:*.mjpeg=01;35:*.gif=01;35:*.bmp=01;35:*.pbm=01;35:*.pgm=01;35:*.ppm=01;35:*.tga=01;35:*.xbm=01;35:*.xpm=01;35:*.tif=01;35:*.tiff=01;35:*.png=01;35:*.svg=01;35:*.svgz=01;35:*.mng=01;35:*.pcx=01;35:*.mov=01;35:*.mpg=01;35:*.mpeg=01;35:*.m2v=01;35:*.mkv=01;35:*.webm=01;35:*.webp=01;35:*.ogm=01;35:*.mp4=01;35:*.m4v=01;35:*.mp4v=01;35:*.vob=01;35:*.qt=01;35:*.nuv=01;35:*.wmv=01;35:*.asf=01;35:*.rm=01;35:*.rmvb=01;35:*.flc=01;35:*.avi=01;35:*.fli=01;35:*.flv=01;35:*.gl=01;35:*.dl=01;35:*.xcf=01;35:*.xwd=01;35:*.yuv=01;35:*.cgm=01;35:*.emf=01;35:*.ogv=01;35:*.ogx=01;35:*.aac=00;36:*.au=00;36:*.flac=00;36:*.m4a=00;36:*.mid=00;36:*.midi=00;36:*.mka=00;36:*.mp3=00;36:*.mpc=00;36:*.ogg=00;36:*.ra=00;36:*.wav=00;36:*.oga=00;36:*.opus=00;36:*.spx=00;36:*.xspf=00;36:*~=00;90:*#=00;90:*.bak=00;90:*.crdownload=00;90:*.dpkg-dist=00;90:*.dpkg-new=00;90:*.dpkg-old=00;90:*.dpkg-tmp=00;90:*.old=00;90:*.orig=00;90:*.part=00;90:*.rej=00;90:*.rpmnew=00;90:*.rpmorig=00;90:*.rpmsave=00;90:*.swp=00;90:*.tmp=00;90:*.ucf-dist=00;90:*.ucf-new=00;90:*.ucf-old=00;90:", "LANG=en_US.UTF-8", "LESSCLOSE=/usr/bin/lesspipe %s %s", "SSH_CONNECTION=100.95.84.5 50454 100.82.112.7 22", "TMUX_PANE=%2", "LESSOPEN=| /usr/bin/lesspipe %s", "JULIA_PKG_PRECOMPILE_AUTO=0", "XDG_DATA_DIRS=/usr/share/gnome:/usr/local/share:/usr/share:/var/lib/snapd/desktop", "XDG_SESSION_ID=1677", "PATH=/home/ian/.juliaup/bin:/home/ian/.local/bin:/usr/local/sbin:/usr/local/bin:/usr/sbin:/usr/bin:/sbin:/bin:/usr/games:/usr/local/games:/snap/bin", "SSH_TTY=/dev/pts/1", "LOGNAME=ian", "TERM_PROGRAM_VERSION=3.4", "HUSHLOGIN=FALSE", "XDG_SESSION_TYPE=tty", "DEBUGINFOD_URLS=https://debuginfod.ubuntu.com ", "PWD", "OPENBLAS_DEFAULT_NUM_THREADS=1", "REMOTEHOST=100.104.183.53", "HOME=/home/ian", "JULIA_NUM_THREADS=1", "JULIA_PRECOMP_REPORT_TIMING=1", "DBUS_SESSION_BUS_ADDRESS=unix:path=/run/user/1000/bus", "XDG_SESSION_CLASS=user"]): no such file or directory (ENOENT)
Many shells expand '~' to the home directory in unquoted strings. To replicate this behavior, call `expanduser` to expand the '~' character to the user’s home directory.

InverseFunctions → InverseFunctionsDatesExt 
IOError: could not spawn setenv(`/home/ian/.julia/juliaup/julia-pr62725/libexec/julia/lld -flavor gnu --build-id --eh-frame-hdr --hash-style=gnu --as-needed -z relro -z defs '' -shared -o /tmp/julia-ttfx-depot/compiled/v1.14/InverseFunctionsDatesExt/jl_luwIJw /home/ian/.julia/juliaup/julia-pr62725/lib/crti.o /home/ian/.julia/juliaup/julia-pr62725/lib/crtbeginS.o --whole-archive /tmp/julia-ttfx-depot/compiled/v1.14/InverseFunctionsDatesExt/jl_hSv1bP --no-whole-archive -L/home/ian/.julia/juliaup/julia-pr62725/lib/julia -L/home/ian/.julia/juliaup/julia-pr62725/lib -L/home/ian/.julia/juliaup/julia-pr62725/lib -ljulia -ljulia-internal -lgcc --as-needed -lgcc_s -latomic -lopenlibm --no-as-needed /lib/x86_64-linux-gnu/libc.so.6 --as-needed /lib64/ld-linux-x86-64.so.2 --no-as-needed /home/ian/.julia/juliaup/julia-pr62725/lib/crtendS.o /home/ian/.julia/juliaup/julia-pr62725/lib/crtn.o`,["TERM_PROGRAM_VERSION=3.4", "TERM=tmux-256color", "TTFX_DEPOT_PATH=/tmp/julia-ttfx-depot", "HUSHLOGIN=FALSE", "USER=ian", "LESSCLOSE=/usr/bin/lesspipe %s %s", "OPENBLAS_MAIN_FREE=1", "LC_TERMINAL=iTerm2", "SHELL=/bin/bash", "SHLVL=2", "SSH_CONNECTION=100.95.84.5 50454 100.82.112.7 22", "XDG_SESSION_TYPE=tty", "TMUX_PANE=%2", "DEBUGINFOD_URLS=https://debuginfod.ubuntu.com ", "MAIL=/var/mail/ian", "SSH_CLIENT=100.104.183.53 58167 22", "PWD", "TERM_PROGRAM=tmux", "LESSOPEN=| /usr/bin/lesspipe %s", "OPENBLAS_DEFAULT_NUM_THREADS=1", "JULIA_PKG_PRECOMPILE_AUTO=0", "JULIA_DEPOT_PATH=/tmp/julia-ttfx-depot:", "LD_LIBRARY_PATH=/home/ian/.julia/juliaup/julia-pr62725/lib/julia:/home/ian/.julia/juliaup/julia-pr62725/lib:/usr/local/cuda/lib64:", "XDG_DATA_DIRS=/usr/share/gnome:/usr/local/share:/usr/share:/var/lib/snapd/desktop", "TMUX=/tmp/tmux-1000/default,1292951,2", "REMOTEHOST=100.104.183.53", "XDG_SESSION_ID=1677", "OLDPWD=/home/ian/Documents/GitHub/julia", "HOME=/home/ian", "LC_TERMINAL_VERSION=3.6.11", "PATH=/home/ian/.julia/juliaup/julia-pr62725/libexec/julia:/home/ian/.juliaup/bin:/home/ian/.local/bin:/usr/local/sbin:/usr/local/bin:/usr/sbin:/usr/bin:/sbin:/bin:/usr/games:/usr/local/games:/snap/bin", "XDG_RUNTIME_DIR=/run/user/1000", "_=/home/ian/.juliaup/bin/julia", "DBUS_SESSION_BUS_ADDRESS=unix:path=/run/user/1000/bus", "JULIA_PRECOMPILE_JOBSERVER=/jl_pc_3749826_1", "SSH_TTY=/dev/pts/1", "LOGNAME=ian", "LS_COLORS=rs=0:di=01;34:ln=01;36:mh=00:pi=40;33:so=01;35:do=01;35:bd=40;33;01:cd=40;33;01:or=40;31;01:mi=00:su=37;41:sg=30;43:ca=00:tw=30;42:ow=34;42:st=37;44:ex=01;32:*.tar=01;31:*.tgz=01;31:*.arc=01;31:*.arj=01;31:*.taz=01;31:*.lha=01;31:*.lz4=01;31:*.lzh=01;31:*.lzma=01;31:*.tlz=01;31:*.txz=01;31:*.tzo=01;31:*.t7z=01;31:*.zip=01;31:*.z=01;31:*.dz=01;31:*.gz=01;31:*.lrz=01;31:*.lz=01;31:*.lzo=01;31:*.xz=01;31:*.zst=01;31:*.tzst=01;31:*.bz2=01;31:*.bz=01;31:*.tbz=01;31:*.tbz2=01;31:*.tz=01;31:*.deb=01;31:*.rpm=01;31:*.jar=01;31:*.war=01;31:*.ear=01;31:*.sar=01;31:*.rar=01;31:*.alz=01;31:*.ace=01;31:*.zoo=01;31:*.cpio=01;31:*.7z=01;31:*.rz=01;31:*.cab=01;31:*.wim=01;31:*.swm=01;31:*.dwm=01;31:*.esd=01;31:*.avif=01;35:*.jpg=01;35:*.jpeg=01;35:*.mjpg=01;35:*.mjpeg=01;35:*.gif=01;35:*.bmp=01;35:*.pbm=01;35:*.pgm=01;35:*.ppm=01;35:*.tga=01;35:*.xbm=01;35:*.xpm=01;35:*.tif=01;35:*.tiff=01;35:*.png=01;35:*.svg=01;35:*.svgz=01;35:*.mng=01;35:*.pcx=01;35:*.mov=01;35:*.mpg=01;35:*.mpeg=01;35:*.m2v=01;35:*.mkv=01;35:*.webm=01;35:*.webp=01;35:*.ogm=01;35:*.mp4=01;35:*.m4v=01;35:*.mp4v=01;35:*.vob=01;35:*.qt=01;35:*.nuv=01;35:*.wmv=01;35:*.asf=01;35:*.rm=01;35:*.rmvb=01;35:*.flc=01;35:*.avi=01;35:*.fli=01;35:*.flv=01;35:*.gl=01;35:*.dl=01;35:*.xcf=01;35:*.xwd=01;35:*.yuv=01;35:*.cgm=01;35:*.emf=01;35:*.ogv=01;35:*.ogx=01;35:*.aac=00;36:*.au=00;36:*.flac=00;36:*.m4a=00;36:*.mid=00;36:*.midi=00;36:*.mka=00;36:*.mp3=00;36:*.mpc=00;36:*.ogg=00;36:*.ra=00;36:*.wav=00;36:*.oga=00;36:*.opus=00;36:*.spx=00;36:*.xspf=00;36:*~=00;90:*#=00;90:*.bak=00;90:*.crdownload=00;90:*.dpkg-dist=00;90:*.dpkg-new=00;90:*.dpkg-old=00;90:*.dpkg-tmp=00;90:*.old=00;90:*.orig=00;90:*.part=00;90:*.rej=00;90:*.rpmnew=00;90:*.rpmorig=00;90:*.rpmsave=00;90:*.swp=00;90:*.tmp=00;90:*.ucf-dist=00;90:*.ucf-new=00;90:*.ucf-old=00;90:", "XDG_SESSION_CLASS=user", "LANG=en_US.UTF-8"]): no such file or directory (ENOENT)
Many shells expand '~' to the home directory in unquoted strings. To replicate this behavior, call `expanduser` to expand the '~' character to the user’s home directory.

Compat → CompatLinearAlgebraExt 
IOError: could not spawn setenv(`/home/ian/.julia/juliaup/julia-pr62725/bin/julia -C native -J/home/ian/.julia/juliaup/julia-pr62725/lib/julia/sys.so -g1 --startup-file=no --compiled-modules=strict --output-o /tmp/julia-ttfx-depot/compiled/v1.14/CompatLinearAlgebraExt/jl_Ax3k4J --output-ji /tmp/julia-ttfx-depot/compiled/v1.14/CompatLinearAlgebraExt/jl_MypBBV --output-incremental=yes --startup-file=no --history-file=no --warn-overwrite=yes --color=auto -`,["TERM=tmux-256color", "TTFX_DEPOT_PATH=/tmp/julia-ttfx-depot", "OPENBLAS_NUM_THREADS=1", "OPENBLAS_MAIN_FREE=1", "SHELL=/bin/bash", "SSH_CLIENT=100.104.183.53 58167 22", "JULIA_DEPOT_PATH=/tmp/julia-ttfx-depot:", "OLDPWD=/home/ian/Documents/GitHub/julia", "TMUX=/tmp/tmux-1000/default,1292951,2", "LC_TERMINAL_VERSION=3.6.11", "XDG_RUNTIME_DIR=/run/user/1000", "JULIA_PRECOMPILE_JOBSERVER=/jl_pc_3749826_1", "USER=ian", "LC_TERMINAL=iTerm2", "SHLVL=2", "MAIL=/var/mail/ian", "TERM_PROGRAM=tmux", "LD_LIBRARY_PATH=/usr/local/cuda/lib64:", "_=/home/ian/.juliaup/bin/julia", "LS_COLORS=rs=0:di=01;34:ln=01;36:mh=00:pi=40;33:so=01;35:do=01;35:bd=40;33;01:cd=40;33;01:or=40;31;01:mi=00:su=37;41:sg=30;43:ca=00:tw=30;42:ow=34;42:st=37;44:ex=01;32:*.tar=01;31:*.tgz=01;31:*.arc=01;31:*.arj=01;31:*.taz=01;31:*.lha=01;31:*.lz4=01;31:*.lzh=01;31:*.lzma=01;31:*.tlz=01;31:*.txz=01;31:*.tzo=01;31:*.t7z=01;31:*.zip=01;31:*.z=01;31:*.dz=01;31:*.gz=01;31:*.lrz=01;31:*.lz=01;31:*.lzo=01;31:*.xz=01;31:*.zst=01;31:*.tzst=01;31:*.bz2=01;31:*.bz=01;31:*.tbz=01;31:*.tbz2=01;31:*.tz=01;31:*.deb=01;31:*.rpm=01;31:*.jar=01;31:*.war=01;31:*.ear=01;31:*.sar=01;31:*.rar=01;31:*.alz=01;31:*.ace=01;31:*.zoo=01;31:*.cpio=01;31:*.7z=01;31:*.rz=01;31:*.cab=01;31:*.wim=01;31:*.swm=01;31:*.dwm=01;31:*.esd=01;31:*.avif=01;35:*.jpg=01;35:*.jpeg=01;35:*.mjpg=01;35:*.mjpeg=01;35:*.gif=01;35:*.bmp=01;35:*.pbm=01;35:*.pgm=01;35:*.ppm=01;35:*.tga=01;35:*.xbm=01;35:*.xpm=01;35:*.tif=01;35:*.tiff=01;35:*.png=01;35:*.svg=01;35:*.svgz=01;35:*.mng=01;35:*.pcx=01;35:*.mov=01;35:*.mpg=01;35:*.mpeg=01;35:*.m2v=01;35:*.mkv=01;35:*.webm=01;35:*.webp=01;35:*.ogm=01;35:*.mp4=01;35:*.m4v=01;35:*.mp4v=01;35:*.vob=01;35:*.qt=01;35:*.nuv=01;35:*.wmv=01;35:*.asf=01;35:*.rm=01;35:*.rmvb=01;35:*.flc=01;35:*.avi=01;35:*.fli=01;35:*.flv=01;35:*.gl=01;35:*.dl=01;35:*.xcf=01;35:*.xwd=01;35:*.yuv=01;35:*.cgm=01;35:*.emf=01;35:*.ogv=01;35:*.ogx=01;35:*.aac=00;36:*.au=00;36:*.flac=00;36:*.m4a=00;36:*.mid=00;36:*.midi=00;36:*.mka=00;36:*.mp3=00;36:*.mpc=00;36:*.ogg=00;36:*.ra=00;36:*.wav=00;36:*.oga=00;36:*.opus=00;36:*.spx=00;36:*.xspf=00;36:*~=00;90:*#=00;90:*.bak=00;90:*.crdownload=00;90:*.dpkg-dist=00;90:*.dpkg-new=00;90:*.dpkg-old=00;90:*.dpkg-tmp=00;90:*.old=00;90:*.orig=00;90:*.part=00;90:*.rej=00;90:*.rpmnew=00;90:*.rpmorig=00;90:*.rpmsave=00;90:*.swp=00;90:*.tmp=00;90:*.ucf-dist=00;90:*.ucf-new=00;90:*.ucf-old=00;90:", "LANG=en_US.UTF-8", "LESSCLOSE=/usr/bin/lesspipe %s %s", "SSH_CONNECTION=100.95.84.5 50454 100.82.112.7 22", "TMUX_PANE=%2", "LESSOPEN=| /usr/bin/lesspipe %s", "JULIA_PKG_PRECOMPILE_AUTO=0", "XDG_DATA_DIRS=/usr/share/gnome:/usr/local/share:/usr/share:/var/lib/snapd/desktop", "XDG_SESSION_ID=1677", "PATH=/home/ian/.juliaup/bin:/home/ian/.local/bin:/usr/local/sbin:/usr/local/bin:/usr/sbin:/usr/bin:/sbin:/bin:/usr/games:/usr/local/games:/snap/bin", "SSH_TTY=/dev/pts/1", "LOGNAME=ian", "TERM_PROGRAM_VERSION=3.4", "HUSHLOGIN=FALSE", "XDG_SESSION_TYPE=tty", "DEBUGINFOD_URLS=https://debuginfod.ubuntu.com ", "PWD", "OPENBLAS_DEFAULT_NUM_THREADS=1", "REMOTEHOST=100.104.183.53", "HOME=/home/ian", "JULIA_NUM_THREADS=1", "JULIA_PRECOMP_REPORT_TIMING=1", "DBUS_SESSION_BUS_ADDRESS=unix:path=/run/user/1000/bus", "XDG_SESSION_CLASS=user"]): no such file or directory (ENOENT)
Many shells expand '~' to the home directory in unquoted strings. To replicate this behavior, call `expanduser` to expand the '~' character to the user’s home directory.

ForwardDiff → ForwardDiffStaticArraysExt 
IOError: could not spawn setenv(`/home/ian/.julia/juliaup/julia-pr62725/bin/julia -C native -J/home/ian/.julia/juliaup/julia-pr62725/lib/julia/sys.so -g1 --startup-file=no --compiled-modules=strict --output-o /tmp/julia-ttfx-depot/compiled/v1.14/ForwardDiffStaticArraysExt/jl_UHpqmT --output-ji /tmp/julia-ttfx-depot/compiled/v1.14/ForwardDiffStaticArraysExt/jl_8j2sxR --output-incremental=yes --startup-file=no --history-file=no --warn-overwrite=yes --color=auto -`,["TERM=tmux-256color", "TTFX_DEPOT_PATH=/tmp/julia-ttfx-depot", "OPENBLAS_NUM_THREADS=1", "OPENBLAS_MAIN_FREE=1", "SHELL=/bin/bash", "SSH_CLIENT=100.104.183.53 58167 22", "JULIA_DEPOT_PATH=/tmp/julia-ttfx-depot:", "OLDPWD=/home/ian/Documents/GitHub/julia", "TMUX=/tmp/tmux-1000/default,1292951,2", "LC_TERMINAL_VERSION=3.6.11", "XDG_RUNTIME_DIR=/run/user/1000", "JULIA_PRECOMPILE_JOBSERVER=/jl_pc_3749826_1", "USER=ian", "LC_TERMINAL=iTerm2", "SHLVL=2", "MAIL=/var/mail/ian", "TERM_PROGRAM=tmux", "LD_LIBRARY_PATH=/usr/local/cuda/lib64:", "_=/home/ian/.juliaup/bin/julia", "LS_COLORS=rs=0:di=01;34:ln=01;36:mh=00:pi=40;33:so=01;35:do=01;35:bd=40;33;01:cd=40;33;01:or=40;31;01:mi=00:su=37;41:sg=30;43:ca=00:tw=30;42:ow=34;42:st=37;44:ex=01;32:*.tar=01;31:*.tgz=01;31:*.arc=01;31:*.arj=01;31:*.taz=01;31:*.lha=01;31:*.lz4=01;31:*.lzh=01;31:*.lzma=01;31:*.tlz=01;31:*.txz=01;31:*.tzo=01;31:*.t7z=01;31:*.zip=01;31:*.z=01;31:*.dz=01;31:*.gz=01;31:*.lrz=01;31:*.lz=01;31:*.lzo=01;31:*.xz=01;31:*.zst=01;31:*.tzst=01;31:*.bz2=01;31:*.bz=01;31:*.tbz=01;31:*.tbz2=01;31:*.tz=01;31:*.deb=01;31:*.rpm=01;31:*.jar=01;31:*.war=01;31:*.ear=01;31:*.sar=01;31:*.rar=01;31:*.alz=01;31:*.ace=01;31:*.zoo=01;31:*.cpio=01;31:*.7z=01;31:*.rz=01;31:*.cab=01;31:*.wim=01;31:*.swm=01;31:*.dwm=01;31:*.esd=01;31:*.avif=01;35:*.jpg=01;35:*.jpeg=01;35:*.mjpg=01;35:*.mjpeg=01;35:*.gif=01;35:*.bmp=01;35:*.pbm=01;35:*.pgm=01;35:*.ppm=01;35:*.tga=01;35:*.xbm=01;35:*.xpm=01;35:*.tif=01;35:*.tiff=01;35:*.png=01;35:*.svg=01;35:*.svgz=01;35:*.mng=01;35:*.pcx=01;35:*.mov=01;35:*.mpg=01;35:*.mpeg=01;35:*.m2v=01;35:*.mkv=01;35:*.webm=01;35:*.webp=01;35:*.ogm=01;35:*.mp4=01;35:*.m4v=01;35:*.mp4v=01;35:*.vob=01;35:*.qt=01;35:*.nuv=01;35:*.wmv=01;35:*.asf=01;35:*.rm=01;35:*.rmvb=01;35:*.flc=01;35:*.avi=01;35:*.fli=01;35:*.flv=01;35:*.gl=01;35:*.dl=01;35:*.xcf=01;35:*.xwd=01;35:*.yuv=01;35:*.cgm=01;35:*.emf=01;35:*.ogv=01;35:*.ogx=01;35:*.aac=00;36:*.au=00;36:*.flac=00;36:*.m4a=00;36:*.mid=00;36:*.midi=00;36:*.mka=00;36:*.mp3=00;36:*.mpc=00;36:*.ogg=00;36:*.ra=00;36:*.wav=00;36:*.oga=00;36:*.opus=00;36:*.spx=00;36:*.xspf=00;36:*~=00;90:*#=00;90:*.bak=00;90:*.crdownload=00;90:*.dpkg-dist=00;90:*.dpkg-new=00;90:*.dpkg-old=00;90:*.dpkg-tmp=00;90:*.old=00;90:*.orig=00;90:*.part=00;90:*.rej=00;90:*.rpmnew=00;90:*.rpmorig=00;90:*.rpmsave=00;90:*.swp=00;90:*.tmp=00;90:*.ucf-dist=00;90:*.ucf-new=00;90:*.ucf-old=00;90:", "LANG=en_US.UTF-8", "LESSCLOSE=/usr/bin/lesspipe %s %s", "SSH_CONNECTION=100.95.84.5 50454 100.82.112.7 22", "TMUX_PANE=%2", "LESSOPEN=| /usr/bin/lesspipe %s", "JULIA_PKG_PRECOMPILE_AUTO=0", "XDG_DATA_DIRS=/usr/share/gnome:/usr/local/share:/usr/share:/var/lib/snapd/desktop", "XDG_SESSION_ID=1677", "PATH=/home/ian/.juliaup/bin:/home/ian/.local/bin:/usr/local/sbin:/usr/local/bin:/usr/sbin:/usr/bin:/sbin:/bin:/usr/games:/usr/local/games:/snap/bin", "SSH_TTY=/dev/pts/1", "LOGNAME=ian", "TERM_PROGRAM_VERSION=3.4", "HUSHLOGIN=FALSE", "XDG_SESSION_TYPE=tty", "DEBUGINFOD_URLS=https://debuginfod.ubuntu.com ", "PWD", "OPENBLAS_DEFAULT_NUM_THREADS=1", "REMOTEHOST=100.104.183.53", "HOME=/home/ian", "JULIA_NUM_THREADS=1", "JULIA_PRECOMP_REPORT_TIMING=1", "DBUS_SESSION_BUS_ADDRESS=unix:path=/run/user/1000/bus", "XDG_SESSION_CLASS=user"]): no such file or directory (ENOENT)
Many shells expand '~' to the home directory in unquoted strings. To replicate this behavior, call `expanduser` to expand the '~' character to the user’s home directory.

BangBang 
IOError: could not spawn setenv(`/home/ian/.julia/juliaup/julia-pr62725/bin/julia -C native -J/home/ian/.julia/juliaup/julia-pr62725/lib/julia/sys.so -g1 --startup-file=no --compiled-modules=strict --output-o /tmp/julia-ttfx-depot/compiled/v1.14/BangBang/jl_PKru3L --output-ji /tmp/julia-ttfx-depot/compiled/v1.14/BangBang/jl_S31pNn --output-incremental=yes --startup-file=no --history-file=no --warn-overwrite=yes --color=auto -`,["TERM=tmux-256color", "TTFX_DEPOT_PATH=/tmp/julia-ttfx-depot", "OPENBLAS_NUM_THREADS=1", "OPENBLAS_MAIN_FREE=1", "SHELL=/bin/bash", "SSH_CLIENT=100.104.183.53 58167 22", "JULIA_DEPOT_PATH=/tmp/julia-ttfx-depot:", "OLDPWD=/home/ian/Documents/GitHub/julia", "TMUX=/tmp/tmux-1000/default,1292951,2", "LC_TERMINAL_VERSION=3.6.11", "XDG_RUNTIME_DIR=/run/user/1000", "JULIA_PRECOMPILE_JOBSERVER=/jl_pc_3749826_1", "USER=ian", "LC_TERMINAL=iTerm2", "SHLVL=2", "MAIL=/var/mail/ian", "TERM_PROGRAM=tmux", "LD_LIBRARY_PATH=/usr/local/cuda/lib64:", "_=/home/ian/.juliaup/bin/julia", "LS_COLORS=rs=0:di=01;34:ln=01;36:mh=00:pi=40;33:so=01;35:do=01;35:bd=40;33;01:cd=40;33;01:or=40;31;01:mi=00:su=37;41:sg=30;43:ca=00:tw=30;42:ow=34;42:st=37;44:ex=01;32:*.tar=01;31:*.tgz=01;31:*.arc=01;31:*.arj=01;31:*.taz=01;31:*.lha=01;31:*.lz4=01;31:*.lzh=01;31:*.lzma=01;31:*.tlz=01;31:*.txz=01;31:*.tzo=01;31:*.t7z=01;31:*.zip=01;31:*.z=01;31:*.dz=01;31:*.gz=01;31:*.lrz=01;31:*.lz=01;31:*.lzo=01;31:*.xz=01;31:*.zst=01;31:*.tzst=01;31:*.bz2=01;31:*.bz=01;31:*.tbz=01;31:*.tbz2=01;31:*.tz=01;31:*.deb=01;31:*.rpm=01;31:*.jar=01;31:*.war=01;31:*.ear=01;31:*.sar=01;31:*.rar=01;31:*.alz=01;31:*.ace=01;31:*.zoo=01;31:*.cpio=01;31:*.7z=01;31:*.rz=01;31:*.cab=01;31:*.wim=01;31:*.swm=01;31:*.dwm=01;31:*.esd=01;31:*.avif=01;35:*.jpg=01;35:*.jpeg=01;35:*.mjpg=01;35:*.mjpeg=01;35:*.gif=01;35:*.bmp=01;35:*.pbm=01;35:*.pgm=01;35:*.ppm=01;35:*.tga=01;35:*.xbm=01;35:*.xpm=01;35:*.tif=01;35:*.tiff=01;35:*.png=01;35:*.svg=01;35:*.svgz=01;35:*.mng=01;35:*.pcx=01;35:*.mov=01;35:*.mpg=01;35:*.mpeg=01;35:*.m2v=01;35:*.mkv=01;35:*.webm=01;35:*.webp=01;35:*.ogm=01;35:*.mp4=01;35:*.m4v=01;35:*.mp4v=01;35:*.vob=01;35:*.qt=01;35:*.nuv=01;35:*.wmv=01;35:*.asf=01;35:*.rm=01;35:*.rmvb=01;35:*.flc=01;35:*.avi=01;35:*.fli=01;35:*.flv=01;35:*.gl=01;35:*.dl=01;35:*.xcf=01;35:*.xwd=01;35:*.yuv=01;35:*.cgm=01;35:*.emf=01;35:*.ogv=01;35:*.ogx=01;35:*.aac=00;36:*.au=00;36:*.flac=00;36:*.m4a=00;36:*.mid=00;36:*.midi=00;36:*.mka=00;36:*.mp3=00;36:*.mpc=00;36:*.ogg=00;36:*.ra=00;36:*.wav=00;36:*.oga=00;36:*.opus=00;36:*.spx=00;36:*.xspf=00;36:*~=00;90:*#=00;90:*.bak=00;90:*.crdownload=00;90:*.dpkg-dist=00;90:*.dpkg-new=00;90:*.dpkg-old=00;90:*.dpkg-tmp=00;90:*.old=00;90:*.orig=00;90:*.part=00;90:*.rej=00;90:*.rpmnew=00;90:*.rpmorig=00;90:*.rpmsave=00;90:*.swp=00;90:*.tmp=00;90:*.ucf-dist=00;90:*.ucf-new=00;90:*.ucf-old=00;90:", "LANG=en_US.UTF-8", "LESSCLOSE=/usr/bin/lesspipe %s %s", "SSH_CONNECTION=100.95.84.5 50454 100.82.112.7 22", "TMUX_PANE=%2", "LESSOPEN=| /usr/bin/lesspipe %s", "JULIA_PKG_PRECOMPILE_AUTO=0", "XDG_DATA_DIRS=/usr/share/gnome:/usr/local/share:/usr/share:/var/lib/snapd/desktop", "XDG_SESSION_ID=1677", "PATH=/home/ian/.juliaup/bin:/home/ian/.local/bin:/usr/local/sbin:/usr/local/bin:/usr/sbin:/usr/bin:/sbin:/bin:/usr/games:/usr/local/games:/snap/bin", "SSH_TTY=/dev/pts/1", "LOGNAME=ian", "TERM_PROGRAM_VERSION=3.4", "HUSHLOGIN=FALSE", "XDG_SESSION_TYPE=tty", "DEBUGINFOD_URLS=https://debuginfod.ubuntu.com ", "PWD", "OPENBLAS_DEFAULT_NUM_THREADS=1", "REMOTEHOST=100.104.183.53", "HOME=/home/ian", "JULIA_NUM_THREADS=1", "JULIA_PRECOMP_REPORT_TIMING=1", "DBUS_SESSION_BUS_ADDRESS=unix:path=/run/user/1000/bus", "XDG_SESSION_CLASS=user"]): no such file or directory (ENOENT)
Many shells expand '~' to the home directory in unquoted strings. To replicate this behavior, call `expanduser` to expand the '~' character to the user’s home directory.

ProgressMeter 
Failed to precompile ProgressMeter [92933f4c-e287-5a05-a399-4b506db050ca] to "/tmp/julia-ttfx-depot/compiled/v1.14/ProgressMeter/jl_qGKjI8" (ProcessExited(1)).

Roots → RootsForwardDiffExt 
IOError: could not spawn setenv(`/home/ian/.julia/juliaup/julia-pr62725/bin/julia -C native -J/home/ian/.julia/juliaup/julia-pr62725/lib/julia/sys.so -g1 --startup-file=no --compiled-modules=strict --output-o /tmp/julia-ttfx-depot/compiled/v1.14/RootsForwardDiffExt/jl_iDfOsv --output-ji /tmp/julia-ttfx-depot/compiled/v1.14/RootsForwardDiffExt/jl_OFmfp7 --output-incremental=yes --startup-file=no --history-file=no --warn-overwrite=yes --color=auto -`,["TERM=tmux-256color", "TTFX_DEPOT_PATH=/tmp/julia-ttfx-depot", "OPENBLAS_NUM_THREADS=1", "OPENBLAS_MAIN_FREE=1", "SHELL=/bin/bash", "SSH_CLIENT=100.104.183.53 58167 22", "JULIA_DEPOT_PATH=/tmp/julia-ttfx-depot:", "OLDPWD=/home/ian/Documents/GitHub/julia", "TMUX=/tmp/tmux-1000/default,1292951,2", "LC_TERMINAL_VERSION=3.6.11", "XDG_RUNTIME_DIR=/run/user/1000", "JULIA_PRECOMPILE_JOBSERVER=/jl_pc_3749826_1", "USER=ian", "LC_TERMINAL=iTerm2", "SHLVL=2", "MAIL=/var/mail/ian", "TERM_PROGRAM=tmux", "LD_LIBRARY_PATH=/usr/local/cuda/lib64:", "_=/home/ian/.juliaup/bin/julia", "LS_COLORS=rs=0:di=01;34:ln=01;36:mh=00:pi=40;33:so=01;35:do=01;35:bd=40;33;01:cd=40;33;01:or=40;31;01:mi=00:su=37;41:sg=30;43:ca=00:tw=30;42:ow=34;42:st=37;44:ex=01;32:*.tar=01;31:*.tgz=01;31:*.arc=01;31:*.arj=01;31:*.taz=01;31:*.lha=01;31:*.lz4=01;31:*.lzh=01;31:*.lzma=01;31:*.tlz=01;31:*.txz=01;31:*.tzo=01;31:*.t7z=01;31:*.zip=01;31:*.z=01;31:*.dz=01;31:*.gz=01;31:*.lrz=01;31:*.lz=01;31:*.lzo=01;31:*.xz=01;31:*.zst=01;31:*.tzst=01;31:*.bz2=01;31:*.bz=01;31:*.tbz=01;31:*.tbz2=01;31:*.tz=01;31:*.deb=01;31:*.rpm=01;31:*.jar=01;31:*.war=01;31:*.ear=01;31:*.sar=01;31:*.rar=01;31:*.alz=01;31:*.ace=01;31:*.zoo=01;31:*.cpio=01;31:*.7z=01;31:*.rz=01;31:*.cab=01;31:*.wim=01;31:*.swm=01;31:*.dwm=01;31:*.esd=01;31:*.avif=01;35:*.jpg=01;35:*.jpeg=01;35:*.mjpg=01;35:*.mjpeg=01;35:*.gif=01;35:*.bmp=01;35:*.pbm=01;35:*.pgm=01;35:*.ppm=01;35:*.tga=01;35:*.xbm=01;35:*.xpm=01;35:*.tif=01;35:*.tiff=01;35:*.png=01;35:*.svg=01;35:*.svgz=01;35:*.mng=01;35:*.pcx=01;35:*.mov=01;35:*.mpg=01;35:*.mpeg=01;35:*.m2v=01;35:*.mkv=01;35:*.webm=01;35:*.webp=01;35:*.ogm=01;35:*.mp4=01;35:*.m4v=01;35:*.mp4v=01;35:*.vob=01;35:*.qt=01;35:*.nuv=01;35:*.wmv=01;35:*.asf=01;35:*.rm=01;35:*.rmvb=01;35:*.flc=01;35:*.avi=01;35:*.fli=01;35:*.flv=01;35:*.gl=01;35:*.dl=01;35:*.xcf=01;35:*.xwd=01;35:*.yuv=01;35:*.cgm=01;35:*.emf=01;35:*.ogv=01;35:*.ogx=01;35:*.aac=00;36:*.au=00;36:*.flac=00;36:*.m4a=00;36:*.mid=00;36:*.midi=00;36:*.mka=00;36:*.mp3=00;36:*.mpc=00;36:*.ogg=00;36:*.ra=00;36:*.wav=00;36:*.oga=00;36:*.opus=00;36:*.spx=00;36:*.xspf=00;36:*~=00;90:*#=00;90:*.bak=00;90:*.crdownload=00;90:*.dpkg-dist=00;90:*.dpkg-new=00;90:*.dpkg-old=00;90:*.dpkg-tmp=00;90:*.old=00;90:*.orig=00;90:*.part=00;90:*.rej=00;90:*.rpmnew=00;90:*.rpmorig=00;90:*.rpmsave=00;90:*.swp=00;90:*.tmp=00;90:*.ucf-dist=00;90:*.ucf-new=00;90:*.ucf-old=00;90:", "LANG=en_US.UTF-8", "LESSCLOSE=/usr/bin/lesspipe %s %s", "SSH_CONNECTION=100.95.84.5 50454 100.82.112.7 22", "TMUX_PANE=%2", "LESSOPEN=| /usr/bin/lesspipe %s", "JULIA_PKG_PRECOMPILE_AUTO=0", "XDG_DATA_DIRS=/usr/share/gnome:/usr/local/share:/usr/share:/var/lib/snapd/desktop", "XDG_SESSION_ID=1677", "PATH=/home/ian/.juliaup/bin:/home/ian/.local/bin:/usr/local/sbin:/usr/local/bin:/usr/sbin:/usr/bin:/sbin:/bin:/usr/games:/usr/local/games:/snap/bin", "SSH_TTY=/dev/pts/1", "LOGNAME=ian", "TERM_PROGRAM_VERSION=3.4", "HUSHLOGIN=FALSE", "XDG_SESSION_TYPE=tty", "DEBUGINFOD_URLS=https://debuginfod.ubuntu.com ", "PWD", "OPENBLAS_DEFAULT_NUM_THREADS=1", "REMOTEHOST=100.104.183.53", "HOME=/home/ian", "JULIA_NUM_THREADS=1", "JULIA_PRECOMP_REPORT_TIMING=1", "DBUS_SESSION_BUS_ADDRESS=unix:path=/run/user/1000/bus", "XDG_SESSION_CLASS=user"]): no such file or directory (ENOENT)
Many shells expand '~' to the home directory in unquoted strings. To replicate this behavior, call `expanduser` to expand the '~' character to the user’s home directory.

DifferentiationInterface → DifferentiationInterfaceForwardDiffExt 
IOError: could not spawn setenv(`/home/ian/.julia/juliaup/julia-pr62725/bin/julia -C native -J/home/ian/.julia/juliaup/julia-pr62725/lib/julia/sys.so -g1 --startup-file=no --compiled-modules=strict --output-o /tmp/julia-ttfx-depot/compiled/v1.14/DifferentiationInterfaceForwardDiffExt/jl_6etPyQ --output-ji /tmp/julia-ttfx-depot/compiled/v1.14/DifferentiationInterfaceForwardDiffExt/jl_lCpYvj --output-incremental=yes --startup-file=no --history-file=no --warn-overwrite=yes --color=auto -`,["TERM=tmux-256color", "TTFX_DEPOT_PATH=/tmp/julia-ttfx-depot", "OPENBLAS_NUM_THREADS=1", "OPENBLAS_MAIN_FREE=1", "SHELL=/bin/bash", "SSH_CLIENT=100.104.183.53 58167 22", "JULIA_DEPOT_PATH=/tmp/julia-ttfx-depot:", "OLDPWD=/home/ian/Documents/GitHub/julia", "TMUX=/tmp/tmux-1000/default,1292951,2", "LC_TERMINAL_VERSION=3.6.11", "XDG_RUNTIME_DIR=/run/user/1000", "JULIA_PRECOMPILE_JOBSERVER=/jl_pc_3749826_1", "USER=ian", "LC_TERMINAL=iTerm2", "SHLVL=2", "MAIL=/var/mail/ian", "TERM_PROGRAM=tmux", "LD_LIBRARY_PATH=/usr/local/cuda/lib64:", "_=/home/ian/.juliaup/bin/julia", "LS_COLORS=rs=0:di=01;34:ln=01;36:mh=00:pi=40;33:so=01;35:do=01;35:bd=40;33;01:cd=40;33;01:or=40;31;01:mi=00:su=37;41:sg=30;43:ca=00:tw=30;42:ow=34;42:st=37;44:ex=01;32:*.tar=01;31:*.tgz=01;31:*.arc=01;31:*.arj=01;31:*.taz=01;31:*.lha=01;31:*.lz4=01;31:*.lzh=01;31:*.lzma=01;31:*.tlz=01;31:*.txz=01;31:*.tzo=01;31:*.t7z=01;31:*.zip=01;31:*.z=01;31:*.dz=01;31:*.gz=01;31:*.lrz=01;31:*.lz=01;31:*.lzo=01;31:*.xz=01;31:*.zst=01;31:*.tzst=01;31:*.bz2=01;31:*.bz=01;31:*.tbz=01;31:*.tbz2=01;31:*.tz=01;31:*.deb=01;31:*.rpm=01;31:*.jar=01;31:*.war=01;31:*.ear=01;31:*.sar=01;31:*.rar=01;31:*.alz=01;31:*.ace=01;31:*.zoo=01;31:*.cpio=01;31:*.7z=01;31:*.rz=01;31:*.cab=01;31:*.wim=01;31:*.swm=01;31:*.dwm=01;31:*.esd=01;31:*.avif=01;35:*.jpg=01;35:*.jpeg=01;35:*.mjpg=01;35:*.mjpeg=01;35:*.gif=01;35:*.bmp=01;35:*.pbm=01;35:*.pgm=01;35:*.ppm=01;35:*.tga=01;35:*.xbm=01;35:*.xpm=01;35:*.tif=01;35:*.tiff=01;35:*.png=01;35:*.svg=01;35:*.svgz=01;35:*.mng=01;35:*.pcx=01;35:*.mov=01;35:*.mpg=01;35:*.mpeg=01;35:*.m2v=01;35:*.mkv=01;35:*.webm=01;35:*.webp=01;35:*.ogm=01;35:*.mp4=01;35:*.m4v=01;35:*.mp4v=01;35:*.vob=01;35:*.qt=01;35:*.nuv=01;35:*.wmv=01;35:*.asf=01;35:*.rm=01;35:*.rmvb=01;35:*.flc=01;35:*.avi=01;35:*.fli=01;35:*.flv=01;35:*.gl=01;35:*.dl=01;35:*.xcf=01;35:*.xwd=01;35:*.yuv=01;35:*.cgm=01;35:*.emf=01;35:*.ogv=01;35:*.ogx=01;35:*.aac=00;36:*.au=00;36:*.flac=00;36:*.m4a=00;36:*.mid=00;36:*.midi=00;36:*.mka=00;36:*.mp3=00;36:*.mpc=00;36:*.ogg=00;36:*.ra=00;36:*.wav=00;36:*.oga=00;36:*.opus=00;36:*.spx=00;36:*.xspf=00;36:*~=00;90:*#=00;90:*.bak=00;90:*.crdownload=00;90:*.dpkg-dist=00;90:*.dpkg-new=00;90:*.dpkg-old=00;90:*.dpkg-tmp=00;90:*.old=00;90:*.orig=00;90:*.part=00;90:*.rej=00;90:*.rpmnew=00;90:*.rpmorig=00;90:*.rpmsave=00;90:*.swp=00;90:*.tmp=00;90:*.ucf-dist=00;90:*.ucf-new=00;90:*.ucf-old=00;90:", "LANG=en_US.UTF-8", "LESSCLOSE=/usr/bin/lesspipe %s %s", "SSH_CONNECTION=100.95.84.5 50454 100.82.112.7 22", "TMUX_PANE=%2", "LESSOPEN=| /usr/bin/lesspipe %s", "JULIA_PKG_PRECOMPILE_AUTO=0", "XDG_DATA_DIRS=/usr/share/gnome:/usr/local/share:/usr/share:/var/lib/snapd/desktop", "XDG_SESSION_ID=1677", "PATH=/home/ian/.juliaup/bin:/home/ian/.local/bin:/usr/local/sbin:/usr/local/bin:/usr/sbin:/usr/bin:/sbin:/bin:/usr/games:/usr/local/games:/snap/bin", "SSH_TTY=/dev/pts/1", "LOGNAME=ian", "TERM_PROGRAM_VERSION=3.4", "HUSHLOGIN=FALSE", "XDG_SESSION_TYPE=tty", "DEBUGINFOD_URLS=https://debuginfod.ubuntu.com ", "PWD", "OPENBLAS_DEFAULT_NUM_THREADS=1", "REMOTEHOST=100.104.183.53", "HOME=/home/ian", "JULIA_NUM_THREADS=1", "JULIA_PRECOMP_REPORT_TIMING=1", "DBUS_SESSION_BUS_ADDRESS=unix:path=/run/user/1000/bus", "XDG_SESSION_CLASS=user"]): no such file or directory (ENOENT)
Many shells expand '~' to the home directory in unquoted strings. To replicate this behavior, call `expanduser` to expand the '~' character to the user’s home directory.

Optim 
Failed to precompile Optim [429524aa-4258-5aef-a3af-852621145aeb] to "/tmp/julia-ttfx-depot/compiled/v1.14/Optim/jl_kjWj5y" (ProcessExited(1)).

OhMyThreads → ProgressMeterExt 
IOError: could not spawn setenv(`/home/ian/.julia/juliaup/julia-pr62725/bin/julia -C native -J/home/ian/.julia/juliaup/julia-pr62725/lib/julia/sys.so -g1 --startup-file=no --compiled-modules=strict --output-o /tmp/julia-ttfx-depot/compiled/v1.14/ProgressMeterExt/jl_nRZKG6 --output-ji /tmp/julia-ttfx-depot/compiled/v1.14/ProgressMeterExt/jl_Wn2a0U --output-incremental=yes --startup-file=no --history-file=no --warn-overwrite=yes --color=auto -`,["TERM=tmux-256color", "TTFX_DEPOT_PATH=/tmp/julia-ttfx-depot", "OPENBLAS_NUM_THREADS=1", "OPENBLAS_MAIN_FREE=1", "SHELL=/bin/bash", "SSH_CLIENT=100.104.183.53 58167 22", "JULIA_DEPOT_PATH=/tmp/julia-ttfx-depot:", "OLDPWD=/home/ian/Documents/GitHub/julia", "TMUX=/tmp/tmux-1000/default,1292951,2", "LC_TERMINAL_VERSION=3.6.11", "XDG_RUNTIME_DIR=/run/user/1000", "JULIA_PRECOMPILE_JOBSERVER=/jl_pc_3749826_1", "USER=ian", "LC_TERMINAL=iTerm2", "SHLVL=2", "MAIL=/var/mail/ian", "TERM_PROGRAM=tmux", "LD_LIBRARY_PATH=/usr/local/cuda/lib64:", "_=/home/ian/.juliaup/bin/julia", "LS_COLORS=rs=0:di=01;34:ln=01;36:mh=00:pi=40;33:so=01;35:do=01;35:bd=40;33;01:cd=40;33;01:or=40;31;01:mi=00:su=37;41:sg=30;43:ca=00:tw=30;42:ow=34;42:st=37;44:ex=01;32:*.tar=01;31:*.tgz=01;31:*.arc=01;31:*.arj=01;31:*.taz=01;31:*.lha=01;31:*.lz4=01;31:*.lzh=01;31:*.lzma=01;31:*.tlz=01;31:*.txz=01;31:*.tzo=01;31:*.t7z=01;31:*.zip=01;31:*.z=01;31:*.dz=01;31:*.gz=01;31:*.lrz=01;31:*.lz=01;31:*.lzo=01;31:*.xz=01;31:*.zst=01;31:*.tzst=01;31:*.bz2=01;31:*.bz=01;31:*.tbz=01;31:*.tbz2=01;31:*.tz=01;31:*.deb=01;31:*.rpm=01;31:*.jar=01;31:*.war=01;31:*.ear=01;31:*.sar=01;31:*.rar=01;31:*.alz=01;31:*.ace=01;31:*.zoo=01;31:*.cpio=01;31:*.7z=01;31:*.rz=01;31:*.cab=01;31:*.wim=01;31:*.swm=01;31:*.dwm=01;31:*.esd=01;31:*.avif=01;35:*.jpg=01;35:*.jpeg=01;35:*.mjpg=01;35:*.mjpeg=01;35:*.gif=01;35:*.bmp=01;35:*.pbm=01;35:*.pgm=01;35:*.ppm=01;35:*.tga=01;35:*.xbm=01;35:*.xpm=01;35:*.tif=01;35:*.tiff=01;35:*.png=01;35:*.svg=01;35:*.svgz=01;35:*.mng=01;35:*.pcx=01;35:*.mov=01;35:*.mpg=01;35:*.mpeg=01;35:*.m2v=01;35:*.mkv=01;35:*.webm=01;35:*.webp=01;35:*.ogm=01;35:*.mp4=01;35:*.m4v=01;35:*.mp4v=01;35:*.vob=01;35:*.qt=01;35:*.nuv=01;35:*.wmv=01;35:*.asf=01;35:*.rm=01;35:*.rmvb=01;35:*.flc=01;35:*.avi=01;35:*.fli=01;35:*.flv=01;35:*.gl=01;35:*.dl=01;35:*.xcf=01;35:*.xwd=01;35:*.yuv=01;35:*.cgm=01;35:*.emf=01;35:*.ogv=01;35:*.ogx=01;35:*.aac=00;36:*.au=00;36:*.flac=00;36:*.m4a=00;36:*.mid=00;36:*.midi=00;36:*.mka=00;36:*.mp3=00;36:*.mpc=00;36:*.ogg=00;36:*.ra=00;36:*.wav=00;36:*.oga=00;36:*.opus=00;36:*.spx=00;36:*.xspf=00;36:*~=00;90:*#=00;90:*.bak=00;90:*.crdownload=00;90:*.dpkg-dist=00;90:*.dpkg-new=00;90:*.dpkg-old=00;90:*.dpkg-tmp=00;90:*.old=00;90:*.orig=00;90:*.part=00;90:*.rej=00;90:*.rpmnew=00;90:*.rpmorig=00;90:*.rpmsave=00;90:*.swp=00;90:*.tmp=00;90:*.ucf-dist=00;90:*.ucf-new=00;90:*.ucf-old=00;90:", "LANG=en_US.UTF-8", "LESSCLOSE=/usr/bin/lesspipe %s %s", "SSH_CONNECTION=100.95.84.5 50454 100.82.112.7 22", "TMUX_PANE=%2", "LESSOPEN=| /usr/bin/lesspipe %s", "JULIA_PKG_PRECOMPILE_AUTO=0", "XDG_DATA_DIRS=/usr/share/gnome:/usr/local/share:/usr/share:/var/lib/snapd/desktop", "XDG_SESSION_ID=1677", "PATH=/home/ian/.juliaup/bin:/home/ian/.local/bin:/usr/local/sbin:/usr/local/bin:/usr/sbin:/usr/bin:/sbin:/bin:/usr/games:/usr/local/games:/snap/bin", "SSH_TTY=/dev/pts/1", "LOGNAME=ian", "TERM_PROGRAM_VERSION=3.4", "HUSHLOGIN=FALSE", "XDG_SESSION_TYPE=tty", "DEBUGINFOD_URLS=https://debuginfod.ubuntu.com ", "PWD", "OPENBLAS_DEFAULT_NUM_THREADS=1", "REMOTEHOST=100.104.183.53", "HOME=/home/ian", "JULIA_NUM_THREADS=1", "JULIA_PRECOMP_REPORT_TIMING=1", "DBUS_SESSION_BUS_ADDRESS=unix:path=/run/user/1000/bus", "XDG_SESSION_CLASS=user"]): no such file or directory (ENOENT)
Many shells expand '~' to the home directory in unquoted strings. To replicate this behavior, call `expanduser` to expand the '~' character to the user’s home directory.

StatsFuns → StatsFunsInverseFunctionsExt 
IOError: could not spawn setenv(`/home/ian/.julia/juliaup/julia-pr62725/bin/julia -C native -J/home/ian/.julia/juliaup/julia-pr62725/lib/julia/sys.so -g1 --startup-file=no --compiled-modules=strict --output-o /tmp/julia-ttfx-depot/compiled/v1.14/StatsFunsInverseFunctionsExt/jl_iklstP --output-ji /tmp/julia-ttfx-depot/compiled/v1.14/StatsFunsInverseFunctionsExt/jl_3zS9EW --output-incremental=yes --startup-file=no --history-file=no --warn-overwrite=yes --color=auto -`,["TERM=tmux-256color", "TTFX_DEPOT_PATH=/tmp/julia-ttfx-depot", "OPENBLAS_NUM_THREADS=1", "OPENBLAS_MAIN_FREE=1", "SHELL=/bin/bash", "SSH_CLIENT=100.104.183.53 58167 22", "JULIA_DEPOT_PATH=/tmp/julia-ttfx-depot:", "OLDPWD=/home/ian/Documents/GitHub/julia", "TMUX=/tmp/tmux-1000/default,1292951,2", "LC_TERMINAL_VERSION=3.6.11", "XDG_RUNTIME_DIR=/run/user/1000", "JULIA_PRECOMPILE_JOBSERVER=/jl_pc_3749826_1", "USER=ian", "LC_TERMINAL=iTerm2", "SHLVL=2", "MAIL=/var/mail/ian", "TERM_PROGRAM=tmux", "LD_LIBRARY_PATH=/usr/local/cuda/lib64:", "_=/home/ian/.juliaup/bin/julia", "LS_COLORS=rs=0:di=01;34:ln=01;36:mh=00:pi=40;33:so=01;35:do=01;35:bd=40;33;01:cd=40;33;01:or=40;31;01:mi=00:su=37;41:sg=30;43:ca=00:tw=30;42:ow=34;42:st=37;44:ex=01;32:*.tar=01;31:*.tgz=01;31:*.arc=01;31:*.arj=01;31:*.taz=01;31:*.lha=01;31:*.lz4=01;31:*.lzh=01;31:*.lzma=01;31:*.tlz=01;31:*.txz=01;31:*.tzo=01;31:*.t7z=01;31:*.zip=01;31:*.z=01;31:*.dz=01;31:*.gz=01;31:*.lrz=01;31:*.lz=01;31:*.lzo=01;31:*.xz=01;31:*.zst=01;31:*.tzst=01;31:*.bz2=01;31:*.bz=01;31:*.tbz=01;31:*.tbz2=01;31:*.tz=01;31:*.deb=01;31:*.rpm=01;31:*.jar=01;31:*.war=01;31:*.ear=01;31:*.sar=01;31:*.rar=01;31:*.alz=01;31:*.ace=01;31:*.zoo=01;31:*.cpio=01;31:*.7z=01;31:*.rz=01;31:*.cab=01;31:*.wim=01;31:*.swm=01;31:*.dwm=01;31:*.esd=01;31:*.avif=01;35:*.jpg=01;35:*.jpeg=01;35:*.mjpg=01;35:*.mjpeg=01;35:*.gif=01;35:*.bmp=01;35:*.pbm=01;35:*.pgm=01;35:*.ppm=01;35:*.tga=01;35:*.xbm=01;35:*.xpm=01;35:*.tif=01;35:*.tiff=01;35:*.png=01;35:*.svg=01;35:*.svgz=01;35:*.mng=01;35:*.pcx=01;35:*.mov=01;35:*.mpg=01;35:*.mpeg=01;35:*.m2v=01;35:*.mkv=01;35:*.webm=01;35:*.webp=01;35:*.ogm=01;35:*.mp4=01;35:*.m4v=01;35:*.mp4v=01;35:*.vob=01;35:*.qt=01;35:*.nuv=01;35:*.wmv=01;35:*.asf=01;35:*.rm=01;35:*.rmvb=01;35:*.flc=01;35:*.avi=01;35:*.fli=01;35:*.flv=01;35:*.gl=01;35:*.dl=01;35:*.xcf=01;35:*.xwd=01;35:*.yuv=01;35:*.cgm=01;35:*.emf=01;35:*.ogv=01;35:*.ogx=01;35:*.aac=00;36:*.au=00;36:*.flac=00;36:*.m4a=00;36:*.mid=00;36:*.midi=00;36:*.mka=00;36:*.mp3=00;36:*.mpc=00;36:*.ogg=00;36:*.ra=00;36:*.wav=00;36:*.oga=00;36:*.opus=00;36:*.spx=00;36:*.xspf=00;36:*~=00;90:*#=00;90:*.bak=00;90:*.crdownload=00;90:*.dpkg-dist=00;90:*.dpkg-new=00;90:*.dpkg-old=00;90:*.dpkg-tmp=00;90:*.old=00;90:*.orig=00;90:*.part=00;90:*.rej=00;90:*.rpmnew=00;90:*.rpmorig=00;90:*.rpmsave=00;90:*.swp=00;90:*.tmp=00;90:*.ucf-dist=00;90:*.ucf-new=00;90:*.ucf-old=00;90:", "LANG=en_US.UTF-8", "LESSCLOSE=/usr/bin/lesspipe %s %s", "SSH_CONNECTION=100.95.84.5 50454 100.82.112.7 22", "TMUX_PANE=%2", "LESSOPEN=| /usr/bin/lesspipe %s", "JULIA_PKG_PRECOMPILE_AUTO=0", "XDG_DATA_DIRS=/usr/share/gnome:/usr/local/share:/usr/share:/var/lib/snapd/desktop", "XDG_SESSION_ID=1677", "PATH=/home/ian/.juliaup/bin:/home/ian/.local/bin:/usr/local/sbin:/usr/local/bin:/usr/sbin:/usr/bin:/sbin:/bin:/usr/games:/usr/local/games:/snap/bin", "SSH_TTY=/dev/pts/1", "LOGNAME=ian", "TERM_PROGRAM_VERSION=3.4", "HUSHLOGIN=FALSE", "XDG_SESSION_TYPE=tty", "DEBUGINFOD_URLS=https://debuginfod.ubuntu.com ", "PWD", "OPENBLAS_DEFAULT_NUM_THREADS=1", "REMOTEHOST=100.104.183.53", "HOME=/home/ian", "JULIA_NUM_THREADS=1", "JULIA_PRECOMP_REPORT_TIMING=1", "DBUS_SESSION_BUS_ADDRESS=unix:path=/run/user/1000/bus", "XDG_SESSION_CLASS=user"]): no such file or directory (ENOENT)
Many shells expand '~' to the home directory in unquoted strings. To replicate this behavior, call `expanduser` to expand the '~' character to the user’s home directory.

ComplexityMeasures 
Failed to precompile ComplexityMeasures [ab4b797d-85ee-42ba-b621-05d793b346a2] to "/tmp/julia-ttfx-depot/compiled/v1.14/ComplexityMeasures/jl_Rdq7vE" (ProcessExited(1)).

LogExpFunctions 
IOError: could not spawn setenv(`/home/ian/.julia/juliaup/julia-pr62725/bin/julia -C native -J/home/ian/.julia/juliaup/julia-pr62725/lib/julia/sys.so -g1 --startup-file=no --compiled-modules=strict --output-o /tmp/julia-ttfx-depot/compiled/v1.14/LogExpFunctions/jl_jRDvo6 --output-ji /tmp/julia-ttfx-depot/compiled/v1.14/LogExpFunctions/jl_VvtnXy --output-incremental=yes --startup-file=no --history-file=no --warn-overwrite=yes --color=auto -`,["TERM=tmux-256color", "TTFX_DEPOT_PATH=/tmp/julia-ttfx-depot", "OPENBLAS_NUM_THREADS=1", "OPENBLAS_MAIN_FREE=1", "SHELL=/bin/bash", "SSH_CLIENT=100.104.183.53 58167 22", "JULIA_DEPOT_PATH=/tmp/julia-ttfx-depot:", "OLDPWD=/home/ian/Documents/GitHub/julia", "TMUX=/tmp/tmux-1000/default,1292951,2", "LC_TERMINAL_VERSION=3.6.11", "XDG_RUNTIME_DIR=/run/user/1000", "JULIA_PRECOMPILE_JOBSERVER=/jl_pc_3749826_1", "USER=ian", "LC_TERMINAL=iTerm2", "SHLVL=2", "MAIL=/var/mail/ian", "TERM_PROGRAM=tmux", "LD_LIBRARY_PATH=/usr/local/cuda/lib64:", "_=/home/ian/.juliaup/bin/julia", "LS_COLORS=rs=0:di=01;34:ln=01;36:mh=00:pi=40;33:so=01;35:do=01;35:bd=40;33;01:cd=40;33;01:or=40;31;01:mi=00:su=37;41:sg=30;43:ca=00:tw=30;42:ow=34;42:st=37;44:ex=01;32:*.tar=01;31:*.tgz=01;31:*.arc=01;31:*.arj=01;31:*.taz=01;31:*.lha=01;31:*.lz4=01;31:*.lzh=01;31:*.lzma=01;31:*.tlz=01;31:*.txz=01;31:*.tzo=01;31:*.t7z=01;31:*.zip=01;31:*.z=01;31:*.dz=01;31:*.gz=01;31:*.lrz=01;31:*.lz=01;31:*.lzo=01;31:*.xz=01;31:*.zst=01;31:*.tzst=01;31:*.bz2=01;31:*.bz=01;31:*.tbz=01;31:*.tbz2=01;31:*.tz=01;31:*.deb=01;31:*.rpm=01;31:*.jar=01;31:*.war=01;31:*.ear=01;31:*.sar=01;31:*.rar=01;31:*.alz=01;31:*.ace=01;31:*.zoo=01;31:*.cpio=01;31:*.7z=01;31:*.rz=01;31:*.cab=01;31:*.wim=01;31:*.swm=01;31:*.dwm=01;31:*.esd=01;31:*.avif=01;35:*.jpg=01;35:*.jpeg=01;35:*.mjpg=01;35:*.mjpeg=01;35:*.gif=01;35:*.bmp=01;35:*.pbm=01;35:*.pgm=01;35:*.ppm=01;35:*.tga=01;35:*.xbm=01;35:*.xpm=01;35:*.tif=01;35:*.tiff=01;35:*.png=01;35:*.svg=01;35:*.svgz=01;35:*.mng=01;35:*.pcx=01;35:*.mov=01;35:*.mpg=01;35:*.mpeg=01;35:*.m2v=01;35:*.mkv=01;35:*.webm=01;35:*.webp=01;35:*.ogm=01;35:*.mp4=01;35:*.m4v=01;35:*.mp4v=01;35:*.vob=01;35:*.qt=01;35:*.nuv=01;35:*.wmv=01;35:*.asf=01;35:*.rm=01;35:*.rmvb=01;35:*.flc=01;35:*.avi=01;35:*.fli=01;35:*.flv=01;35:*.gl=01;35:*.dl=01;35:*.xcf=01;35:*.xwd=01;35:*.yuv=01;35:*.cgm=01;35:*.emf=01;35:*.ogv=01;35:*.ogx=01;35:*.aac=00;36:*.au=00;36:*.flac=00;36:*.m4a=00;36:*.mid=00;36:*.midi=00;36:*.mka=00;36:*.mp3=00;36:*.mpc=00;36:*.ogg=00;36:*.ra=00;36:*.wav=00;36:*.oga=00;36:*.opus=00;36:*.spx=00;36:*.xspf=00;36:*~=00;90:*#=00;90:*.bak=00;90:*.crdownload=00;90:*.dpkg-dist=00;90:*.dpkg-new=00;90:*.dpkg-old=00;90:*.dpkg-tmp=00;90:*.old=00;90:*.orig=00;90:*.part=00;90:*.rej=00;90:*.rpmnew=00;90:*.rpmorig=00;90:*.rpmsave=00;90:*.swp=00;90:*.tmp=00;90:*.ucf-dist=00;90:*.ucf-new=00;90:*.ucf-old=00;90:", "LANG=en_US.UTF-8", "LESSCLOSE=/usr/bin/lesspipe %s %s", "SSH_CONNECTION=100.95.84.5 50454 100.82.112.7 22", "TMUX_PANE=%2", "LESSOPEN=| /usr/bin/lesspipe %s", "JULIA_PKG_PRECOMPILE_AUTO=0", "XDG_DATA_DIRS=/usr/share/gnome:/usr/local/share:/usr/share:/var/lib/snapd/desktop", "XDG_SESSION_ID=1677", "PATH=/home/ian/.juliaup/bin:/home/ian/.local/bin:/usr/local/sbin:/usr/local/bin:/usr/sbin:/usr/bin:/sbin:/bin:/usr/games:/usr/local/games:/snap/bin", "SSH_TTY=/dev/pts/1", "LOGNAME=ian", "TERM_PROGRAM_VERSION=3.4", "HUSHLOGIN=FALSE", "XDG_SESSION_TYPE=tty", "DEBUGINFOD_URLS=https://debuginfod.ubuntu.com ", "PWD", "OPENBLAS_DEFAULT_NUM_THREADS=1", "REMOTEHOST=100.104.183.53", "HOME=/home/ian", "JULIA_NUM_THREADS=1", "JULIA_PRECOMP_REPORT_TIMING=1", "DBUS_SESSION_BUS_ADDRESS=unix:path=/run/user/1000/bus", "XDG_SESSION_CLASS=user"]): no such file or directory (ENOENT)
Many shells expand '~' to the home directory in unquoted strings. To replicate this behavior, call `expanduser` to expand the '~' character to the user’s home directory.

DiffRules 
IOError: could not spawn setenv(`/home/ian/.julia/juliaup/julia-pr62725/bin/julia -C native -J/home/ian/.julia/juliaup/julia-pr62725/lib/julia/sys.so -g1 --startup-file=no --compiled-modules=strict --output-o /tmp/julia-ttfx-depot/compiled/v1.14/DiffRules/jl_psBmYH --output-ji /tmp/julia-ttfx-depot/compiled/v1.14/DiffRules/jl_VGU5jo --output-incremental=yes --startup-file=no --history-file=no --warn-overwrite=yes --color=auto -`,["TERM=tmux-256color", "TTFX_DEPOT_PATH=/tmp/julia-ttfx-depot", "OPENBLAS_NUM_THREADS=1", "OPENBLAS_MAIN_FREE=1", "SHELL=/bin/bash", "SSH_CLIENT=100.104.183.53 58167 22", "JULIA_DEPOT_PATH=/tmp/julia-ttfx-depot:", "OLDPWD=/home/ian/Documents/GitHub/julia", "TMUX=/tmp/tmux-1000/default,1292951,2", "LC_TERMINAL_VERSION=3.6.11", "XDG_RUNTIME_DIR=/run/user/1000", "JULIA_PRECOMPILE_JOBSERVER=/jl_pc_3749826_1", "USER=ian", "LC_TERMINAL=iTerm2", "SHLVL=2", "MAIL=/var/mail/ian", "TERM_PROGRAM=tmux", "LD_LIBRARY_PATH=/usr/local/cuda/lib64:", "_=/home/ian/.juliaup/bin/julia", "LS_COLORS=rs=0:di=01;34:ln=01;36:mh=00:pi=40;33:so=01;35:do=01;35:bd=40;33;01:cd=40;33;01:or=40;31;01:mi=00:su=37;41:sg=30;43:ca=00:tw=30;42:ow=34;42:st=37;44:ex=01;32:*.tar=01;31:*.tgz=01;31:*.arc=01;31:*.arj=01;31:*.taz=01;31:*.lha=01;31:*.lz4=01;31:*.lzh=01;31:*.lzma=01;31:*.tlz=01;31:*.txz=01;31:*.tzo=01;31:*.t7z=01;31:*.zip=01;31:*.z=01;31:*.dz=01;31:*.gz=01;31:*.lrz=01;31:*.lz=01;31:*.lzo=01;31:*.xz=01;31:*.zst=01;31:*.tzst=01;31:*.bz2=01;31:*.bz=01;31:*.tbz=01;31:*.tbz2=01;31:*.tz=01;31:*.deb=01;31:*.rpm=01;31:*.jar=01;31:*.war=01;31:*.ear=01;31:*.sar=01;31:*.rar=01;31:*.alz=01;31:*.ace=01;31:*.zoo=01;31:*.cpio=01;31:*.7z=01;31:*.rz=01;31:*.cab=01;31:*.wim=01;31:*.swm=01;31:*.dwm=01;31:*.esd=01;31:*.avif=01;35:*.jpg=01;35:*.jpeg=01;35:*.mjpg=01;35:*.mjpeg=01;35:*.gif=01;35:*.bmp=01;35:*.pbm=01;35:*.pgm=01;35:*.ppm=01;35:*.tga=01;35:*.xbm=01;35:*.xpm=01;35:*.tif=01;35:*.tiff=01;35:*.png=01;35:*.svg=01;35:*.svgz=01;35:*.mng=01;35:*.pcx=01;35:*.mov=01;35:*.mpg=01;35:*.mpeg=01;35:*.m2v=01;35:*.mkv=01;35:*.webm=01;35:*.webp=01;35:*.ogm=01;35:*.mp4=01;35:*.m4v=01;35:*.mp4v=01;35:*.vob=01;35:*.qt=01;35:*.nuv=01;35:*.wmv=01;35:*.asf=01;35:*.rm=01;35:*.rmvb=01;35:*.flc=01;35:*.avi=01;35:*.fli=01;35:*.flv=01;35:*.gl=01;35:*.dl=01;35:*.xcf=01;35:*.xwd=01;35:*.yuv=01;35:*.cgm=01;35:*.emf=01;35:*.ogv=01;35:*.ogx=01;35:*.aac=00;36:*.au=00;36:*.flac=00;36:*.m4a=00;36:*.mid=00;36:*.midi=00;36:*.mka=00;36:*.mp3=00;36:*.mpc=00;36:*.ogg=00;36:*.ra=00;36:*.wav=00;36:*.oga=00;36:*.opus=00;36:*.spx=00;36:*.xspf=00;36:*~=00;90:*#=00;90:*.bak=00;90:*.crdownload=00;90:*.dpkg-dist=00;90:*.dpkg-new=00;90:*.dpkg-old=00;90:*.dpkg-tmp=00;90:*.old=00;90:*.orig=00;90:*.part=00;90:*.rej=00;90:*.rpmnew=00;90:*.rpmorig=00;90:*.rpmsave=00;90:*.swp=00;90:*.tmp=00;90:*.ucf-dist=00;90:*.ucf-new=00;90:*.ucf-old=00;90:", "LANG=en_US.UTF-8", "LESSCLOSE=/usr/bin/lesspipe %s %s", "SSH_CONNECTION=100.95.84.5 50454 100.82.112.7 22", "TMUX_PANE=%2", "LESSOPEN=| /usr/bin/lesspipe %s", "JULIA_PKG_PRECOMPILE_AUTO=0", "XDG_DATA_DIRS=/usr/share/gnome:/usr/local/share:/usr/share:/var/lib/snapd/desktop", "XDG_SESSION_ID=1677", "PATH=/home/ian/.juliaup/bin:/home/ian/.local/bin:/usr/local/sbin:/usr/local/bin:/usr/sbin:/usr/bin:/sbin:/bin:/usr/games:/usr/local/games:/snap/bin", "SSH_TTY=/dev/pts/1", "LOGNAME=ian", "TERM_PROGRAM_VERSION=3.4", "HUSHLOGIN=FALSE", "XDG_SESSION_TYPE=tty", "DEBUGINFOD_URLS=https://debuginfod.ubuntu.com ", "PWD", "OPENBLAS_DEFAULT_NUM_THREADS=1", "REMOTEHOST=100.104.183.53", "HOME=/home/ian", "JULIA_NUM_THREADS=1", "JULIA_PRECOMP_REPORT_TIMING=1", "DBUS_SESSION_BUS_ADDRESS=unix:path=/run/user/1000/bus", "XDG_SESSION_CLASS=user"]): no such file or directory (ENOENT)
Many shells expand '~' to the home directory in unquoted strings. To replicate this behavior, call `expanduser` to expand the '~' character to the user’s home directory.

FindFirstFunctions 
IOError: could not spawn setenv(`/home/ian/.julia/juliaup/julia-pr62725/bin/julia -C native -J/home/ian/.julia/juliaup/julia-pr62725/lib/julia/sys.so -g1 --startup-file=no --compiled-modules=strict --output-o /tmp/julia-ttfx-depot/compiled/v1.14/FindFirstFunctions/jl_0HFT32 --output-ji /tmp/julia-ttfx-depot/compiled/v1.14/FindFirstFunctions/jl_oq0Mua --output-incremental=yes --startup-file=no --history-file=no --warn-overwrite=yes --color=auto -`,["TERM=tmux-256color", "TTFX_DEPOT_PATH=/tmp/julia-ttfx-depot", "OPENBLAS_NUM_THREADS=1", "OPENBLAS_MAIN_FREE=1", "SHELL=/bin/bash", "SSH_CLIENT=100.104.183.53 58167 22", "JULIA_DEPOT_PATH=/tmp/julia-ttfx-depot:", "OLDPWD=/home/ian/Documents/GitHub/julia", "TMUX=/tmp/tmux-1000/default,1292951,2", "LC_TERMINAL_VERSION=3.6.11", "XDG_RUNTIME_DIR=/run/user/1000", "JULIA_PRECOMPILE_JOBSERVER=/jl_pc_3749826_1", "USER=ian", "LC_TERMINAL=iTerm2", "SHLVL=2", "MAIL=/var/mail/ian", "TERM_PROGRAM=tmux", "LD_LIBRARY_PATH=/usr/local/cuda/lib64:", "_=/home/ian/.juliaup/bin/julia", "LS_COLORS=rs=0:di=01;34:ln=01;36:mh=00:pi=40;33:so=01;35:do=01;35:bd=40;33;01:cd=40;33;01:or=40;31;01:mi=00:su=37;41:sg=30;43:ca=00:tw=30;42:ow=34;42:st=37;44:ex=01;32:*.tar=01;31:*.tgz=01;31:*.arc=01;31:*.arj=01;31:*.taz=01;31:*.lha=01;31:*.lz4=01;31:*.lzh=01;31:*.lzma=01;31:*.tlz=01;31:*.txz=01;31:*.tzo=01;31:*.t7z=01;31:*.zip=01;31:*.z=01;31:*.dz=01;31:*.gz=01;31:*.lrz=01;31:*.lz=01;31:*.lzo=01;31:*.xz=01;31:*.zst=01;31:*.tzst=01;31:*.bz2=01;31:*.bz=01;31:*.tbz=01;31:*.tbz2=01;31:*.tz=01;31:*.deb=01;31:*.rpm=01;31:*.jar=01;31:*.war=01;31:*.ear=01;31:*.sar=01;31:*.rar=01;31:*.alz=01;31:*.ace=01;31:*.zoo=01;31:*.cpio=01;31:*.7z=01;31:*.rz=01;31:*.cab=01;31:*.wim=01;31:*.swm=01;31:*.dwm=01;31:*.esd=01;31:*.avif=01;35:*.jpg=01;35:*.jpeg=01;35:*.mjpg=01;35:*.mjpeg=01;35:*.gif=01;35:*.bmp=01;35:*.pbm=01;35:*.pgm=01;35:*.ppm=01;35:*.tga=01;35:*.xbm=01;35:*.xpm=01;35:*.tif=01;35:*.tiff=01;35:*.png=01;35:*.svg=01;35:*.svgz=01;35:*.mng=01;35:*.pcx=01;35:*.mov=01;35:*.mpg=01;35:*.mpeg=01;35:*.m2v=01;35:*.mkv=01;35:*.webm=01;35:*.webp=01;35:*.ogm=01;35:*.mp4=01;35:*.m4v=01;35:*.mp4v=01;35:*.vob=01;35:*.qt=01;35:*.nuv=01;35:*.wmv=01;35:*.asf=01;35:*.rm=01;35:*.rmvb=01;35:*.flc=01;35:*.avi=01;35:*.fli=01;35:*.flv=01;35:*.gl=01;35:*.dl=01;35:*.xcf=01;35:*.xwd=01;35:*.yuv=01;35:*.cgm=01;35:*.emf=01;35:*.ogv=01;35:*.ogx=01;35:*.aac=00;36:*.au=00;36:*.flac=00;36:*.m4a=00;36:*.mid=00;36:*.midi=00;36:*.mka=00;36:*.mp3=00;36:*.mpc=00;36:*.ogg=00;36:*.ra=00;36:*.wav=00;36:*.oga=00;36:*.opus=00;36:*.spx=00;36:*.xspf=00;36:*~=00;90:*#=00;90:*.bak=00;90:*.crdownload=00;90:*.dpkg-dist=00;90:*.dpkg-new=00;90:*.dpkg-old=00;90:*.dpkg-tmp=00;90:*.old=00;90:*.orig=00;90:*.part=00;90:*.rej=00;90:*.rpmnew=00;90:*.rpmorig=00;90:*.rpmsave=00;90:*.swp=00;90:*.tmp=00;90:*.ucf-dist=00;90:*.ucf-new=00;90:*.ucf-old=00;90:", "LANG=en_US.UTF-8", "LESSCLOSE=/usr/bin/lesspipe %s %s", "SSH_CONNECTION=100.95.84.5 50454 100.82.112.7 22", "TMUX_PANE=%2", "LESSOPEN=| /usr/bin/lesspipe %s", "JULIA_PKG_PRECOMPILE_AUTO=0", "XDG_DATA_DIRS=/usr/share/gnome:/usr/local/share:/usr/share:/var/lib/snapd/desktop", "XDG_SESSION_ID=1677", "PATH=/home/ian/.juliaup/bin:/home/ian/.local/bin:/usr/local/sbin:/usr/local/bin:/usr/sbin:/usr/bin:/sbin:/bin:/usr/games:/usr/local/games:/snap/bin", "SSH_TTY=/dev/pts/1", "LOGNAME=ian", "TERM_PROGRAM_VERSION=3.4", "HUSHLOGIN=FALSE", "XDG_SESSION_TYPE=tty", "DEBUGINFOD_URLS=https://debuginfod.ubuntu.com ", "PWD", "OPENBLAS_DEFAULT_NUM_THREADS=1", "REMOTEHOST=100.104.183.53", "HOME=/home/ian", "JULIA_NUM_THREADS=1", "JULIA_PRECOMP_REPORT_TIMING=1", "DBUS_SESSION_BUS_ADDRESS=unix:path=/run/user/1000/bus", "XDG_SESSION_CLASS=user"]): no such file or directory (ENOENT)
Many shells expand '~' to the home directory in unquoted strings. To replicate this behavior, call `expanduser` to expand the '~' character to the user’s home directory.

DiffEqNoiseProcess → DiffEqNoiseProcessOptimExt 
Failed to precompile DiffEqNoiseProcessOptimExt [db2d7a8a-05f9-54cf-a12a-279b5215cab8] to "/tmp/julia-ttfx-depot/compiled/v1.14/DiffEqNoiseProcessOptimExt/jl_iPuvpR" (ProcessExited(1)).

Distances 
IOError: could not spawn setenv(`/home/ian/.julia/juliaup/julia-pr62725/bin/julia -C native -J/home/ian/.julia/juliaup/julia-pr62725/lib/julia/sys.so -g1 --startup-file=no --compiled-modules=strict --output-o /tmp/julia-ttfx-depot/compiled/v1.14/Distances/jl_6hTnoc --output-ji /tmp/julia-ttfx-depot/compiled/v1.14/Distances/jl_vYt0jt --output-incremental=yes --startup-file=no --history-file=no --warn-overwrite=yes --color=auto -`,["TERM=tmux-256color", "TTFX_DEPOT_PATH=/tmp/julia-ttfx-depot", "OPENBLAS_NUM_THREADS=1", "OPENBLAS_MAIN_FREE=1", "SHELL=/bin/bash", "SSH_CLIENT=100.104.183.53 58167 22", "JULIA_DEPOT_PATH=/tmp/julia-ttfx-depot:", "OLDPWD=/home/ian/Documents/GitHub/julia", "TMUX=/tmp/tmux-1000/default,1292951,2", "LC_TERMINAL_VERSION=3.6.11", "XDG_RUNTIME_DIR=/run/user/1000", "JULIA_PRECOMPILE_JOBSERVER=/jl_pc_3749826_1", "USER=ian", "LC_TERMINAL=iTerm2", "SHLVL=2", "MAIL=/var/mail/ian", "TERM_PROGRAM=tmux", "LD_LIBRARY_PATH=/usr/local/cuda/lib64:", "_=/home/ian/.juliaup/bin/julia", "LS_COLORS=rs=0:di=01;34:ln=01;36:mh=00:pi=40;33:so=01;35:do=01;35:bd=40;33;01:cd=40;33;01:or=40;31;01:mi=00:su=37;41:sg=30;43:ca=00:tw=30;42:ow=34;42:st=37;44:ex=01;32:*.tar=01;31:*.tgz=01;31:*.arc=01;31:*.arj=01;31:*.taz=01;31:*.lha=01;31:*.lz4=01;31:*.lzh=01;31:*.lzma=01;31:*.tlz=01;31:*.txz=01;31:*.tzo=01;31:*.t7z=01;31:*.zip=01;31:*.z=01;31:*.dz=01;31:*.gz=01;31:*.lrz=01;31:*.lz=01;31:*.lzo=01;31:*.xz=01;31:*.zst=01;31:*.tzst=01;31:*.bz2=01;31:*.bz=01;31:*.tbz=01;31:*.tbz2=01;31:*.tz=01;31:*.deb=01;31:*.rpm=01;31:*.jar=01;31:*.war=01;31:*.ear=01;31:*.sar=01;31:*.rar=01;31:*.alz=01;31:*.ace=01;31:*.zoo=01;31:*.cpio=01;31:*.7z=01;31:*.rz=01;31:*.cab=01;31:*.wim=01;31:*.swm=01;31:*.dwm=01;31:*.esd=01;31:*.avif=01;35:*.jpg=01;35:*.jpeg=01;35:*.mjpg=01;35:*.mjpeg=01;35:*.gif=01;35:*.bmp=01;35:*.pbm=01;35:*.pgm=01;35:*.ppm=01;35:*.tga=01;35:*.xbm=01;35:*.xpm=01;35:*.tif=01;35:*.tiff=01;35:*.png=01;35:*.svg=01;35:*.svgz=01;35:*.mng=01;35:*.pcx=01;35:*.mov=01;35:*.mpg=01;35:*.mpeg=01;35:*.m2v=01;35:*.mkv=01;35:*.webm=01;35:*.webp=01;35:*.ogm=01;35:*.mp4=01;35:*.m4v=01;35:*.mp4v=01;35:*.vob=01;35:*.qt=01;35:*.nuv=01;35:*.wmv=01;35:*.asf=01;35:*.rm=01;35:*.rmvb=01;35:*.flc=01;35:*.avi=01;35:*.fli=01;35:*.flv=01;35:*.gl=01;35:*.dl=01;35:*.xcf=01;35:*.xwd=01;35:*.yuv=01;35:*.cgm=01;35:*.emf=01;35:*.ogv=01;35:*.ogx=01;35:*.aac=00;36:*.au=00;36:*.flac=00;36:*.m4a=00;36:*.mid=00;36:*.midi=00;36:*.mka=00;36:*.mp3=00;36:*.mpc=00;36:*.ogg=00;36:*.ra=00;36:*.wav=00;36:*.oga=00;36:*.opus=00;36:*.spx=00;36:*.xspf=00;36:*~=00;90:*#=00;90:*.bak=00;90:*.crdownload=00;90:*.dpkg-dist=00;90:*.dpkg-new=00;90:*.dpkg-old=00;90:*.dpkg-tmp=00;90:*.old=00;90:*.orig=00;90:*.part=00;90:*.rej=00;90:*.rpmnew=00;90:*.rpmorig=00;90:*.rpmsave=00;90:*.swp=00;90:*.tmp=00;90:*.ucf-dist=00;90:*.ucf-new=00;90:*.ucf-old=00;90:", "LANG=en_US.UTF-8", "LESSCLOSE=/usr/bin/lesspipe %s %s", "SSH_CONNECTION=100.95.84.5 50454 100.82.112.7 22", "TMUX_PANE=%2", "LESSOPEN=| /usr/bin/lesspipe %s", "JULIA_PKG_PRECOMPILE_AUTO=0", "XDG_DATA_DIRS=/usr/share/gnome:/usr/local/share:/usr/share:/var/lib/snapd/desktop", "XDG_SESSION_ID=1677", "PATH=/home/ian/.juliaup/bin:/home/ian/.local/bin:/usr/local/sbin:/usr/local/bin:/usr/sbin:/usr/bin:/sbin:/bin:/usr/games:/usr/local/games:/snap/bin", "SSH_TTY=/dev/pts/1", "LOGNAME=ian", "TERM_PROGRAM_VERSION=3.4", "HUSHLOGIN=FALSE", "XDG_SESSION_TYPE=tty", "DEBUGINFOD_URLS=https://debuginfod.ubuntu.com ", "PWD", "OPENBLAS_DEFAULT_NUM_THREADS=1", "REMOTEHOST=100.104.183.53", "HOME=/home/ian", "JULIA_NUM_THREADS=1", "JULIA_PRECOMP_REPORT_TIMING=1", "DBUS_SESSION_BUS_ADDRESS=unix:path=/run/user/1000/bus", "XDG_SESSION_CLASS=user"]): no such file or directory (ENOENT)
Many shells expand '~' to the home directory in unquoted strings. To replicate this behavior, call `expanduser` to expand the '~' character to the user’s home directory.

OrdinaryDiffEqTsit5 
Failed to precompile OrdinaryDiffEqTsit5 [b1df2697-797e-41e3-8120-5422d3b24e4a] to "/tmp/julia-ttfx-depot/compiled/v1.14/OrdinaryDiffEqTsit5/jl_YctcDh" (ProcessExited(1)).

PDMats → StatsBaseExt 
IOError: could not spawn setenv(`/home/ian/.julia/juliaup/julia-pr62725/bin/julia -C native -J/home/ian/.julia/juliaup/julia-pr62725/lib/julia/sys.so -g1 --startup-file=no --compiled-modules=strict --output-o /tmp/julia-ttfx-depot/compiled/v1.14/StatsBaseExt/jl_LT7noq --output-ji /tmp/julia-ttfx-depot/compiled/v1.14/StatsBaseExt/jl_Vww8E4 --output-incremental=yes --startup-file=no --history-file=no --warn-overwrite=yes --color=auto -`,["TERM=tmux-256color", "TTFX_DEPOT_PATH=/tmp/julia-ttfx-depot", "OPENBLAS_NUM_THREADS=1", "OPENBLAS_MAIN_FREE=1", "SHELL=/bin/bash", "SSH_CLIENT=100.104.183.53 58167 22", "JULIA_DEPOT_PATH=/tmp/julia-ttfx-depot:", "OLDPWD=/home/ian/Documents/GitHub/julia", "TMUX=/tmp/tmux-1000/default,1292951,2", "LC_TERMINAL_VERSION=3.6.11", "XDG_RUNTIME_DIR=/run/user/1000", "JULIA_PRECOMPILE_JOBSERVER=/jl_pc_3749826_1", "USER=ian", "LC_TERMINAL=iTerm2", "SHLVL=2", "MAIL=/var/mail/ian", "TERM_PROGRAM=tmux", "LD_LIBRARY_PATH=/usr/local/cuda/lib64:", "_=/home/ian/.juliaup/bin/julia", "LS_COLORS=rs=0:di=01;34:ln=01;36:mh=00:pi=40;33:so=01;35:do=01;35:bd=40;33;01:cd=40;33;01:or=40;31;01:mi=00:su=37;41:sg=30;43:ca=00:tw=30;42:ow=34;42:st=37;44:ex=01;32:*.tar=01;31:*.tgz=01;31:*.arc=01;31:*.arj=01;31:*.taz=01;31:*.lha=01;31:*.lz4=01;31:*.lzh=01;31:*.lzma=01;31:*.tlz=01;31:*.txz=01;31:*.tzo=01;31:*.t7z=01;31:*.zip=01;31:*.z=01;31:*.dz=01;31:*.gz=01;31:*.lrz=01;31:*.lz=01;31:*.lzo=01;31:*.xz=01;31:*.zst=01;31:*.tzst=01;31:*.bz2=01;31:*.bz=01;31:*.tbz=01;31:*.tbz2=01;31:*.tz=01;31:*.deb=01;31:*.rpm=01;31:*.jar=01;31:*.war=01;31:*.ear=01;31:*.sar=01;31:*.rar=01;31:*.alz=01;31:*.ace=01;31:*.zoo=01;31:*.cpio=01;31:*.7z=01;31:*.rz=01;31:*.cab=01;31:*.wim=01;31:*.swm=01;31:*.dwm=01;31:*.esd=01;31:*.avif=01;35:*.jpg=01;35:*.jpeg=01;35:*.mjpg=01;35:*.mjpeg=01;35:*.gif=01;35:*.bmp=01;35:*.pbm=01;35:*.pgm=01;35:*.ppm=01;35:*.tga=01;35:*.xbm=01;35:*.xpm=01;35:*.tif=01;35:*.tiff=01;35:*.png=01;35:*.svg=01;35:*.svgz=01;35:*.mng=01;35:*.pcx=01;35:*.mov=01;35:*.mpg=01;35:*.mpeg=01;35:*.m2v=01;35:*.mkv=01;35:*.webm=01;35:*.webp=01;35:*.ogm=01;35:*.mp4=01;35:*.m4v=01;35:*.mp4v=01;35:*.vob=01;35:*.qt=01;35:*.nuv=01;35:*.wmv=01;35:*.asf=01;35:*.rm=01;35:*.rmvb=01;35:*.flc=01;35:*.avi=01;35:*.fli=01;35:*.flv=01;35:*.gl=01;35:*.dl=01;35:*.xcf=01;35:*.xwd=01;35:*.yuv=01;35:*.cgm=01;35:*.emf=01;35:*.ogv=01;35:*.ogx=01;35:*.aac=00;36:*.au=00;36:*.flac=00;36:*.m4a=00;36:*.mid=00;36:*.midi=00;36:*.mka=00;36:*.mp3=00;36:*.mpc=00;36:*.ogg=00;36:*.ra=00;36:*.wav=00;36:*.oga=00;36:*.opus=00;36:*.spx=00;36:*.xspf=00;36:*~=00;90:*#=00;90:*.bak=00;90:*.crdownload=00;90:*.dpkg-dist=00;90:*.dpkg-new=00;90:*.dpkg-old=00;90:*.dpkg-tmp=00;90:*.old=00;90:*.orig=00;90:*.part=00;90:*.rej=00;90:*.rpmnew=00;90:*.rpmorig=00;90:*.rpmsave=00;90:*.swp=00;90:*.tmp=00;90:*.ucf-dist=00;90:*.ucf-new=00;90:*.ucf-old=00;90:", "LANG=en_US.UTF-8", "LESSCLOSE=/usr/bin/lesspipe %s %s", "SSH_CONNECTION=100.95.84.5 50454 100.82.112.7 22", "TMUX_PANE=%2", "LESSOPEN=| /usr/bin/lesspipe %s", "JULIA_PKG_PRECOMPILE_AUTO=0", "XDG_DATA_DIRS=/usr/share/gnome:/usr/local/share:/usr/share:/var/lib/snapd/desktop", "XDG_SESSION_ID=1677", "PATH=/home/ian/.juliaup/bin:/home/ian/.local/bin:/usr/local/sbin:/usr/local/bin:/usr/sbin:/usr/bin:/sbin:/bin:/usr/games:/usr/local/games:/snap/bin", "SSH_TTY=/dev/pts/1", "LOGNAME=ian", "TERM_PROGRAM_VERSION=3.4", "HUSHLOGIN=FALSE", "XDG_SESSION_TYPE=tty", "DEBUGINFOD_URLS=https://debuginfod.ubuntu.com ", "PWD", "OPENBLAS_DEFAULT_NUM_THREADS=1", "REMOTEHOST=100.104.183.53", "HOME=/home/ian", "JULIA_NUM_THREADS=1", "JULIA_PRECOMP_REPORT_TIMING=1", "DBUS_SESSION_BUS_ADDRESS=unix:path=/run/user/1000/bus", "XDG_SESSION_CLASS=user"]): no such file or directory (ENOENT)
Many shells expand '~' to the home directory in unquoted strings. To replicate this behavior, call `expanduser` to expand the '~' character to the user’s home directory.

InverseFunctions → InverseFunctionsTestExt 
IOError: could not spawn setenv(`/home/ian/.julia/juliaup/julia-pr62725/libexec/julia/lld -flavor gnu --build-id --eh-frame-hdr --hash-style=gnu --as-needed -z relro -z defs '' -shared -o /tmp/julia-ttfx-depot/compiled/v1.14/InverseFunctionsTestExt/jl_eFp8PQ /home/ian/.julia/juliaup/julia-pr62725/lib/crti.o /home/ian/.julia/juliaup/julia-pr62725/lib/crtbeginS.o --whole-archive /tmp/julia-ttfx-depot/compiled/v1.14/InverseFunctionsTestExt/jl_VMkpmU --no-whole-archive -L/home/ian/.julia/juliaup/julia-pr62725/lib/julia -L/home/ian/.julia/juliaup/julia-pr62725/lib -L/home/ian/.julia/juliaup/julia-pr62725/lib -ljulia -ljulia-internal -lgcc --as-needed -lgcc_s -latomic -lopenlibm --no-as-needed /lib/x86_64-linux-gnu/libc.so.6 --as-needed /lib64/ld-linux-x86-64.so.2 --no-as-needed /home/ian/.julia/juliaup/julia-pr62725/lib/crtendS.o /home/ian/.julia/juliaup/julia-pr62725/lib/crtn.o`,["TERM_PROGRAM_VERSION=3.4", "TERM=tmux-256color", "TTFX_DEPOT_PATH=/tmp/julia-ttfx-depot", "HUSHLOGIN=FALSE", "USER=ian", "LESSCLOSE=/usr/bin/lesspipe %s %s", "OPENBLAS_MAIN_FREE=1", "LC_TERMINAL=iTerm2", "SHELL=/bin/bash", "SHLVL=2", "SSH_CONNECTION=100.95.84.5 50454 100.82.112.7 22", "XDG_SESSION_TYPE=tty", "TMUX_PANE=%2", "DEBUGINFOD_URLS=https://debuginfod.ubuntu.com ", "MAIL=/var/mail/ian", "SSH_CLIENT=100.104.183.53 58167 22", "PWD", "TERM_PROGRAM=tmux", "LESSOPEN=| /usr/bin/lesspipe %s", "OPENBLAS_DEFAULT_NUM_THREADS=1", "JULIA_PKG_PRECOMPILE_AUTO=0", "JULIA_DEPOT_PATH=/tmp/julia-ttfx-depot:", "LD_LIBRARY_PATH=/home/ian/.julia/juliaup/julia-pr62725/lib/julia:/home/ian/.julia/juliaup/julia-pr62725/lib:/usr/local/cuda/lib64:", "XDG_DATA_DIRS=/usr/share/gnome:/usr/local/share:/usr/share:/var/lib/snapd/desktop", "TMUX=/tmp/tmux-1000/default,1292951,2", "REMOTEHOST=100.104.183.53", "XDG_SESSION_ID=1677", "OLDPWD=/home/ian/Documents/GitHub/julia", "HOME=/home/ian", "LC_TERMINAL_VERSION=3.6.11", "PATH=/home/ian/.julia/juliaup/julia-pr62725/libexec/julia:/home/ian/.juliaup/bin:/home/ian/.local/bin:/usr/local/sbin:/usr/local/bin:/usr/sbin:/usr/bin:/sbin:/bin:/usr/games:/usr/local/games:/snap/bin", "XDG_RUNTIME_DIR=/run/user/1000", "_=/home/ian/.juliaup/bin/julia", "DBUS_SESSION_BUS_ADDRESS=unix:path=/run/user/1000/bus", "JULIA_PRECOMPILE_JOBSERVER=/jl_pc_3749826_1", "SSH_TTY=/dev/pts/1", "LOGNAME=ian", "LS_COLORS=rs=0:di=01;34:ln=01;36:mh=00:pi=40;33:so=01;35:do=01;35:bd=40;33;01:cd=40;33;01:or=40;31;01:mi=00:su=37;41:sg=30;43:ca=00:tw=30;42:ow=34;42:st=37;44:ex=01;32:*.tar=01;31:*.tgz=01;31:*.arc=01;31:*.arj=01;31:*.taz=01;31:*.lha=01;31:*.lz4=01;31:*.lzh=01;31:*.lzma=01;31:*.tlz=01;31:*.txz=01;31:*.tzo=01;31:*.t7z=01;31:*.zip=01;31:*.z=01;31:*.dz=01;31:*.gz=01;31:*.lrz=01;31:*.lz=01;31:*.lzo=01;31:*.xz=01;31:*.zst=01;31:*.tzst=01;31:*.bz2=01;31:*.bz=01;31:*.tbz=01;31:*.tbz2=01;31:*.tz=01;31:*.deb=01;31:*.rpm=01;31:*.jar=01;31:*.war=01;31:*.ear=01;31:*.sar=01;31:*.rar=01;31:*.alz=01;31:*.ace=01;31:*.zoo=01;31:*.cpio=01;31:*.7z=01;31:*.rz=01;31:*.cab=01;31:*.wim=01;31:*.swm=01;31:*.dwm=01;31:*.esd=01;31:*.avif=01;35:*.jpg=01;35:*.jpeg=01;35:*.mjpg=01;35:*.mjpeg=01;35:*.gif=01;35:*.bmp=01;35:*.pbm=01;35:*.pgm=01;35:*.ppm=01;35:*.tga=01;35:*.xbm=01;35:*.xpm=01;35:*.tif=01;35:*.tiff=01;35:*.png=01;35:*.svg=01;35:*.svgz=01;35:*.mng=01;35:*.pcx=01;35:*.mov=01;35:*.mpg=01;35:*.mpeg=01;35:*.m2v=01;35:*.mkv=01;35:*.webm=01;35:*.webp=01;35:*.ogm=01;35:*.mp4=01;35:*.m4v=01;35:*.mp4v=01;35:*.vob=01;35:*.qt=01;35:*.nuv=01;35:*.wmv=01;35:*.asf=01;35:*.rm=01;35:*.rmvb=01;35:*.flc=01;35:*.avi=01;35:*.fli=01;35:*.flv=01;35:*.gl=01;35:*.dl=01;35:*.xcf=01;35:*.xwd=01;35:*.yuv=01;35:*.cgm=01;35:*.emf=01;35:*.ogv=01;35:*.ogx=01;35:*.aac=00;36:*.au=00;36:*.flac=00;36:*.m4a=00;36:*.mid=00;36:*.midi=00;36:*.mka=00;36:*.mp3=00;36:*.mpc=00;36:*.ogg=00;36:*.ra=00;36:*.wav=00;36:*.oga=00;36:*.opus=00;36:*.spx=00;36:*.xspf=00;36:*~=00;90:*#=00;90:*.bak=00;90:*.crdownload=00;90:*.dpkg-dist=00;90:*.dpkg-new=00;90:*.dpkg-old=00;90:*.dpkg-tmp=00;90:*.old=00;90:*.orig=00;90:*.part=00;90:*.rej=00;90:*.rpmnew=00;90:*.rpmorig=00;90:*.rpmsave=00;90:*.swp=00;90:*.tmp=00;90:*.ucf-dist=00;90:*.ucf-new=00;90:*.ucf-old=00;90:", "XDG_SESSION_CLASS=user", "LANG=en_US.UTF-8"]): no such file or directory (ENOENT)
Many shells expand '~' to the home directory in unquoted strings. To replicate this behavior, call `expanduser` to expand the '~' character to the user’s home directory.

Roots 
IOError: could not spawn setenv(`/home/ian/.julia/juliaup/julia-pr62725/bin/julia -C native -J/home/ian/.julia/juliaup/julia-pr62725/lib/julia/sys.so -g1 --startup-file=no --compiled-modules=strict --output-o /tmp/julia-ttfx-depot/compiled/v1.14/Roots/jl_2gV4xD --output-ji /tmp/julia-ttfx-depot/compiled/v1.14/Roots/jl_tGdimg --output-incremental=yes --startup-file=no --history-file=no --warn-overwrite=yes --color=auto -`,["TERM=tmux-256color", "TTFX_DEPOT_PATH=/tmp/julia-ttfx-depot", "OPENBLAS_NUM_THREADS=1", "OPENBLAS_MAIN_FREE=1", "SHELL=/bin/bash", "SSH_CLIENT=100.104.183.53 58167 22", "JULIA_DEPOT_PATH=/tmp/julia-ttfx-depot:", "OLDPWD=/home/ian/Documents/GitHub/julia", "TMUX=/tmp/tmux-1000/default,1292951,2", "LC_TERMINAL_VERSION=3.6.11", "XDG_RUNTIME_DIR=/run/user/1000", "JULIA_PRECOMPILE_JOBSERVER=/jl_pc_3749826_1", "USER=ian", "LC_TERMINAL=iTerm2", "SHLVL=2", "MAIL=/var/mail/ian", "TERM_PROGRAM=tmux", "LD_LIBRARY_PATH=/usr/local/cuda/lib64:", "_=/home/ian/.juliaup/bin/julia", "LS_COLORS=rs=0:di=01;34:ln=01;36:mh=00:pi=40;33:so=01;35:do=01;35:bd=40;33;01:cd=40;33;01:or=40;31;01:mi=00:su=37;41:sg=30;43:ca=00:tw=30;42:ow=34;42:st=37;44:ex=01;32:*.tar=01;31:*.tgz=01;31:*.arc=01;31:*.arj=01;31:*.taz=01;31:*.lha=01;31:*.lz4=01;31:*.lzh=01;31:*.lzma=01;31:*.tlz=01;31:*.txz=01;31:*.tzo=01;31:*.t7z=01;31:*.zip=01;31:*.z=01;31:*.dz=01;31:*.gz=01;31:*.lrz=01;31:*.lz=01;31:*.lzo=01;31:*.xz=01;31:*.zst=01;31:*.tzst=01;31:*.bz2=01;31:*.bz=01;31:*.tbz=01;31:*.tbz2=01;31:*.tz=01;31:*.deb=01;31:*.rpm=01;31:*.jar=01;31:*.war=01;31:*.ear=01;31:*.sar=01;31:*.rar=01;31:*.alz=01;31:*.ace=01;31:*.zoo=01;31:*.cpio=01;31:*.7z=01;31:*.rz=01;31:*.cab=01;31:*.wim=01;31:*.swm=01;31:*.dwm=01;31:*.esd=01;31:*.avif=01;35:*.jpg=01;35:*.jpeg=01;35:*.mjpg=01;35:*.mjpeg=01;35:*.gif=01;35:*.bmp=01;35:*.pbm=01;35:*.pgm=01;35:*.ppm=01;35:*.tga=01;35:*.xbm=01;35:*.xpm=01;35:*.tif=01;35:*.tiff=01;35:*.png=01;35:*.svg=01;35:*.svgz=01;35:*.mng=01;35:*.pcx=01;35:*.mov=01;35:*.mpg=01;35:*.mpeg=01;35:*.m2v=01;35:*.mkv=01;35:*.webm=01;35:*.webp=01;35:*.ogm=01;35:*.mp4=01;35:*.m4v=01;35:*.mp4v=01;35:*.vob=01;35:*.qt=01;35:*.nuv=01;35:*.wmv=01;35:*.asf=01;35:*.rm=01;35:*.rmvb=01;35:*.flc=01;35:*.avi=01;35:*.fli=01;35:*.flv=01;35:*.gl=01;35:*.dl=01;35:*.xcf=01;35:*.xwd=01;35:*.yuv=01;35:*.cgm=01;35:*.emf=01;35:*.ogv=01;35:*.ogx=01;35:*.aac=00;36:*.au=00;36:*.flac=00;36:*.m4a=00;36:*.mid=00;36:*.midi=00;36:*.mka=00;36:*.mp3=00;36:*.mpc=00;36:*.ogg=00;36:*.ra=00;36:*.wav=00;36:*.oga=00;36:*.opus=00;36:*.spx=00;36:*.xspf=00;36:*~=00;90:*#=00;90:*.bak=00;90:*.crdownload=00;90:*.dpkg-dist=00;90:*.dpkg-new=00;90:*.dpkg-old=00;90:*.dpkg-tmp=00;90:*.old=00;90:*.orig=00;90:*.part=00;90:*.rej=00;90:*.rpmnew=00;90:*.rpmorig=00;90:*.rpmsave=00;90:*.swp=00;90:*.tmp=00;90:*.ucf-dist=00;90:*.ucf-new=00;90:*.ucf-old=00;90:", "LANG=en_US.UTF-8", "LESSCLOSE=/usr/bin/lesspipe %s %s", "SSH_CONNECTION=100.95.84.5 50454 100.82.112.7 22", "TMUX_PANE=%2", "LESSOPEN=| /usr/bin/lesspipe %s", "JULIA_PKG_PRECOMPILE_AUTO=0", "XDG_DATA_DIRS=/usr/share/gnome:/usr/local/share:/usr/share:/var/lib/snapd/desktop", "XDG_SESSION_ID=1677", "PATH=/home/ian/.juliaup/bin:/home/ian/.local/bin:/usr/local/sbin:/usr/local/bin:/usr/sbin:/usr/bin:/sbin:/bin:/usr/games:/usr/local/games:/snap/bin", "SSH_TTY=/dev/pts/1", "LOGNAME=ian", "TERM_PROGRAM_VERSION=3.4", "HUSHLOGIN=FALSE", "XDG_SESSION_TYPE=tty", "DEBUGINFOD_URLS=https://debuginfod.ubuntu.com ", "PWD", "OPENBLAS_DEFAULT_NUM_THREADS=1", "REMOTEHOST=100.104.183.53", "HOME=/home/ian", "JULIA_NUM_THREADS=1", "JULIA_PRECOMP_REPORT_TIMING=1", "DBUS_SESSION_BUS_ADDRESS=unix:path=/run/user/1000/bus", "XDG_SESSION_CLASS=user"]): no such file or directory (ENOENT)
Many shells expand '~' to the home directory in unquoted strings. To replicate this behavior, call `expanduser` to expand the '~' character to the user’s home directory.

BangBang → BangBangTablesExt 
IOError: could not spawn setenv(`/home/ian/.julia/juliaup/julia-pr62725/bin/julia -C native -J/home/ian/.julia/juliaup/julia-pr62725/lib/julia/sys.so -g1 --startup-file=no --compiled-modules=strict --output-o /tmp/julia-ttfx-depot/compiled/v1.14/BangBangTablesExt/jl_vn2v5C --output-ji /tmp/julia-ttfx-depot/compiled/v1.14/BangBangTablesExt/jl_nnI5Zz --output-incremental=yes --startup-file=no --history-file=no --warn-overwrite=yes --color=auto -`,["TERM=tmux-256color", "TTFX_DEPOT_PATH=/tmp/julia-ttfx-depot", "OPENBLAS_NUM_THREADS=1", "OPENBLAS_MAIN_FREE=1", "SHELL=/bin/bash", "SSH_CLIENT=100.104.183.53 58167 22", "JULIA_DEPOT_PATH=/tmp/julia-ttfx-depot:", "OLDPWD=/home/ian/Documents/GitHub/julia", "TMUX=/tmp/tmux-1000/default,1292951,2", "LC_TERMINAL_VERSION=3.6.11", "XDG_RUNTIME_DIR=/run/user/1000", "JULIA_PRECOMPILE_JOBSERVER=/jl_pc_3749826_1", "USER=ian", "LC_TERMINAL=iTerm2", "SHLVL=2", "MAIL=/var/mail/ian", "TERM_PROGRAM=tmux", "LD_LIBRARY_PATH=/usr/local/cuda/lib64:", "_=/home/ian/.juliaup/bin/julia", "LS_COLORS=rs=0:di=01;34:ln=01;36:mh=00:pi=40;33:so=01;35:do=01;35:bd=40;33;01:cd=40;33;01:or=40;31;01:mi=00:su=37;41:sg=30;43:ca=00:tw=30;42:ow=34;42:st=37;44:ex=01;32:*.tar=01;31:*.tgz=01;31:*.arc=01;31:*.arj=01;31:*.taz=01;31:*.lha=01;31:*.lz4=01;31:*.lzh=01;31:*.lzma=01;31:*.tlz=01;31:*.txz=01;31:*.tzo=01;31:*.t7z=01;31:*.zip=01;31:*.z=01;31:*.dz=01;31:*.gz=01;31:*.lrz=01;31:*.lz=01;31:*.lzo=01;31:*.xz=01;31:*.zst=01;31:*.tzst=01;31:*.bz2=01;31:*.bz=01;31:*.tbz=01;31:*.tbz2=01;31:*.tz=01;31:*.deb=01;31:*.rpm=01;31:*.jar=01;31:*.war=01;31:*.ear=01;31:*.sar=01;31:*.rar=01;31:*.alz=01;31:*.ace=01;31:*.zoo=01;31:*.cpio=01;31:*.7z=01;31:*.rz=01;31:*.cab=01;31:*.wim=01;31:*.swm=01;31:*.dwm=01;31:*.esd=01;31:*.avif=01;35:*.jpg=01;35:*.jpeg=01;35:*.mjpg=01;35:*.mjpeg=01;35:*.gif=01;35:*.bmp=01;35:*.pbm=01;35:*.pgm=01;35:*.ppm=01;35:*.tga=01;35:*.xbm=01;35:*.xpm=01;35:*.tif=01;35:*.tiff=01;35:*.png=01;35:*.svg=01;35:*.svgz=01;35:*.mng=01;35:*.pcx=01;35:*.mov=01;35:*.mpg=01;35:*.mpeg=01;35:*.m2v=01;35:*.mkv=01;35:*.webm=01;35:*.webp=01;35:*.ogm=01;35:*.mp4=01;35:*.m4v=01;35:*.mp4v=01;35:*.vob=01;35:*.qt=01;35:*.nuv=01;35:*.wmv=01;35:*.asf=01;35:*.rm=01;35:*.rmvb=01;35:*.flc=01;35:*.avi=01;35:*.fli=01;35:*.flv=01;35:*.gl=01;35:*.dl=01;35:*.xcf=01;35:*.xwd=01;35:*.yuv=01;35:*.cgm=01;35:*.emf=01;35:*.ogv=01;35:*.ogx=01;35:*.aac=00;36:*.au=00;36:*.flac=00;36:*.m4a=00;36:*.mid=00;36:*.midi=00;36:*.mka=00;36:*.mp3=00;36:*.mpc=00;36:*.ogg=00;36:*.ra=00;36:*.wav=00;36:*.oga=00;36:*.opus=00;36:*.spx=00;36:*.xspf=00;36:*~=00;90:*#=00;90:*.bak=00;90:*.crdownload=00;90:*.dpkg-dist=00;90:*.dpkg-new=00;90:*.dpkg-old=00;90:*.dpkg-tmp=00;90:*.old=00;90:*.orig=00;90:*.part=00;90:*.rej=00;90:*.rpmnew=00;90:*.rpmorig=00;90:*.rpmsave=00;90:*.swp=00;90:*.tmp=00;90:*.ucf-dist=00;90:*.ucf-new=00;90:*.ucf-old=00;90:", "LANG=en_US.UTF-8", "LESSCLOSE=/usr/bin/lesspipe %s %s", "SSH_CONNECTION=100.95.84.5 50454 100.82.112.7 22", "TMUX_PANE=%2", "LESSOPEN=| /usr/bin/lesspipe %s", "JULIA_PKG_PRECOMPILE_AUTO=0", "XDG_DATA_DIRS=/usr/share/gnome:/usr/local/share:/usr/share:/var/lib/snapd/desktop", "XDG_SESSION_ID=1677", "PATH=/home/ian/.juliaup/bin:/home/ian/.local/bin:/usr/local/sbin:/usr/local/bin:/usr/sbin:/usr/bin:/sbin:/bin:/usr/games:/usr/local/games:/snap/bin", "SSH_TTY=/dev/pts/1", "LOGNAME=ian", "TERM_PROGRAM_VERSION=3.4", "HUSHLOGIN=FALSE", "XDG_SESSION_TYPE=tty", "DEBUGINFOD_URLS=https://debuginfod.ubuntu.com ", "PWD", "OPENBLAS_DEFAULT_NUM_THREADS=1", "REMOTEHOST=100.104.183.53", "HOME=/home/ian", "JULIA_NUM_THREADS=1", "JULIA_PRECOMP_REPORT_TIMING=1", "DBUS_SESSION_BUS_ADDRESS=unix:path=/run/user/1000/bus", "XDG_SESSION_CLASS=user"]): no such file or directory (ENOENT)
Many shells expand '~' to the home directory in unquoted strings. To replicate this behavior, call `expanduser` to expand the '~' character to the user’s home directory.

GPUArraysCore 
IOError: could not spawn setenv(`/home/ian/.julia/juliaup/julia-pr62725/bin/julia -C native -J/home/ian/.julia/juliaup/julia-pr62725/lib/julia/sys.so -g1 --startup-file=no --compiled-modules=strict --output-o /tmp/julia-ttfx-depot/compiled/v1.14/GPUArraysCore/jl_lfAI2B --output-ji /tmp/julia-ttfx-depot/compiled/v1.14/GPUArraysCore/jl_BRb6pE --output-incremental=yes --startup-file=no --history-file=no --warn-overwrite=yes --color=auto -`,["TERM=tmux-256color", "TTFX_DEPOT_PATH=/tmp/julia-ttfx-depot", "OPENBLAS_NUM_THREADS=1", "OPENBLAS_MAIN_FREE=1", "SHELL=/bin/bash", "SSH_CLIENT=100.104.183.53 58167 22", "JULIA_DEPOT_PATH=/tmp/julia-ttfx-depot:", "OLDPWD=/home/ian/Documents/GitHub/julia", "TMUX=/tmp/tmux-1000/default,1292951,2", "LC_TERMINAL_VERSION=3.6.11", "XDG_RUNTIME_DIR=/run/user/1000", "JULIA_PRECOMPILE_JOBSERVER=/jl_pc_3749826_1", "USER=ian", "LC_TERMINAL=iTerm2", "SHLVL=2", "MAIL=/var/mail/ian", "TERM_PROGRAM=tmux", "LD_LIBRARY_PATH=/usr/local/cuda/lib64:", "_=/home/ian/.juliaup/bin/julia", "LS_COLORS=rs=0:di=01;34:ln=01;36:mh=00:pi=40;33:so=01;35:do=01;35:bd=40;33;01:cd=40;33;01:or=40;31;01:mi=00:su=37;41:sg=30;43:ca=00:tw=30;42:ow=34;42:st=37;44:ex=01;32:*.tar=01;31:*.tgz=01;31:*.arc=01;31:*.arj=01;31:*.taz=01;31:*.lha=01;31:*.lz4=01;31:*.lzh=01;31:*.lzma=01;31:*.tlz=01;31:*.txz=01;31:*.tzo=01;31:*.t7z=01;31:*.zip=01;31:*.z=01;31:*.dz=01;31:*.gz=01;31:*.lrz=01;31:*.lz=01;31:*.lzo=01;31:*.xz=01;31:*.zst=01;31:*.tzst=01;31:*.bz2=01;31:*.bz=01;31:*.tbz=01;31:*.tbz2=01;31:*.tz=01;31:*.deb=01;31:*.rpm=01;31:*.jar=01;31:*.war=01;31:*.ear=01;31:*.sar=01;31:*.rar=01;31:*.alz=01;31:*.ace=01;31:*.zoo=01;31:*.cpio=01;31:*.7z=01;31:*.rz=01;31:*.cab=01;31:*.wim=01;31:*.swm=01;31:*.dwm=01;31:*.esd=01;31:*.avif=01;35:*.jpg=01;35:*.jpeg=01;35:*.mjpg=01;35:*.mjpeg=01;35:*.gif=01;35:*.bmp=01;35:*.pbm=01;35:*.pgm=01;35:*.ppm=01;35:*.tga=01;35:*.xbm=01;35:*.xpm=01;35:*.tif=01;35:*.tiff=01;35:*.png=01;35:*.svg=01;35:*.svgz=01;35:*.mng=01;35:*.pcx=01;35:*.mov=01;35:*.mpg=01;35:*.mpeg=01;35:*.m2v=01;35:*.mkv=01;35:*.webm=01;35:*.webp=01;35:*.ogm=01;35:*.mp4=01;35:*.m4v=01;35:*.mp4v=01;35:*.vob=01;35:*.qt=01;35:*.nuv=01;35:*.wmv=01;35:*.asf=01;35:*.rm=01;35:*.rmvb=01;35:*.flc=01;35:*.avi=01;35:*.fli=01;35:*.flv=01;35:*.gl=01;35:*.dl=01;35:*.xcf=01;35:*.xwd=01;35:*.yuv=01;35:*.cgm=01;35:*.emf=01;35:*.ogv=01;35:*.ogx=01;35:*.aac=00;36:*.au=00;36:*.flac=00;36:*.m4a=00;36:*.mid=00;36:*.midi=00;36:*.mka=00;36:*.mp3=00;36:*.mpc=00;36:*.ogg=00;36:*.ra=00;36:*.wav=00;36:*.oga=00;36:*.opus=00;36:*.spx=00;36:*.xspf=00;36:*~=00;90:*#=00;90:*.bak=00;90:*.crdownload=00;90:*.dpkg-dist=00;90:*.dpkg-new=00;90:*.dpkg-old=00;90:*.dpkg-tmp=00;90:*.old=00;90:*.orig=00;90:*.part=00;90:*.rej=00;90:*.rpmnew=00;90:*.rpmorig=00;90:*.rpmsave=00;90:*.swp=00;90:*.tmp=00;90:*.ucf-dist=00;90:*.ucf-new=00;90:*.ucf-old=00;90:", "LANG=en_US.UTF-8", "LESSCLOSE=/usr/bin/lesspipe %s %s", "SSH_CONNECTION=100.95.84.5 50454 100.82.112.7 22", "TMUX_PANE=%2", "LESSOPEN=| /usr/bin/lesspipe %s", "JULIA_PKG_PRECOMPILE_AUTO=0", "XDG_DATA_DIRS=/usr/share/gnome:/usr/local/share:/usr/share:/var/lib/snapd/desktop", "XDG_SESSION_ID=1677", "PATH=/home/ian/.juliaup/bin:/home/ian/.local/bin:/usr/local/sbin:/usr/local/bin:/usr/sbin:/usr/bin:/sbin:/bin:/usr/games:/usr/local/games:/snap/bin", "SSH_TTY=/dev/pts/1", "LOGNAME=ian", "TERM_PROGRAM_VERSION=3.4", "HUSHLOGIN=FALSE", "XDG_SESSION_TYPE=tty", "DEBUGINFOD_URLS=https://debuginfod.ubuntu.com ", "PWD", "OPENBLAS_DEFAULT_NUM_THREADS=1", "REMOTEHOST=100.104.183.53", "HOME=/home/ian", "JULIA_NUM_THREADS=1", "JULIA_PRECOMP_REPORT_TIMING=1", "DBUS_SESSION_BUS_ADDRESS=unix:path=/run/user/1000/bus", "XDG_SESSION_CLASS=user"]): no such file or directory (ENOENT)
Many shells expand '~' to the home directory in unquoted strings. To replicate this behavior, call `expanduser` to expand the '~' character to the user’s home directory.

StatsFuns 
IOError: could not spawn setenv(`/home/ian/.julia/juliaup/julia-pr62725/bin/julia -C native -J/home/ian/.julia/juliaup/julia-pr62725/lib/julia/sys.so -g1 --startup-file=no --compiled-modules=strict --output-o /tmp/julia-ttfx-depot/compiled/v1.14/StatsFuns/jl_IdB9Qt --output-ji /tmp/julia-ttfx-depot/compiled/v1.14/StatsFuns/jl_nNiDGO --output-incremental=yes --startup-file=no --history-file=no --warn-overwrite=yes --color=auto -`,["TERM=tmux-256color", "TTFX_DEPOT_PATH=/tmp/julia-ttfx-depot", "OPENBLAS_NUM_THREADS=1", "OPENBLAS_MAIN_FREE=1", "SHELL=/bin/bash", "SSH_CLIENT=100.104.183.53 58167 22", "JULIA_DEPOT_PATH=/tmp/julia-ttfx-depot:", "OLDPWD=/home/ian/Documents/GitHub/julia", "TMUX=/tmp/tmux-1000/default,1292951,2", "LC_TERMINAL_VERSION=3.6.11", "XDG_RUNTIME_DIR=/run/user/1000", "JULIA_PRECOMPILE_JOBSERVER=/jl_pc_3749826_1", "USER=ian", "LC_TERMINAL=iTerm2", "SHLVL=2", "MAIL=/var/mail/ian", "TERM_PROGRAM=tmux", "LD_LIBRARY_PATH=/usr/local/cuda/lib64:", "_=/home/ian/.juliaup/bin/julia", "LS_COLORS=rs=0:di=01;34:ln=01;36:mh=00:pi=40;33:so=01;35:do=01;35:bd=40;33;01:cd=40;33;01:or=40;31;01:mi=00:su=37;41:sg=30;43:ca=00:tw=30;42:ow=34;42:st=37;44:ex=01;32:*.tar=01;31:*.tgz=01;31:*.arc=01;31:*.arj=01;31:*.taz=01;31:*.lha=01;31:*.lz4=01;31:*.lzh=01;31:*.lzma=01;31:*.tlz=01;31:*.txz=01;31:*.tzo=01;31:*.t7z=01;31:*.zip=01;31:*.z=01;31:*.dz=01;31:*.gz=01;31:*.lrz=01;31:*.lz=01;31:*.lzo=01;31:*.xz=01;31:*.zst=01;31:*.tzst=01;31:*.bz2=01;31:*.bz=01;31:*.tbz=01;31:*.tbz2=01;31:*.tz=01;31:*.deb=01;31:*.rpm=01;31:*.jar=01;31:*.war=01;31:*.ear=01;31:*.sar=01;31:*.rar=01;31:*.alz=01;31:*.ace=01;31:*.zoo=01;31:*.cpio=01;31:*.7z=01;31:*.rz=01;31:*.cab=01;31:*.wim=01;31:*.swm=01;31:*.dwm=01;31:*.esd=01;31:*.avif=01;35:*.jpg=01;35:*.jpeg=01;35:*.mjpg=01;35:*.mjpeg=01;35:*.gif=01;35:*.bmp=01;35:*.pbm=01;35:*.pgm=01;35:*.ppm=01;35:*.tga=01;35:*.xbm=01;35:*.xpm=01;35:*.tif=01;35:*.tiff=01;35:*.png=01;35:*.svg=01;35:*.svgz=01;35:*.mng=01;35:*.pcx=01;35:*.mov=01;35:*.mpg=01;35:*.mpeg=01;35:*.m2v=01;35:*.mkv=01;35:*.webm=01;35:*.webp=01;35:*.ogm=01;35:*.mp4=01;35:*.m4v=01;35:*.mp4v=01;35:*.vob=01;35:*.qt=01;35:*.nuv=01;35:*.wmv=01;35:*.asf=01;35:*.rm=01;35:*.rmvb=01;35:*.flc=01;35:*.avi=01;35:*.fli=01;35:*.flv=01;35:*.gl=01;35:*.dl=01;35:*.xcf=01;35:*.xwd=01;35:*.yuv=01;35:*.cgm=01;35:*.emf=01;35:*.ogv=01;35:*.ogx=01;35:*.aac=00;36:*.au=00;36:*.flac=00;36:*.m4a=00;36:*.mid=00;36:*.midi=00;36:*.mka=00;36:*.mp3=00;36:*.mpc=00;36:*.ogg=00;36:*.ra=00;36:*.wav=00;36:*.oga=00;36:*.opus=00;36:*.spx=00;36:*.xspf=00;36:*~=00;90:*#=00;90:*.bak=00;90:*.crdownload=00;90:*.dpkg-dist=00;90:*.dpkg-new=00;90:*.dpkg-old=00;90:*.dpkg-tmp=00;90:*.old=00;90:*.orig=00;90:*.part=00;90:*.rej=00;90:*.rpmnew=00;90:*.rpmorig=00;90:*.rpmsave=00;90:*.swp=00;90:*.tmp=00;90:*.ucf-dist=00;90:*.ucf-new=00;90:*.ucf-old=00;90:", "LANG=en_US.UTF-8", "LESSCLOSE=/usr/bin/lesspipe %s %s", "SSH_CONNECTION=100.95.84.5 50454 100.82.112.7 22", "TMUX_PANE=%2", "LESSOPEN=| /usr/bin/lesspipe %s", "JULIA_PKG_PRECOMPILE_AUTO=0", "XDG_DATA_DIRS=/usr/share/gnome:/usr/local/share:/usr/share:/var/lib/snapd/desktop", "XDG_SESSION_ID=1677", "PATH=/home/ian/.juliaup/bin:/home/ian/.local/bin:/usr/local/sbin:/usr/local/bin:/usr/sbin:/usr/bin:/sbin:/bin:/usr/games:/usr/local/games:/snap/bin", "SSH_TTY=/dev/pts/1", "LOGNAME=ian", "TERM_PROGRAM_VERSION=3.4", "HUSHLOGIN=FALSE", "XDG_SESSION_TYPE=tty", "DEBUGINFOD_URLS=https://debuginfod.ubuntu.com ", "PWD", "OPENBLAS_DEFAULT_NUM_THREADS=1", "REMOTEHOST=100.104.183.53", "HOME=/home/ian", "JULIA_NUM_THREADS=1", "JULIA_PRECOMP_REPORT_TIMING=1", "DBUS_SESSION_BUS_ADDRESS=unix:path=/run/user/1000/bus", "XDG_SESSION_CLASS=user"]): no such file or directory (ENOENT)
Many shells expand '~' to the home directory in unquoted strings. To replicate this behavior, call `expanduser` to expand the '~' character to the user’s home directory.

FunctionWrappers 
IOError: could not spawn setenv(`/home/ian/.julia/juliaup/julia-pr62725/libexec/julia/lld -flavor gnu --build-id --eh-frame-hdr --hash-style=gnu --as-needed -z relro -z defs '' -shared -o /tmp/julia-ttfx-depot/compiled/v1.14/FunctionWrappers/jl_gbdEot /home/ian/.julia/juliaup/julia-pr62725/lib/crti.o /home/ian/.julia/juliaup/julia-pr62725/lib/crtbeginS.o --whole-archive /tmp/julia-ttfx-depot/compiled/v1.14/FunctionWrappers/jl_P8Zsf7 --no-whole-archive -L/home/ian/.julia/juliaup/julia-pr62725/lib/julia -L/home/ian/.julia/juliaup/julia-pr62725/lib -L/home/ian/.julia/juliaup/julia-pr62725/lib -ljulia -ljulia-internal -lgcc --as-needed -lgcc_s -latomic -lopenlibm --no-as-needed /lib/x86_64-linux-gnu/libc.so.6 --as-needed /lib64/ld-linux-x86-64.so.2 --no-as-needed /home/ian/.julia/juliaup/julia-pr62725/lib/crtendS.o /home/ian/.julia/juliaup/julia-pr62725/lib/crtn.o`,["TERM_PROGRAM_VERSION=3.4", "TERM=tmux-256color", "TTFX_DEPOT_PATH=/tmp/julia-ttfx-depot", "HUSHLOGIN=FALSE", "USER=ian", "LESSCLOSE=/usr/bin/lesspipe %s %s", "OPENBLAS_MAIN_FREE=1", "LC_TERMINAL=iTerm2", "SHELL=/bin/bash", "SHLVL=2", "SSH_CONNECTION=100.95.84.5 50454 100.82.112.7 22", "XDG_SESSION_TYPE=tty", "TMUX_PANE=%2", "DEBUGINFOD_URLS=https://debuginfod.ubuntu.com ", "MAIL=/var/mail/ian", "SSH_CLIENT=100.104.183.53 58167 22", "PWD", "TERM_PROGRAM=tmux", "LESSOPEN=| /usr/bin/lesspipe %s", "OPENBLAS_DEFAULT_NUM_THREADS=1", "JULIA_PKG_PRECOMPILE_AUTO=0", "JULIA_DEPOT_PATH=/tmp/julia-ttfx-depot:", "LD_LIBRARY_PATH=/home/ian/.julia/juliaup/julia-pr62725/lib/julia:/home/ian/.julia/juliaup/julia-pr62725/lib:/usr/local/cuda/lib64:", "XDG_DATA_DIRS=/usr/share/gnome:/usr/local/share:/usr/share:/var/lib/snapd/desktop", "TMUX=/tmp/tmux-1000/default,1292951,2", "REMOTEHOST=100.104.183.53", "XDG_SESSION_ID=1677", "OLDPWD=/home/ian/Documents/GitHub/julia", "HOME=/home/ian", "LC_TERMINAL_VERSION=3.6.11", "PATH=/home/ian/.julia/juliaup/julia-pr62725/libexec/julia:/home/ian/.juliaup/bin:/home/ian/.local/bin:/usr/local/sbin:/usr/local/bin:/usr/sbin:/usr/bin:/sbin:/bin:/usr/games:/usr/local/games:/snap/bin", "XDG_RUNTIME_DIR=/run/user/1000", "_=/home/ian/.juliaup/bin/julia", "DBUS_SESSION_BUS_ADDRESS=unix:path=/run/user/1000/bus", "JULIA_PRECOMPILE_JOBSERVER=/jl_pc_3749826_1", "SSH_TTY=/dev/pts/1", "LOGNAME=ian", "LS_COLORS=rs=0:di=01;34:ln=01;36:mh=00:pi=40;33:so=01;35:do=01;35:bd=40;33;01:cd=40;33;01:or=40;31;01:mi=00:su=37;41:sg=30;43:ca=00:tw=30;42:ow=34;42:st=37;44:ex=01;32:*.tar=01;31:*.tgz=01;31:*.arc=01;31:*.arj=01;31:*.taz=01;31:*.lha=01;31:*.lz4=01;31:*.lzh=01;31:*.lzma=01;31:*.tlz=01;31:*.txz=01;31:*.tzo=01;31:*.t7z=01;31:*.zip=01;31:*.z=01;31:*.dz=01;31:*.gz=01;31:*.lrz=01;31:*.lz=01;31:*.lzo=01;31:*.xz=01;31:*.zst=01;31:*.tzst=01;31:*.bz2=01;31:*.bz=01;31:*.tbz=01;31:*.tbz2=01;31:*.tz=01;31:*.deb=01;31:*.rpm=01;31:*.jar=01;31:*.war=01;31:*.ear=01;31:*.sar=01;31:*.rar=01;31:*.alz=01;31:*.ace=01;31:*.zoo=01;31:*.cpio=01;31:*.7z=01;31:*.rz=01;31:*.cab=01;31:*.wim=01;31:*.swm=01;31:*.dwm=01;31:*.esd=01;31:*.avif=01;35:*.jpg=01;35:*.jpeg=01;35:*.mjpg=01;35:*.mjpeg=01;35:*.gif=01;35:*.bmp=01;35:*.pbm=01;35:*.pgm=01;35:*.ppm=01;35:*.tga=01;35:*.xbm=01;35:*.xpm=01;35:*.tif=01;35:*.tiff=01;35:*.png=01;35:*.svg=01;35:*.svgz=01;35:*.mng=01;35:*.pcx=01;35:*.mov=01;35:*.mpg=01;35:*.mpeg=01;35:*.m2v=01;35:*.mkv=01;35:*.webm=01;35:*.webp=01;35:*.ogm=01;35:*.mp4=01;35:*.m4v=01;35:*.mp4v=01;35:*.vob=01;35:*.qt=01;35:*.nuv=01;35:*.wmv=01;35:*.asf=01;35:*.rm=01;35:*.rmvb=01;35:*.flc=01;35:*.avi=01;35:*.fli=01;35:*.flv=01;35:*.gl=01;35:*.dl=01;35:*.xcf=01;35:*.xwd=01;35:*.yuv=01;35:*.cgm=01;35:*.emf=01;35:*.ogv=01;35:*.ogx=01;35:*.aac=00;36:*.au=00;36:*.flac=00;36:*.m4a=00;36:*.mid=00;36:*.midi=00;36:*.mka=00;36:*.mp3=00;36:*.mpc=00;36:*.ogg=00;36:*.ra=00;36:*.wav=00;36:*.oga=00;36:*.opus=00;36:*.spx=00;36:*.xspf=00;36:*~=00;90:*#=00;90:*.bak=00;90:*.crdownload=00;90:*.dpkg-dist=00;90:*.dpkg-new=00;90:*.dpkg-old=00;90:*.dpkg-tmp=00;90:*.old=00;90:*.orig=00;90:*.part=00;90:*.rej=00;90:*.rpmnew=00;90:*.rpmorig=00;90:*.rpmsave=00;90:*.swp=00;90:*.tmp=00;90:*.ucf-dist=00;90:*.ucf-new=00;90:*.ucf-old=00;90:", "XDG_SESSION_CLASS=user", "LANG=en_US.UTF-8"]): no such file or directory (ENOENT)
Many shells expand '~' to the home directory in unquoted strings. To replicate this behavior, call `expanduser` to expand the '~' character to the user’s home directory.

VectorInterface → VectorInterfaceStaticArraysExt 
IOError: could not spawn setenv(`/home/ian/.julia/juliaup/julia-pr62725/bin/julia -C native -J/home/ian/.julia/juliaup/julia-pr62725/lib/julia/sys.so -g1 --startup-file=no --compiled-modules=strict --output-o /tmp/julia-ttfx-depot/compiled/v1.14/VectorInterfaceStaticArraysExt/jl_FYIR6Y --output-ji /tmp/julia-ttfx-depot/compiled/v1.14/VectorInterfaceStaticArraysExt/jl_6xXjD5 --output-incremental=yes --startup-file=no --history-file=no --warn-overwrite=yes --color=auto -`,["TERM=tmux-256color", "TTFX_DEPOT_PATH=/tmp/julia-ttfx-depot", "OPENBLAS_NUM_THREADS=1", "OPENBLAS_MAIN_FREE=1", "SHELL=/bin/bash", "SSH_CLIENT=100.104.183.53 58167 22", "JULIA_DEPOT_PATH=/tmp/julia-ttfx-depot:", "OLDPWD=/home/ian/Documents/GitHub/julia", "TMUX=/tmp/tmux-1000/default,1292951,2", "LC_TERMINAL_VERSION=3.6.11", "XDG_RUNTIME_DIR=/run/user/1000", "JULIA_PRECOMPILE_JOBSERVER=/jl_pc_3749826_1", "USER=ian", "LC_TERMINAL=iTerm2", "SHLVL=2", "MAIL=/var/mail/ian", "TERM_PROGRAM=tmux", "LD_LIBRARY_PATH=/usr/local/cuda/lib64:", "_=/home/ian/.juliaup/bin/julia", "LS_COLORS=rs=0:di=01;34:ln=01;36:mh=00:pi=40;33:so=01;35:do=01;35:bd=40;33;01:cd=40;33;01:or=40;31;01:mi=00:su=37;41:sg=30;43:ca=00:tw=30;42:ow=34;42:st=37;44:ex=01;32:*.tar=01;31:*.tgz=01;31:*.arc=01;31:*.arj=01;31:*.taz=01;31:*.lha=01;31:*.lz4=01;31:*.lzh=01;31:*.lzma=01;31:*.tlz=01;31:*.txz=01;31:*.tzo=01;31:*.t7z=01;31:*.zip=01;31:*.z=01;31:*.dz=01;31:*.gz=01;31:*.lrz=01;31:*.lz=01;31:*.lzo=01;31:*.xz=01;31:*.zst=01;31:*.tzst=01;31:*.bz2=01;31:*.bz=01;31:*.tbz=01;31:*.tbz2=01;31:*.tz=01;31:*.deb=01;31:*.rpm=01;31:*.jar=01;31:*.war=01;31:*.ear=01;31:*.sar=01;31:*.rar=01;31:*.alz=01;31:*.ace=01;31:*.zoo=01;31:*.cpio=01;31:*.7z=01;31:*.rz=01;31:*.cab=01;31:*.wim=01;31:*.swm=01;31:*.dwm=01;31:*.esd=01;31:*.avif=01;35:*.jpg=01;35:*.jpeg=01;35:*.mjpg=01;35:*.mjpeg=01;35:*.gif=01;35:*.bmp=01;35:*.pbm=01;35:*.pgm=01;35:*.ppm=01;35:*.tga=01;35:*.xbm=01;35:*.xpm=01;35:*.tif=01;35:*.tiff=01;35:*.png=01;35:*.svg=01;35:*.svgz=01;35:*.mng=01;35:*.pcx=01;35:*.mov=01;35:*.mpg=01;35:*.mpeg=01;35:*.m2v=01;35:*.mkv=01;35:*.webm=01;35:*.webp=01;35:*.ogm=01;35:*.mp4=01;35:*.m4v=01;35:*.mp4v=01;35:*.vob=01;35:*.qt=01;35:*.nuv=01;35:*.wmv=01;35:*.asf=01;35:*.rm=01;35:*.rmvb=01;35:*.flc=01;35:*.avi=01;35:*.fli=01;35:*.flv=01;35:*.gl=01;35:*.dl=01;35:*.xcf=01;35:*.xwd=01;35:*.yuv=01;35:*.cgm=01;35:*.emf=01;35:*.ogv=01;35:*.ogx=01;35:*.aac=00;36:*.au=00;36:*.flac=00;36:*.m4a=00;36:*.mid=00;36:*.midi=00;36:*.mka=00;36:*.mp3=00;36:*.mpc=00;36:*.ogg=00;36:*.ra=00;36:*.wav=00;36:*.oga=00;36:*.opus=00;36:*.spx=00;36:*.xspf=00;36:*~=00;90:*#=00;90:*.bak=00;90:*.crdownload=00;90:*.dpkg-dist=00;90:*.dpkg-new=00;90:*.dpkg-old=00;90:*.dpkg-tmp=00;90:*.old=00;90:*.orig=00;90:*.part=00;90:*.rej=00;90:*.rpmnew=00;90:*.rpmorig=00;90:*.rpmsave=00;90:*.swp=00;90:*.tmp=00;90:*.ucf-dist=00;90:*.ucf-new=00;90:*.ucf-old=00;90:", "LANG=en_US.UTF-8", "LESSCLOSE=/usr/bin/lesspipe %s %s", "SSH_CONNECTION=100.95.84.5 50454 100.82.112.7 22", "TMUX_PANE=%2", "LESSOPEN=| /usr/bin/lesspipe %s", "JULIA_PKG_PRECOMPILE_AUTO=0", "XDG_DATA_DIRS=/usr/share/gnome:/usr/local/share:/usr/share:/var/lib/snapd/desktop", "XDG_SESSION_ID=1677", "PATH=/home/ian/.juliaup/bin:/home/ian/.local/bin:/usr/local/sbin:/usr/local/bin:/usr/sbin:/usr/bin:/sbin:/bin:/usr/games:/usr/local/games:/snap/bin", "SSH_TTY=/dev/pts/1", "LOGNAME=ian", "TERM_PROGRAM_VERSION=3.4", "HUSHLOGIN=FALSE", "XDG_SESSION_TYPE=tty", "DEBUGINFOD_URLS=https://debuginfod.ubuntu.com ", "PWD", "OPENBLAS_DEFAULT_NUM_THREADS=1", "REMOTEHOST=100.104.183.53", "HOME=/home/ian", "JULIA_NUM_THREADS=1", "JULIA_PRECOMP_REPORT_TIMING=1", "DBUS_SESSION_BUS_ADDRESS=unix:path=/run/user/1000/bus", "XDG_SESSION_CLASS=user"]): no such file or directory (ENOENT)
Many shells expand '~' to the home directory in unquoted strings. To replicate this behavior, call `expanduser` to expand the '~' character to the user’s home directory.

NaNMath 
IOError: could not spawn setenv(`/home/ian/.julia/juliaup/julia-pr62725/libexec/julia/lld -flavor gnu --build-id --eh-frame-hdr --hash-style=gnu --as-needed -z relro -z defs '' -shared -o /tmp/julia-ttfx-depot/compiled/v1.14/NaNMath/jl_1UexyH /home/ian/.julia/juliaup/julia-pr62725/lib/crti.o /home/ian/.julia/juliaup/julia-pr62725/lib/crtbeginS.o --whole-archive /tmp/julia-ttfx-depot/compiled/v1.14/NaNMath/jl_qMKQ62 --no-whole-archive -L/home/ian/.julia/juliaup/julia-pr62725/lib/julia -L/home/ian/.julia/juliaup/julia-pr62725/lib -L/home/ian/.julia/juliaup/julia-pr62725/lib -ljulia -ljulia-internal -lgcc --as-needed -lgcc_s -latomic -lopenlibm --no-as-needed /lib/x86_64-linux-gnu/libc.so.6 --as-needed /lib64/ld-linux-x86-64.so.2 --no-as-needed /home/ian/.julia/juliaup/julia-pr62725/lib/crtendS.o /home/ian/.julia/juliaup/julia-pr62725/lib/crtn.o`,["TERM_PROGRAM_VERSION=3.4", "TERM=tmux-256color", "TTFX_DEPOT_PATH=/tmp/julia-ttfx-depot", "HUSHLOGIN=FALSE", "USER=ian", "LESSCLOSE=/usr/bin/lesspipe %s %s", "OPENBLAS_MAIN_FREE=1", "LC_TERMINAL=iTerm2", "SHELL=/bin/bash", "SHLVL=2", "SSH_CONNECTION=100.95.84.5 50454 100.82.112.7 22", "XDG_SESSION_TYPE=tty", "TMUX_PANE=%2", "DEBUGINFOD_URLS=https://debuginfod.ubuntu.com ", "MAIL=/var/mail/ian", "SSH_CLIENT=100.104.183.53 58167 22", "PWD", "TERM_PROGRAM=tmux", "LESSOPEN=| /usr/bin/lesspipe %s", "OPENBLAS_DEFAULT_NUM_THREADS=1", "JULIA_PKG_PRECOMPILE_AUTO=0", "JULIA_DEPOT_PATH=/tmp/julia-ttfx-depot:", "LD_LIBRARY_PATH=/home/ian/.julia/juliaup/julia-pr62725/lib/julia:/home/ian/.julia/juliaup/julia-pr62725/lib:/usr/local/cuda/lib64:", "XDG_DATA_DIRS=/usr/share/gnome:/usr/local/share:/usr/share:/var/lib/snapd/desktop", "TMUX=/tmp/tmux-1000/default,1292951,2", "REMOTEHOST=100.104.183.53", "XDG_SESSION_ID=1677", "OLDPWD=/home/ian/Documents/GitHub/julia", "HOME=/home/ian", "LC_TERMINAL_VERSION=3.6.11", "PATH=/home/ian/.julia/juliaup/julia-pr62725/libexec/julia:/home/ian/.juliaup/bin:/home/ian/.local/bin:/usr/local/sbin:/usr/local/bin:/usr/sbin:/usr/bin:/sbin:/bin:/usr/games:/usr/local/games:/snap/bin", "XDG_RUNTIME_DIR=/run/user/1000", "_=/home/ian/.juliaup/bin/julia", "DBUS_SESSION_BUS_ADDRESS=unix:path=/run/user/1000/bus", "JULIA_PRECOMPILE_JOBSERVER=/jl_pc_3749826_1", "SSH_TTY=/dev/pts/1", "LOGNAME=ian", "LS_COLORS=rs=0:di=01;34:ln=01;36:mh=00:pi=40;33:so=01;35:do=01;35:bd=40;33;01:cd=40;33;01:or=40;31;01:mi=00:su=37;41:sg=30;43:ca=00:tw=30;42:ow=34;42:st=37;44:ex=01;32:*.tar=01;31:*.tgz=01;31:*.arc=01;31:*.arj=01;31:*.taz=01;31:*.lha=01;31:*.lz4=01;31:*.lzh=01;31:*.lzma=01;31:*.tlz=01;31:*.txz=01;31:*.tzo=01;31:*.t7z=01;31:*.zip=01;31:*.z=01;31:*.dz=01;31:*.gz=01;31:*.lrz=01;31:*.lz=01;31:*.lzo=01;31:*.xz=01;31:*.zst=01;31:*.tzst=01;31:*.bz2=01;31:*.bz=01;31:*.tbz=01;31:*.tbz2=01;31:*.tz=01;31:*.deb=01;31:*.rpm=01;31:*.jar=01;31:*.war=01;31:*.ear=01;31:*.sar=01;31:*.rar=01;31:*.alz=01;31:*.ace=01;31:*.zoo=01;31:*.cpio=01;31:*.7z=01;31:*.rz=01;31:*.cab=01;31:*.wim=01;31:*.swm=01;31:*.dwm=01;31:*.esd=01;31:*.avif=01;35:*.jpg=01;35:*.jpeg=01;35:*.mjpg=01;35:*.mjpeg=01;35:*.gif=01;35:*.bmp=01;35:*.pbm=01;35:*.pgm=01;35:*.ppm=01;35:*.tga=01;35:*.xbm=01;35:*.xpm=01;35:*.tif=01;35:*.tiff=01;35:*.png=01;35:*.svg=01;35:*.svgz=01;35:*.mng=01;35:*.pcx=01;35:*.mov=01;35:*.mpg=01;35:*.mpeg=01;35:*.m2v=01;35:*.mkv=01;35:*.webm=01;35:*.webp=01;35:*.ogm=01;35:*.mp4=01;35:*.m4v=01;35:*.mp4v=01;35:*.vob=01;35:*.qt=01;35:*.nuv=01;35:*.wmv=01;35:*.asf=01;35:*.rm=01;35:*.rmvb=01;35:*.flc=01;35:*.avi=01;35:*.fli=01;35:*.flv=01;35:*.gl=01;35:*.dl=01;35:*.xcf=01;35:*.xwd=01;35:*.yuv=01;35:*.cgm=01;35:*.emf=01;35:*.ogv=01;35:*.ogx=01;35:*.aac=00;36:*.au=00;36:*.flac=00;36:*.m4a=00;36:*.mid=00;36:*.midi=00;36:*.mka=00;36:*.mp3=00;36:*.mpc=00;36:*.ogg=00;36:*.ra=00;36:*.wav=00;36:*.oga=00;36:*.opus=00;36:*.spx=00;36:*.xspf=00;36:*~=00;90:*#=00;90:*.bak=00;90:*.crdownload=00;90:*.dpkg-dist=00;90:*.dpkg-new=00;90:*.dpkg-old=00;90:*.dpkg-tmp=00;90:*.old=00;90:*.orig=00;90:*.part=00;90:*.rej=00;90:*.rpmnew=00;90:*.rpmorig=00;90:*.rpmsave=00;90:*.swp=00;90:*.tmp=00;90:*.ucf-dist=00;90:*.ucf-new=00;90:*.ucf-old=00;90:", "XDG_SESSION_CLASS=user", "LANG=en_US.UTF-8"]): no such file or directory (ENOENT)
Many shells expand '~' to the home directory in unquoted strings. To replicate this behavior, call `expanduser` to expand the '~' character to the user’s home directory.

BijectiveHilbert 
IOError: could not spawn setenv(`/home/ian/.julia/juliaup/julia-pr62725/bin/julia -C native -J/home/ian/.julia/juliaup/julia-pr62725/lib/julia/sys.so -g1 --startup-file=no --compiled-modules=strict --output-o /tmp/julia-ttfx-depot/compiled/v1.14/BijectiveHilbert/jl_p1qGee --output-ji /tmp/julia-ttfx-depot/compiled/v1.14/BijectiveHilbert/jl_XOvLKM --output-incremental=yes --startup-file=no --history-file=no --warn-overwrite=yes --color=auto -`,["TERM=tmux-256color", "TTFX_DEPOT_PATH=/tmp/julia-ttfx-depot", "OPENBLAS_NUM_THREADS=1", "OPENBLAS_MAIN_FREE=1", "SHELL=/bin/bash", "SSH_CLIENT=100.104.183.53 58167 22", "JULIA_DEPOT_PATH=/tmp/julia-ttfx-depot:", "OLDPWD=/home/ian/Documents/GitHub/julia", "TMUX=/tmp/tmux-1000/default,1292951,2", "LC_TERMINAL_VERSION=3.6.11", "XDG_RUNTIME_DIR=/run/user/1000", "JULIA_PRECOMPILE_JOBSERVER=/jl_pc_3749826_1", "USER=ian", "LC_TERMINAL=iTerm2", "SHLVL=2", "MAIL=/var/mail/ian", "TERM_PROGRAM=tmux", "LD_LIBRARY_PATH=/usr/local/cuda/lib64:", "_=/home/ian/.juliaup/bin/julia", "LS_COLORS=rs=0:di=01;34:ln=01;36:mh=00:pi=40;33:so=01;35:do=01;35:bd=40;33;01:cd=40;33;01:or=40;31;01:mi=00:su=37;41:sg=30;43:ca=00:tw=30;42:ow=34;42:st=37;44:ex=01;32:*.tar=01;31:*.tgz=01;31:*.arc=01;31:*.arj=01;31:*.taz=01;31:*.lha=01;31:*.lz4=01;31:*.lzh=01;31:*.lzma=01;31:*.tlz=01;31:*.txz=01;31:*.tzo=01;31:*.t7z=01;31:*.zip=01;31:*.z=01;31:*.dz=01;31:*.gz=01;31:*.lrz=01;31:*.lz=01;31:*.lzo=01;31:*.xz=01;31:*.zst=01;31:*.tzst=01;31:*.bz2=01;31:*.bz=01;31:*.tbz=01;31:*.tbz2=01;31:*.tz=01;31:*.deb=01;31:*.rpm=01;31:*.jar=01;31:*.war=01;31:*.ear=01;31:*.sar=01;31:*.rar=01;31:*.alz=01;31:*.ace=01;31:*.zoo=01;31:*.cpio=01;31:*.7z=01;31:*.rz=01;31:*.cab=01;31:*.wim=01;31:*.swm=01;31:*.dwm=01;31:*.esd=01;31:*.avif=01;35:*.jpg=01;35:*.jpeg=01;35:*.mjpg=01;35:*.mjpeg=01;35:*.gif=01;35:*.bmp=01;35:*.pbm=01;35:*.pgm=01;35:*.ppm=01;35:*.tga=01;35:*.xbm=01;35:*.xpm=01;35:*.tif=01;35:*.tiff=01;35:*.png=01;35:*.svg=01;35:*.svgz=01;35:*.mng=01;35:*.pcx=01;35:*.mov=01;35:*.mpg=01;35:*.mpeg=01;35:*.m2v=01;35:*.mkv=01;35:*.webm=01;35:*.webp=01;35:*.ogm=01;35:*.mp4=01;35:*.m4v=01;35:*.mp4v=01;35:*.vob=01;35:*.qt=01;35:*.nuv=01;35:*.wmv=01;35:*.asf=01;35:*.rm=01;35:*.rmvb=01;35:*.flc=01;35:*.avi=01;35:*.fli=01;35:*.flv=01;35:*.gl=01;35:*.dl=01;35:*.xcf=01;35:*.xwd=01;35:*.yuv=01;35:*.cgm=01;35:*.emf=01;35:*.ogv=01;35:*.ogx=01;35:*.aac=00;36:*.au=00;36:*.flac=00;36:*.m4a=00;36:*.mid=00;36:*.midi=00;36:*.mka=00;36:*.mp3=00;36:*.mpc=00;36:*.ogg=00;36:*.ra=00;36:*.wav=00;36:*.oga=00;36:*.opus=00;36:*.spx=00;36:*.xspf=00;36:*~=00;90:*#=00;90:*.bak=00;90:*.crdownload=00;90:*.dpkg-dist=00;90:*.dpkg-new=00;90:*.dpkg-old=00;90:*.dpkg-tmp=00;90:*.old=00;90:*.orig=00;90:*.part=00;90:*.rej=00;90:*.rpmnew=00;90:*.rpmorig=00;90:*.rpmsave=00;90:*.swp=00;90:*.tmp=00;90:*.ucf-dist=00;90:*.ucf-new=00;90:*.ucf-old=00;90:", "LANG=en_US.UTF-8", "LESSCLOSE=/usr/bin/lesspipe %s %s", "SSH_CONNECTION=100.95.84.5 50454 100.82.112.7 22", "TMUX_PANE=%2", "LESSOPEN=| /usr/bin/lesspipe %s", "JULIA_PKG_PRECOMPILE_AUTO=0", "XDG_DATA_DIRS=/usr/share/gnome:/usr/local/share:/usr/share:/var/lib/snapd/desktop", "XDG_SESSION_ID=1677", "PATH=/home/ian/.juliaup/bin:/home/ian/.local/bin:/usr/local/sbin:/usr/local/bin:/usr/sbin:/usr/bin:/sbin:/bin:/usr/games:/usr/local/games:/snap/bin", "SSH_TTY=/dev/pts/1", "LOGNAME=ian", "TERM_PROGRAM_VERSION=3.4", "HUSHLOGIN=FALSE", "XDG_SESSION_TYPE=tty", "DEBUGINFOD_URLS=https://debuginfod.ubuntu.com ", "PWD", "OPENBLAS_DEFAULT_NUM_THREADS=1", "REMOTEHOST=100.104.183.53", "HOME=/home/ian", "JULIA_NUM_THREADS=1", "JULIA_PRECOMP_REPORT_TIMING=1", "DBUS_SESSION_BUS_ADDRESS=unix:path=/run/user/1000/bus", "XDG_SESSION_CLASS=user"]): no such file or directory (ENOENT)
Many shells expand '~' to the home directory in unquoted strings. To replicate this behavior, call `expanduser` to expand the '~' character to the user’s home directory.

Accessors 
IOError: could not spawn setenv(`/home/ian/.julia/juliaup/julia-pr62725/bin/julia -C native -J/home/ian/.julia/juliaup/julia-pr62725/lib/julia/sys.so -g1 --startup-file=no --compiled-modules=strict --output-o /tmp/julia-ttfx-depot/compiled/v1.14/Accessors/jl_rBI4iT --output-ji /tmp/julia-ttfx-depot/compiled/v1.14/Accessors/jl_Bi5RKq --output-incremental=yes --startup-file=no --history-file=no --warn-overwrite=yes --color=auto -`,["TERM=tmux-256color", "TTFX_DEPOT_PATH=/tmp/julia-ttfx-depot", "OPENBLAS_NUM_THREADS=1", "OPENBLAS_MAIN_FREE=1", "SHELL=/bin/bash", "SSH_CLIENT=100.104.183.53 58167 22", "JULIA_DEPOT_PATH=/tmp/julia-ttfx-depot:", "OLDPWD=/home/ian/Documents/GitHub/julia", "TMUX=/tmp/tmux-1000/default,1292951,2", "LC_TERMINAL_VERSION=3.6.11", "XDG_RUNTIME_DIR=/run/user/1000", "JULIA_PRECOMPILE_JOBSERVER=/jl_pc_3749826_1", "USER=ian", "LC_TERMINAL=iTerm2", "SHLVL=2", "MAIL=/var/mail/ian", "TERM_PROGRAM=tmux", "LD_LIBRARY_PATH=/usr/local/cuda/lib64:", "_=/home/ian/.juliaup/bin/julia", "LS_COLORS=rs=0:di=01;34:ln=01;36:mh=00:pi=40;33:so=01;35:do=01;35:bd=40;33;01:cd=40;33;01:or=40;31;01:mi=00:su=37;41:sg=30;43:ca=00:tw=30;42:ow=34;42:st=37;44:ex=01;32:*.tar=01;31:*.tgz=01;31:*.arc=01;31:*.arj=01;31:*.taz=01;31:*.lha=01;31:*.lz4=01;31:*.lzh=01;31:*.lzma=01;31:*.tlz=01;31:*.txz=01;31:*.tzo=01;31:*.t7z=01;31:*.zip=01;31:*.z=01;31:*.dz=01;31:*.gz=01;31:*.lrz=01;31:*.lz=01;31:*.lzo=01;31:*.xz=01;31:*.zst=01;31:*.tzst=01;31:*.bz2=01;31:*.bz=01;31:*.tbz=01;31:*.tbz2=01;31:*.tz=01;31:*.deb=01;31:*.rpm=01;31:*.jar=01;31:*.war=01;31:*.ear=01;31:*.sar=01;31:*.rar=01;31:*.alz=01;31:*.ace=01;31:*.zoo=01;31:*.cpio=01;31:*.7z=01;31:*.rz=01;31:*.cab=01;31:*.wim=01;31:*.swm=01;31:*.dwm=01;31:*.esd=01;31:*.avif=01;35:*.jpg=01;35:*.jpeg=01;35:*.mjpg=01;35:*.mjpeg=01;35:*.gif=01;35:*.bmp=01;35:*.pbm=01;35:*.pgm=01;35:*.ppm=01;35:*.tga=01;35:*.xbm=01;35:*.xpm=01;35:*.tif=01;35:*.tiff=01;35:*.png=01;35:*.svg=01;35:*.svgz=01;35:*.mng=01;35:*.pcx=01;35:*.mov=01;35:*.mpg=01;35:*.mpeg=01;35:*.m2v=01;35:*.mkv=01;35:*.webm=01;35:*.webp=01;35:*.ogm=01;35:*.mp4=01;35:*.m4v=01;35:*.mp4v=01;35:*.vob=01;35:*.qt=01;35:*.nuv=01;35:*.wmv=01;35:*.asf=01;35:*.rm=01;35:*.rmvb=01;35:*.flc=01;35:*.avi=01;35:*.fli=01;35:*.flv=01;35:*.gl=01;35:*.dl=01;35:*.xcf=01;35:*.xwd=01;35:*.yuv=01;35:*.cgm=01;35:*.emf=01;35:*.ogv=01;35:*.ogx=01;35:*.aac=00;36:*.au=00;36:*.flac=00;36:*.m4a=00;36:*.mid=00;36:*.midi=00;36:*.mka=00;36:*.mp3=00;36:*.mpc=00;36:*.ogg=00;36:*.ra=00;36:*.wav=00;36:*.oga=00;36:*.opus=00;36:*.spx=00;36:*.xspf=00;36:*~=00;90:*#=00;90:*.bak=00;90:*.crdownload=00;90:*.dpkg-dist=00;90:*.dpkg-new=00;90:*.dpkg-old=00;90:*.dpkg-tmp=00;90:*.old=00;90:*.orig=00;90:*.part=00;90:*.rej=00;90:*.rpmnew=00;90:*.rpmorig=00;90:*.rpmsave=00;90:*.swp=00;90:*.tmp=00;90:*.ucf-dist=00;90:*.ucf-new=00;90:*.ucf-old=00;90:", "LANG=en_US.UTF-8", "LESSCLOSE=/usr/bin/lesspipe %s %s", "SSH_CONNECTION=100.95.84.5 50454 100.82.112.7 22", "TMUX_PANE=%2", "LESSOPEN=| /usr/bin/lesspipe %s", "JULIA_PKG_PRECOMPILE_AUTO=0", "XDG_DATA_DIRS=/usr/share/gnome:/usr/local/share:/usr/share:/var/lib/snapd/desktop", "XDG_SESSION_ID=1677", "PATH=/home/ian/.juliaup/bin:/home/ian/.local/bin:/usr/local/sbin:/usr/local/bin:/usr/sbin:/usr/bin:/sbin:/bin:/usr/games:/usr/local/games:/snap/bin", "SSH_TTY=/dev/pts/1", "LOGNAME=ian", "TERM_PROGRAM_VERSION=3.4", "HUSHLOGIN=FALSE", "XDG_SESSION_TYPE=tty", "DEBUGINFOD_URLS=https://debuginfod.ubuntu.com ", "PWD", "OPENBLAS_DEFAULT_NUM_THREADS=1", "REMOTEHOST=100.104.183.53", "HOME=/home/ian", "JULIA_NUM_THREADS=1", "JULIA_PRECOMP_REPORT_TIMING=1", "DBUS_SESSION_BUS_ADDRESS=unix:path=/run/user/1000/bus", "XDG_SESSION_CLASS=user"]): no such file or directory (ENOENT)
Many shells expand '~' to the home directory in unquoted strings. To replicate this behavior, call `expanduser` to expand the '~' character to the user’s home directory.

NonlinearSolveBase → NonlinearSolveBaseSparseArraysExt 
Failed to precompile NonlinearSolveBaseSparseArraysExt [ace3046d-3aa6-5ada-a68e-ca77348fbd2b] to "/tmp/julia-ttfx-depot/compiled/v1.14/NonlinearSolveBaseSparseArraysExt/jl_UcqAe4" (ProcessExited(1)).

EnzymeCore → AdaptExt 
IOError: could not spawn setenv(`/home/ian/.julia/juliaup/julia-pr62725/bin/julia -C native -J/home/ian/.julia/juliaup/julia-pr62725/lib/julia/sys.so -g1 --startup-file=no --compiled-modules=strict --output-o /tmp/julia-ttfx-depot/compiled/v1.14/AdaptExt/jl_4gGiG8 --output-ji /tmp/julia-ttfx-depot/compiled/v1.14/AdaptExt/jl_6A2tbE --output-incremental=yes --startup-file=no --history-file=no --warn-overwrite=yes --color=auto -`,["TERM=tmux-256color", "TTFX_DEPOT_PATH=/tmp/julia-ttfx-depot", "OPENBLAS_NUM_THREADS=1", "OPENBLAS_MAIN_FREE=1", "SHELL=/bin/bash", "SSH_CLIENT=100.104.183.53 58167 22", "JULIA_DEPOT_PATH=/tmp/julia-ttfx-depot:", "OLDPWD=/home/ian/Documents/GitHub/julia", "TMUX=/tmp/tmux-1000/default,1292951,2", "LC_TERMINAL_VERSION=3.6.11", "XDG_RUNTIME_DIR=/run/user/1000", "JULIA_PRECOMPILE_JOBSERVER=/jl_pc_3749826_1", "USER=ian", "LC_TERMINAL=iTerm2", "SHLVL=2", "MAIL=/var/mail/ian", "TERM_PROGRAM=tmux", "LD_LIBRARY_PATH=/usr/local/cuda/lib64:", "_=/home/ian/.juliaup/bin/julia", "LS_COLORS=rs=0:di=01;34:ln=01;36:mh=00:pi=40;33:so=01;35:do=01;35:bd=40;33;01:cd=40;33;01:or=40;31;01:mi=00:su=37;41:sg=30;43:ca=00:tw=30;42:ow=34;42:st=37;44:ex=01;32:*.tar=01;31:*.tgz=01;31:*.arc=01;31:*.arj=01;31:*.taz=01;31:*.lha=01;31:*.lz4=01;31:*.lzh=01;31:*.lzma=01;31:*.tlz=01;31:*.txz=01;31:*.tzo=01;31:*.t7z=01;31:*.zip=01;31:*.z=01;31:*.dz=01;31:*.gz=01;31:*.lrz=01;31:*.lz=01;31:*.lzo=01;31:*.xz=01;31:*.zst=01;31:*.tzst=01;31:*.bz2=01;31:*.bz=01;31:*.tbz=01;31:*.tbz2=01;31:*.tz=01;31:*.deb=01;31:*.rpm=01;31:*.jar=01;31:*.war=01;31:*.ear=01;31:*.sar=01;31:*.rar=01;31:*.alz=01;31:*.ace=01;31:*.zoo=01;31:*.cpio=01;31:*.7z=01;31:*.rz=01;31:*.cab=01;31:*.wim=01;31:*.swm=01;31:*.dwm=01;31:*.esd=01;31:*.avif=01;35:*.jpg=01;35:*.jpeg=01;35:*.mjpg=01;35:*.mjpeg=01;35:*.gif=01;35:*.bmp=01;35:*.pbm=01;35:*.pgm=01;35:*.ppm=01;35:*.tga=01;35:*.xbm=01;35:*.xpm=01;35:*.tif=01;35:*.tiff=01;35:*.png=01;35:*.svg=01;35:*.svgz=01;35:*.mng=01;35:*.pcx=01;35:*.mov=01;35:*.mpg=01;35:*.mpeg=01;35:*.m2v=01;35:*.mkv=01;35:*.webm=01;35:*.webp=01;35:*.ogm=01;35:*.mp4=01;35:*.m4v=01;35:*.mp4v=01;35:*.vob=01;35:*.qt=01;35:*.nuv=01;35:*.wmv=01;35:*.asf=01;35:*.rm=01;35:*.rmvb=01;35:*.flc=01;35:*.avi=01;35:*.fli=01;35:*.flv=01;35:*.gl=01;35:*.dl=01;35:*.xcf=01;35:*.xwd=01;35:*.yuv=01;35:*.cgm=01;35:*.emf=01;35:*.ogv=01;35:*.ogx=01;35:*.aac=00;36:*.au=00;36:*.flac=00;36:*.m4a=00;36:*.mid=00;36:*.midi=00;36:*.mka=00;36:*.mp3=00;36:*.mpc=00;36:*.ogg=00;36:*.ra=00;36:*.wav=00;36:*.oga=00;36:*.opus=00;36:*.spx=00;36:*.xspf=00;36:*~=00;90:*#=00;90:*.bak=00;90:*.crdownload=00;90:*.dpkg-dist=00;90:*.dpkg-new=00;90:*.dpkg-old=00;90:*.dpkg-tmp=00;90:*.old=00;90:*.orig=00;90:*.part=00;90:*.rej=00;90:*.rpmnew=00;90:*.rpmorig=00;90:*.rpmsave=00;90:*.swp=00;90:*.tmp=00;90:*.ucf-dist=00;90:*.ucf-new=00;90:*.ucf-old=00;90:", "LANG=en_US.UTF-8", "LESSCLOSE=/usr/bin/lesspipe %s %s", "SSH_CONNECTION=100.95.84.5 50454 100.82.112.7 22", "TMUX_PANE=%2", "LESSOPEN=| /usr/bin/lesspipe %s", "JULIA_PKG_PRECOMPILE_AUTO=0", "XDG_DATA_DIRS=/usr/share/gnome:/usr/local/share:/usr/share:/var/lib/snapd/desktop", "XDG_SESSION_ID=1677", "PATH=/home/ian/.juliaup/bin:/home/ian/.local/bin:/usr/local/sbin:/usr/local/bin:/usr/sbin:/usr/bin:/sbin:/bin:/usr/games:/usr/local/games:/snap/bin", "SSH_TTY=/dev/pts/1", "LOGNAME=ian", "TERM_PROGRAM_VERSION=3.4", "HUSHLOGIN=FALSE", "XDG_SESSION_TYPE=tty", "DEBUGINFOD_URLS=https://debuginfod.ubuntu.com ", "PWD", "OPENBLAS_DEFAULT_NUM_THREADS=1", "REMOTEHOST=100.104.183.53", "HOME=/home/ian", "JULIA_NUM_THREADS=1", "JULIA_PRECOMP_REPORT_TIMING=1", "DBUS_SESSION_BUS_ADDRESS=unix:path=/run/user/1000/bus", "XDG_SESSION_CLASS=user"]): no such file or directory (ENOENT)
Many shells expand '~' to the home directory in unquoted strings. To replicate this behavior, call `expanduser` to expand the '~' character to the user’s home directory.

Distributions 
Failed to precompile Distributions [31c24e10-a181-5473-b8eb-7969acd0382f] to "/tmp/julia-ttfx-depot/compiled/v1.14/Distributions/jl_5ZybTR" (ProcessExited(1)).

AbstractFFTs → AbstractFFTsTestExt 
IOError: could not spawn setenv(`/home/ian/.julia/juliaup/julia-pr62725/bin/julia -C native -J/home/ian/.julia/juliaup/julia-pr62725/lib/julia/sys.so -g1 --startup-file=no --compiled-modules=strict --output-o /tmp/julia-ttfx-depot/compiled/v1.14/AbstractFFTsTestExt/jl_pQ0aHK --output-ji /tmp/julia-ttfx-depot/compiled/v1.14/AbstractFFTsTestExt/jl_rK1RPO --output-incremental=yes --startup-file=no --history-file=no --warn-overwrite=yes --color=auto -`,["TERM=tmux-256color", "TTFX_DEPOT_PATH=/tmp/julia-ttfx-depot", "OPENBLAS_NUM_THREADS=1", "OPENBLAS_MAIN_FREE=1", "SHELL=/bin/bash", "SSH_CLIENT=100.104.183.53 58167 22", "JULIA_DEPOT_PATH=/tmp/julia-ttfx-depot:", "OLDPWD=/home/ian/Documents/GitHub/julia", "TMUX=/tmp/tmux-1000/default,1292951,2", "LC_TERMINAL_VERSION=3.6.11", "XDG_RUNTIME_DIR=/run/user/1000", "JULIA_PRECOMPILE_JOBSERVER=/jl_pc_3749826_1", "USER=ian", "LC_TERMINAL=iTerm2", "SHLVL=2", "MAIL=/var/mail/ian", "TERM_PROGRAM=tmux", "LD_LIBRARY_PATH=/usr/local/cuda/lib64:", "_=/home/ian/.juliaup/bin/julia", "LS_COLORS=rs=0:di=01;34:ln=01;36:mh=00:pi=40;33:so=01;35:do=01;35:bd=40;33;01:cd=40;33;01:or=40;31;01:mi=00:su=37;41:sg=30;43:ca=00:tw=30;42:ow=34;42:st=37;44:ex=01;32:*.tar=01;31:*.tgz=01;31:*.arc=01;31:*.arj=01;31:*.taz=01;31:*.lha=01;31:*.lz4=01;31:*.lzh=01;31:*.lzma=01;31:*.tlz=01;31:*.txz=01;31:*.tzo=01;31:*.t7z=01;31:*.zip=01;31:*.z=01;31:*.dz=01;31:*.gz=01;31:*.lrz=01;31:*.lz=01;31:*.lzo=01;31:*.xz=01;31:*.zst=01;31:*.tzst=01;31:*.bz2=01;31:*.bz=01;31:*.tbz=01;31:*.tbz2=01;31:*.tz=01;31:*.deb=01;31:*.rpm=01;31:*.jar=01;31:*.war=01;31:*.ear=01;31:*.sar=01;31:*.rar=01;31:*.alz=01;31:*.ace=01;31:*.zoo=01;31:*.cpio=01;31:*.7z=01;31:*.rz=01;31:*.cab=01;31:*.wim=01;31:*.swm=01;31:*.dwm=01;31:*.esd=01;31:*.avif=01;35:*.jpg=01;35:*.jpeg=01;35:*.mjpg=01;35:*.mjpeg=01;35:*.gif=01;35:*.bmp=01;35:*.pbm=01;35:*.pgm=01;35:*.ppm=01;35:*.tga=01;35:*.xbm=01;35:*.xpm=01;35:*.tif=01;35:*.tiff=01;35:*.png=01;35:*.svg=01;35:*.svgz=01;35:*.mng=01;35:*.pcx=01;35:*.mov=01;35:*.mpg=01;35:*.mpeg=01;35:*.m2v=01;35:*.mkv=01;35:*.webm=01;35:*.webp=01;35:*.ogm=01;35:*.mp4=01;35:*.m4v=01;35:*.mp4v=01;35:*.vob=01;35:*.qt=01;35:*.nuv=01;35:*.wmv=01;35:*.asf=01;35:*.rm=01;35:*.rmvb=01;35:*.flc=01;35:*.avi=01;35:*.fli=01;35:*.flv=01;35:*.gl=01;35:*.dl=01;35:*.xcf=01;35:*.xwd=01;35:*.yuv=01;35:*.cgm=01;35:*.emf=01;35:*.ogv=01;35:*.ogx=01;35:*.aac=00;36:*.au=00;36:*.flac=00;36:*.m4a=00;36:*.mid=00;36:*.midi=00;36:*.mka=00;36:*.mp3=00;36:*.mpc=00;36:*.ogg=00;36:*.ra=00;36:*.wav=00;36:*.oga=00;36:*.opus=00;36:*.spx=00;36:*.xspf=00;36:*~=00;90:*#=00;90:*.bak=00;90:*.crdownload=00;90:*.dpkg-dist=00;90:*.dpkg-new=00;90:*.dpkg-old=00;90:*.dpkg-tmp=00;90:*.old=00;90:*.orig=00;90:*.part=00;90:*.rej=00;90:*.rpmnew=00;90:*.rpmorig=00;90:*.rpmsave=00;90:*.swp=00;90:*.tmp=00;90:*.ucf-dist=00;90:*.ucf-new=00;90:*.ucf-old=00;90:", "LANG=en_US.UTF-8", "LESSCLOSE=/usr/bin/lesspipe %s %s", "SSH_CONNECTION=100.95.84.5 50454 100.82.112.7 22", "TMUX_PANE=%2", "LESSOPEN=| /usr/bin/lesspipe %s", "JULIA_PKG_PRECOMPILE_AUTO=0", "XDG_DATA_DIRS=/usr/share/gnome:/usr/local/share:/usr/share:/var/lib/snapd/desktop", "XDG_SESSION_ID=1677", "PATH=/home/ian/.juliaup/bin:/home/ian/.local/bin:/usr/local/sbin:/usr/local/bin:/usr/sbin:/usr/bin:/sbin:/bin:/usr/games:/usr/local/games:/snap/bin", "SSH_TTY=/dev/pts/1", "LOGNAME=ian", "TERM_PROGRAM_VERSION=3.4", "HUSHLOGIN=FALSE", "XDG_SESSION_TYPE=tty", "DEBUGINFOD_URLS=https://debuginfod.ubuntu.com ", "PWD", "OPENBLAS_DEFAULT_NUM_THREADS=1", "REMOTEHOST=100.104.183.53", "HOME=/home/ian", "JULIA_NUM_THREADS=1", "JULIA_PRECOMP_REPORT_TIMING=1", "DBUS_SESSION_BUS_ADDRESS=unix:path=/run/user/1000/bus", "XDG_SESSION_CLASS=user"]): no such file or directory (ENOENT)
Many shells expand '~' to the home directory in unquoted strings. To replicate this behavior, call `expanduser` to expand the '~' character to the user’s home directory.

BracketingNonlinearSolve → BracketingNonlinearSolveForwardDiffExt 
Failed to precompile BracketingNonlinearSolveForwardDiffExt [dadc546b-1d4c-5c89-bba1-ac2666dd13af] to "/tmp/julia-ttfx-depot/compiled/v1.14/BracketingNonlinearSolveForwardDiffExt/jl_x2ohbp" (ProcessExited(1)).

JumpProcesses → JumpProcessesOrdinaryDiffEqCoreExt 
Failed to precompile JumpProcessesOrdinaryDiffEqCoreExt [004f8eba-9623-5d64-8581-88f9ad4dca18] to "/tmp/julia-ttfx-depot/compiled/v1.14/JumpProcessesOrdinaryDiffEqCoreExt/jl_s8xeTp" (ProcessExited(1)).

Distances → DistancesSparseArraysExt 
IOError: could not spawn setenv(`/home/ian/.julia/juliaup/julia-pr62725/bin/julia -C native -J/home/ian/.julia/juliaup/julia-pr62725/lib/julia/sys.so -g1 --startup-file=no --compiled-modules=strict --output-o /tmp/julia-ttfx-depot/compiled/v1.14/DistancesSparseArraysExt/jl_c3xEqK --output-ji /tmp/julia-ttfx-depot/compiled/v1.14/DistancesSparseArraysExt/jl_ogdPxC --output-incremental=yes --startup-file=no --history-file=no --warn-overwrite=yes --color=auto -`,["TERM=tmux-256color", "TTFX_DEPOT_PATH=/tmp/julia-ttfx-depot", "OPENBLAS_NUM_THREADS=1", "OPENBLAS_MAIN_FREE=1", "SHELL=/bin/bash", "SSH_CLIENT=100.104.183.53 58167 22", "JULIA_DEPOT_PATH=/tmp/julia-ttfx-depot:", "OLDPWD=/home/ian/Documents/GitHub/julia", "TMUX=/tmp/tmux-1000/default,1292951,2", "LC_TERMINAL_VERSION=3.6.11", "XDG_RUNTIME_DIR=/run/user/1000", "JULIA_PRECOMPILE_JOBSERVER=/jl_pc_3749826_1", "USER=ian", "LC_TERMINAL=iTerm2", "SHLVL=2", "MAIL=/var/mail/ian", "TERM_PROGRAM=tmux", "LD_LIBRARY_PATH=/usr/local/cuda/lib64:", "_=/home/ian/.juliaup/bin/julia", "LS_COLORS=rs=0:di=01;34:ln=01;36:mh=00:pi=40;33:so=01;35:do=01;35:bd=40;33;01:cd=40;33;01:or=40;31;01:mi=00:su=37;41:sg=30;43:ca=00:tw=30;42:ow=34;42:st=37;44:ex=01;32:*.tar=01;31:*.tgz=01;31:*.arc=01;31:*.arj=01;31:*.taz=01;31:*.lha=01;31:*.lz4=01;31:*.lzh=01;31:*.lzma=01;31:*.tlz=01;31:*.txz=01;31:*.tzo=01;31:*.t7z=01;31:*.zip=01;31:*.z=01;31:*.dz=01;31:*.gz=01;31:*.lrz=01;31:*.lz=01;31:*.lzo=01;31:*.xz=01;31:*.zst=01;31:*.tzst=01;31:*.bz2=01;31:*.bz=01;31:*.tbz=01;31:*.tbz2=01;31:*.tz=01;31:*.deb=01;31:*.rpm=01;31:*.jar=01;31:*.war=01;31:*.ear=01;31:*.sar=01;31:*.rar=01;31:*.alz=01;31:*.ace=01;31:*.zoo=01;31:*.cpio=01;31:*.7z=01;31:*.rz=01;31:*.cab=01;31:*.wim=01;31:*.swm=01;31:*.dwm=01;31:*.esd=01;31:*.avif=01;35:*.jpg=01;35:*.jpeg=01;35:*.mjpg=01;35:*.mjpeg=01;35:*.gif=01;35:*.bmp=01;35:*.pbm=01;35:*.pgm=01;35:*.ppm=01;35:*.tga=01;35:*.xbm=01;35:*.xpm=01;35:*.tif=01;35:*.tiff=01;35:*.png=01;35:*.svg=01;35:*.svgz=01;35:*.mng=01;35:*.pcx=01;35:*.mov=01;35:*.mpg=01;35:*.mpeg=01;35:*.m2v=01;35:*.mkv=01;35:*.webm=01;35:*.webp=01;35:*.ogm=01;35:*.mp4=01;35:*.m4v=01;35:*.mp4v=01;35:*.vob=01;35:*.qt=01;35:*.nuv=01;35:*.wmv=01;35:*.asf=01;35:*.rm=01;35:*.rmvb=01;35:*.flc=01;35:*.avi=01;35:*.fli=01;35:*.flv=01;35:*.gl=01;35:*.dl=01;35:*.xcf=01;35:*.xwd=01;35:*.yuv=01;35:*.cgm=01;35:*.emf=01;35:*.ogv=01;35:*.ogx=01;35:*.aac=00;36:*.au=00;36:*.flac=00;36:*.m4a=00;36:*.mid=00;36:*.midi=00;36:*.mka=00;36:*.mp3=00;36:*.mpc=00;36:*.ogg=00;36:*.ra=00;36:*.wav=00;36:*.oga=00;36:*.opus=00;36:*.spx=00;36:*.xspf=00;36:*~=00;90:*#=00;90:*.bak=00;90:*.crdownload=00;90:*.dpkg-dist=00;90:*.dpkg-new=00;90:*.dpkg-old=00;90:*.dpkg-tmp=00;90:*.old=00;90:*.orig=00;90:*.part=00;90:*.rej=00;90:*.rpmnew=00;90:*.rpmorig=00;90:*.rpmsave=00;90:*.swp=00;90:*.tmp=00;90:*.ucf-dist=00;90:*.ucf-new=00;90:*.ucf-old=00;90:", "LANG=en_US.UTF-8", "LESSCLOSE=/usr/bin/lesspipe %s %s", "SSH_CONNECTION=100.95.84.5 50454 100.82.112.7 22", "TMUX_PANE=%2", "LESSOPEN=| /usr/bin/lesspipe %s", "JULIA_PKG_PRECOMPILE_AUTO=0", "XDG_DATA_DIRS=/usr/share/gnome:/usr/local/share:/usr/share:/var/lib/snapd/desktop", "XDG_SESSION_ID=1677", "PATH=/home/ian/.juliaup/bin:/home/ian/.local/bin:/usr/local/sbin:/usr/local/bin:/usr/sbin:/usr/bin:/sbin:/bin:/usr/games:/usr/local/games:/snap/bin", "SSH_TTY=/dev/pts/1", "LOGNAME=ian", "TERM_PROGRAM_VERSION=3.4", "HUSHLOGIN=FALSE", "XDG_SESSION_TYPE=tty", "DEBUGINFOD_URLS=https://debuginfod.ubuntu.com ", "PWD", "OPENBLAS_DEFAULT_NUM_THREADS=1", "REMOTEHOST=100.104.183.53", "HOME=/home/ian", "JULIA_NUM_THREADS=1", "JULIA_PRECOMP_REPORT_TIMING=1", "DBUS_SESSION_BUS_ADDRESS=unix:path=/run/user/1000/bus", "XDG_SESSION_CLASS=user"]): no such file or directory (ENOENT)
Many shells expand '~' to the home directory in unquoted strings. To replicate this behavior, call `expanduser` to expand the '~' character to the user’s home directory.

NonlinearSolveBase → NonlinearSolveBaseForwardDiffExt 
Failed to precompile NonlinearSolveBaseForwardDiffExt [46086cc1-f5e8-54b8-8318-89e098701393] to "/tmp/julia-ttfx-depot/compiled/v1.14/NonlinearSolveBaseForwardDiffExt/jl_NuYRFa" (ProcessExited(1)).

Adapt → AdaptSparseArraysExt 
IOError: could not spawn setenv(`/home/ian/.julia/juliaup/julia-pr62725/bin/julia -C native -J/home/ian/.julia/juliaup/julia-pr62725/lib/julia/sys.so -g1 --startup-file=no --compiled-modules=strict --output-o /tmp/julia-ttfx-depot/compiled/v1.14/AdaptSparseArraysExt/jl_Z76Rnq --output-ji /tmp/julia-ttfx-depot/compiled/v1.14/AdaptSparseArraysExt/jl_IXjorN --output-incremental=yes --startup-file=no --history-file=no --warn-overwrite=yes --color=auto -`,["TERM=tmux-256color", "TTFX_DEPOT_PATH=/tmp/julia-ttfx-depot", "OPENBLAS_NUM_THREADS=1", "OPENBLAS_MAIN_FREE=1", "SHELL=/bin/bash", "SSH_CLIENT=100.104.183.53 58167 22", "JULIA_DEPOT_PATH=/tmp/julia-ttfx-depot:", "OLDPWD=/home/ian/Documents/GitHub/julia", "TMUX=/tmp/tmux-1000/default,1292951,2", "LC_TERMINAL_VERSION=3.6.11", "XDG_RUNTIME_DIR=/run/user/1000", "JULIA_PRECOMPILE_JOBSERVER=/jl_pc_3749826_1", "USER=ian", "LC_TERMINAL=iTerm2", "SHLVL=2", "MAIL=/var/mail/ian", "TERM_PROGRAM=tmux", "LD_LIBRARY_PATH=/usr/local/cuda/lib64:", "_=/home/ian/.juliaup/bin/julia", "LS_COLORS=rs=0:di=01;34:ln=01;36:mh=00:pi=40;33:so=01;35:do=01;35:bd=40;33;01:cd=40;33;01:or=40;31;01:mi=00:su=37;41:sg=30;43:ca=00:tw=30;42:ow=34;42:st=37;44:ex=01;32:*.tar=01;31:*.tgz=01;31:*.arc=01;31:*.arj=01;31:*.taz=01;31:*.lha=01;31:*.lz4=01;31:*.lzh=01;31:*.lzma=01;31:*.tlz=01;31:*.txz=01;31:*.tzo=01;31:*.t7z=01;31:*.zip=01;31:*.z=01;31:*.dz=01;31:*.gz=01;31:*.lrz=01;31:*.lz=01;31:*.lzo=01;31:*.xz=01;31:*.zst=01;31:*.tzst=01;31:*.bz2=01;31:*.bz=01;31:*.tbz=01;31:*.tbz2=01;31:*.tz=01;31:*.deb=01;31:*.rpm=01;31:*.jar=01;31:*.war=01;31:*.ear=01;31:*.sar=01;31:*.rar=01;31:*.alz=01;31:*.ace=01;31:*.zoo=01;31:*.cpio=01;31:*.7z=01;31:*.rz=01;31:*.cab=01;31:*.wim=01;31:*.swm=01;31:*.dwm=01;31:*.esd=01;31:*.avif=01;35:*.jpg=01;35:*.jpeg=01;35:*.mjpg=01;35:*.mjpeg=01;35:*.gif=01;35:*.bmp=01;35:*.pbm=01;35:*.pgm=01;35:*.ppm=01;35:*.tga=01;35:*.xbm=01;35:*.xpm=01;35:*.tif=01;35:*.tiff=01;35:*.png=01;35:*.svg=01;35:*.svgz=01;35:*.mng=01;35:*.pcx=01;35:*.mov=01;35:*.mpg=01;35:*.mpeg=01;35:*.m2v=01;35:*.mkv=01;35:*.webm=01;35:*.webp=01;35:*.ogm=01;35:*.mp4=01;35:*.m4v=01;35:*.mp4v=01;35:*.vob=01;35:*.qt=01;35:*.nuv=01;35:*.wmv=01;35:*.asf=01;35:*.rm=01;35:*.rmvb=01;35:*.flc=01;35:*.avi=01;35:*.fli=01;35:*.flv=01;35:*.gl=01;35:*.dl=01;35:*.xcf=01;35:*.xwd=01;35:*.yuv=01;35:*.cgm=01;35:*.emf=01;35:*.ogv=01;35:*.ogx=01;35:*.aac=00;36:*.au=00;36:*.flac=00;36:*.m4a=00;36:*.mid=00;36:*.midi=00;36:*.mka=00;36:*.mp3=00;36:*.mpc=00;36:*.ogg=00;36:*.ra=00;36:*.wav=00;36:*.oga=00;36:*.opus=00;36:*.spx=00;36:*.xspf=00;36:*~=00;90:*#=00;90:*.bak=00;90:*.crdownload=00;90:*.dpkg-dist=00;90:*.dpkg-new=00;90:*.dpkg-old=00;90:*.dpkg-tmp=00;90:*.old=00;90:*.orig=00;90:*.part=00;90:*.rej=00;90:*.rpmnew=00;90:*.rpmorig=00;90:*.rpmsave=00;90:*.swp=00;90:*.tmp=00;90:*.ucf-dist=00;90:*.ucf-new=00;90:*.ucf-old=00;90:", "LANG=en_US.UTF-8", "LESSCLOSE=/usr/bin/lesspipe %s %s", "SSH_CONNECTION=100.95.84.5 50454 100.82.112.7 22", "TMUX_PANE=%2", "LESSOPEN=| /usr/bin/lesspipe %s", "JULIA_PKG_PRECOMPILE_AUTO=0", "XDG_DATA_DIRS=/usr/share/gnome:/usr/local/share:/usr/share:/var/lib/snapd/desktop", "XDG_SESSION_ID=1677", "PATH=/home/ian/.juliaup/bin:/home/ian/.local/bin:/usr/local/sbin:/usr/local/bin:/usr/sbin:/usr/bin:/sbin:/bin:/usr/games:/usr/local/games:/snap/bin", "SSH_TTY=/dev/pts/1", "LOGNAME=ian", "TERM_PROGRAM_VERSION=3.4", "HUSHLOGIN=FALSE", "XDG_SESSION_TYPE=tty", "DEBUGINFOD_URLS=https://debuginfod.ubuntu.com ", "PWD", "OPENBLAS_DEFAULT_NUM_THREADS=1", "REMOTEHOST=100.104.183.53", "HOME=/home/ian", "JULIA_NUM_THREADS=1", "JULIA_PRECOMP_REPORT_TIMING=1", "DBUS_SESSION_BUS_ADDRESS=unix:path=/run/user/1000/bus", "XDG_SESSION_CLASS=user"]): no such file or directory (ENOENT)
Many shells expand '~' to the home directory in unquoted strings. To replicate this behavior, call `expanduser` to expand the '~' character to the user’s home directory.

ArrayInterface → ArrayInterfaceSparseArraysExt 
IOError: could not spawn setenv(`/home/ian/.julia/juliaup/julia-pr62725/bin/julia -C native -J/home/ian/.julia/juliaup/julia-pr62725/lib/julia/sys.so -g1 --startup-file=no --compiled-modules=strict --output-o /tmp/julia-ttfx-depot/compiled/v1.14/ArrayInterfaceSparseArraysExt/jl_ysR1av --output-ji /tmp/julia-ttfx-depot/compiled/v1.14/ArrayInterfaceSparseArraysExt/jl_4tLxja --output-incremental=yes --startup-file=no --history-file=no --warn-overwrite=yes --color=auto -`,["TERM=tmux-256color", "TTFX_DEPOT_PATH=/tmp/julia-ttfx-depot", "OPENBLAS_NUM_THREADS=1", "OPENBLAS_MAIN_FREE=1", "SHELL=/bin/bash", "SSH_CLIENT=100.104.183.53 58167 22", "JULIA_DEPOT_PATH=/tmp/julia-ttfx-depot:", "OLDPWD=/home/ian/Documents/GitHub/julia", "TMUX=/tmp/tmux-1000/default,1292951,2", "LC_TERMINAL_VERSION=3.6.11", "XDG_RUNTIME_DIR=/run/user/1000", "JULIA_PRECOMPILE_JOBSERVER=/jl_pc_3749826_1", "USER=ian", "LC_TERMINAL=iTerm2", "SHLVL=2", "MAIL=/var/mail/ian", "TERM_PROGRAM=tmux", "LD_LIBRARY_PATH=/usr/local/cuda/lib64:", "_=/home/ian/.juliaup/bin/julia", "LS_COLORS=rs=0:di=01;34:ln=01;36:mh=00:pi=40;33:so=01;35:do=01;35:bd=40;33;01:cd=40;33;01:or=40;31;01:mi=00:su=37;41:sg=30;43:ca=00:tw=30;42:ow=34;42:st=37;44:ex=01;32:*.tar=01;31:*.tgz=01;31:*.arc=01;31:*.arj=01;31:*.taz=01;31:*.lha=01;31:*.lz4=01;31:*.lzh=01;31:*.lzma=01;31:*.tlz=01;31:*.txz=01;31:*.tzo=01;31:*.t7z=01;31:*.zip=01;31:*.z=01;31:*.dz=01;31:*.gz=01;31:*.lrz=01;31:*.lz=01;31:*.lzo=01;31:*.xz=01;31:*.zst=01;31:*.tzst=01;31:*.bz2=01;31:*.bz=01;31:*.tbz=01;31:*.tbz2=01;31:*.tz=01;31:*.deb=01;31:*.rpm=01;31:*.jar=01;31:*.war=01;31:*.ear=01;31:*.sar=01;31:*.rar=01;31:*.alz=01;31:*.ace=01;31:*.zoo=01;31:*.cpio=01;31:*.7z=01;31:*.rz=01;31:*.cab=01;31:*.wim=01;31:*.swm=01;31:*.dwm=01;31:*.esd=01;31:*.avif=01;35:*.jpg=01;35:*.jpeg=01;35:*.mjpg=01;35:*.mjpeg=01;35:*.gif=01;35:*.bmp=01;35:*.pbm=01;35:*.pgm=01;35:*.ppm=01;35:*.tga=01;35:*.xbm=01;35:*.xpm=01;35:*.tif=01;35:*.tiff=01;35:*.png=01;35:*.svg=01;35:*.svgz=01;35:*.mng=01;35:*.pcx=01;35:*.mov=01;35:*.mpg=01;35:*.mpeg=01;35:*.m2v=01;35:*.mkv=01;35:*.webm=01;35:*.webp=01;35:*.ogm=01;35:*.mp4=01;35:*.m4v=01;35:*.mp4v=01;35:*.vob=01;35:*.qt=01;35:*.nuv=01;35:*.wmv=01;35:*.asf=01;35:*.rm=01;35:*.rmvb=01;35:*.flc=01;35:*.avi=01;35:*.fli=01;35:*.flv=01;35:*.gl=01;35:*.dl=01;35:*.xcf=01;35:*.xwd=01;35:*.yuv=01;35:*.cgm=01;35:*.emf=01;35:*.ogv=01;35:*.ogx=01;35:*.aac=00;36:*.au=00;36:*.flac=00;36:*.m4a=00;36:*.mid=00;36:*.midi=00;36:*.mka=00;36:*.mp3=00;36:*.mpc=00;36:*.ogg=00;36:*.ra=00;36:*.wav=00;36:*.oga=00;36:*.opus=00;36:*.spx=00;36:*.xspf=00;36:*~=00;90:*#=00;90:*.bak=00;90:*.crdownload=00;90:*.dpkg-dist=00;90:*.dpkg-new=00;90:*.dpkg-old=00;90:*.dpkg-tmp=00;90:*.old=00;90:*.orig=00;90:*.part=00;90:*.rej=00;90:*.rpmnew=00;90:*.rpmorig=00;90:*.rpmsave=00;90:*.swp=00;90:*.tmp=00;90:*.ucf-dist=00;90:*.ucf-new=00;90:*.ucf-old=00;90:", "LANG=en_US.UTF-8", "LESSCLOSE=/usr/bin/lesspipe %s %s", "SSH_CONNECTION=100.95.84.5 50454 100.82.112.7 22", "TMUX_PANE=%2", "LESSOPEN=| /usr/bin/lesspipe %s", "JULIA_PKG_PRECOMPILE_AUTO=0", "XDG_DATA_DIRS=/usr/share/gnome:/usr/local/share:/usr/share:/var/lib/snapd/desktop", "XDG_SESSION_ID=1677", "PATH=/home/ian/.juliaup/bin:/home/ian/.local/bin:/usr/local/sbin:/usr/local/bin:/usr/sbin:/usr/bin:/sbin:/bin:/usr/games:/usr/local/games:/snap/bin", "SSH_TTY=/dev/pts/1", "LOGNAME=ian", "TERM_PROGRAM_VERSION=3.4", "HUSHLOGIN=FALSE", "XDG_SESSION_TYPE=tty", "DEBUGINFOD_URLS=https://debuginfod.ubuntu.com ", "PWD", "OPENBLAS_DEFAULT_NUM_THREADS=1", "REMOTEHOST=100.104.183.53", "HOME=/home/ian", "JULIA_NUM_THREADS=1", "JULIA_PRECOMP_REPORT_TIMING=1", "DBUS_SESSION_BUS_ADDRESS=unix:path=/run/user/1000/bus", "XDG_SESSION_CLASS=user"]): no such file or directory (ENOENT)
Many shells expand '~' to the home directory in unquoted strings. To replicate this behavior, call `expanduser` to expand the '~' character to the user’s home directory.

RecursiveArrayTools → RecursiveArrayToolsSparseArraysExt 
IOError: could not spawn setenv(`/home/ian/.julia/juliaup/julia-pr62725/bin/julia -C native -J/home/ian/.julia/juliaup/julia-pr62725/lib/julia/sys.so -g1 --startup-file=no --compiled-modules=strict --output-o /tmp/julia-ttfx-depot/compiled/v1.14/RecursiveArrayToolsSparseArraysExt/jl_86Bfoc --output-ji /tmp/julia-ttfx-depot/compiled/v1.14/RecursiveArrayToolsSparseArraysExt/jl_XECTCx --output-incremental=yes --startup-file=no --history-file=no --warn-overwrite=yes --color=auto -`,["TERM=tmux-256color", "TTFX_DEPOT_PATH=/tmp/julia-ttfx-depot", "OPENBLAS_NUM_THREADS=1", "OPENBLAS_MAIN_FREE=1", "SHELL=/bin/bash", "SSH_CLIENT=100.104.183.53 58167 22", "JULIA_DEPOT_PATH=/tmp/julia-ttfx-depot:", "OLDPWD=/home/ian/Documents/GitHub/julia", "TMUX=/tmp/tmux-1000/default,1292951,2", "LC_TERMINAL_VERSION=3.6.11", "XDG_RUNTIME_DIR=/run/user/1000", "JULIA_PRECOMPILE_JOBSERVER=/jl_pc_3749826_1", "USER=ian", "LC_TERMINAL=iTerm2", "SHLVL=2", "MAIL=/var/mail/ian", "TERM_PROGRAM=tmux", "LD_LIBRARY_PATH=/usr/local/cuda/lib64:", "_=/home/ian/.juliaup/bin/julia", "LS_COLORS=rs=0:di=01;34:ln=01;36:mh=00:pi=40;33:so=01;35:do=01;35:bd=40;33;01:cd=40;33;01:or=40;31;01:mi=00:su=37;41:sg=30;43:ca=00:tw=30;42:ow=34;42:st=37;44:ex=01;32:*.tar=01;31:*.tgz=01;31:*.arc=01;31:*.arj=01;31:*.taz=01;31:*.lha=01;31:*.lz4=01;31:*.lzh=01;31:*.lzma=01;31:*.tlz=01;31:*.txz=01;31:*.tzo=01;31:*.t7z=01;31:*.zip=01;31:*.z=01;31:*.dz=01;31:*.gz=01;31:*.lrz=01;31:*.lz=01;31:*.lzo=01;31:*.xz=01;31:*.zst=01;31:*.tzst=01;31:*.bz2=01;31:*.bz=01;31:*.tbz=01;31:*.tbz2=01;31:*.tz=01;31:*.deb=01;31:*.rpm=01;31:*.jar=01;31:*.war=01;31:*.ear=01;31:*.sar=01;31:*.rar=01;31:*.alz=01;31:*.ace=01;31:*.zoo=01;31:*.cpio=01;31:*.7z=01;31:*.rz=01;31:*.cab=01;31:*.wim=01;31:*.swm=01;31:*.dwm=01;31:*.esd=01;31:*.avif=01;35:*.jpg=01;35:*.jpeg=01;35:*.mjpg=01;35:*.mjpeg=01;35:*.gif=01;35:*.bmp=01;35:*.pbm=01;35:*.pgm=01;35:*.ppm=01;35:*.tga=01;35:*.xbm=01;35:*.xpm=01;35:*.tif=01;35:*.tiff=01;35:*.png=01;35:*.svg=01;35:*.svgz=01;35:*.mng=01;35:*.pcx=01;35:*.mov=01;35:*.mpg=01;35:*.mpeg=01;35:*.m2v=01;35:*.mkv=01;35:*.webm=01;35:*.webp=01;35:*.ogm=01;35:*.mp4=01;35:*.m4v=01;35:*.mp4v=01;35:*.vob=01;35:*.qt=01;35:*.nuv=01;35:*.wmv=01;35:*.asf=01;35:*.rm=01;35:*.rmvb=01;35:*.flc=01;35:*.avi=01;35:*.fli=01;35:*.flv=01;35:*.gl=01;35:*.dl=01;35:*.xcf=01;35:*.xwd=01;35:*.yuv=01;35:*.cgm=01;35:*.emf=01;35:*.ogv=01;35:*.ogx=01;35:*.aac=00;36:*.au=00;36:*.flac=00;36:*.m4a=00;36:*.mid=00;36:*.midi=00;36:*.mka=00;36:*.mp3=00;36:*.mpc=00;36:*.ogg=00;36:*.ra=00;36:*.wav=00;36:*.oga=00;36:*.opus=00;36:*.spx=00;36:*.xspf=00;36:*~=00;90:*#=00;90:*.bak=00;90:*.crdownload=00;90:*.dpkg-dist=00;90:*.dpkg-new=00;90:*.dpkg-old=00;90:*.dpkg-tmp=00;90:*.old=00;90:*.orig=00;90:*.part=00;90:*.rej=00;90:*.rpmnew=00;90:*.rpmorig=00;90:*.rpmsave=00;90:*.swp=00;90:*.tmp=00;90:*.ucf-dist=00;90:*.ucf-new=00;90:*.ucf-old=00;90:", "LANG=en_US.UTF-8", "LESSCLOSE=/usr/bin/lesspipe %s %s", "SSH_CONNECTION=100.95.84.5 50454 100.82.112.7 22", "TMUX_PANE=%2", "LESSOPEN=| /usr/bin/lesspipe %s", "JULIA_PKG_PRECOMPILE_AUTO=0", "XDG_DATA_DIRS=/usr/share/gnome:/usr/local/share:/usr/share:/var/lib/snapd/desktop", "XDG_SESSION_ID=1677", "PATH=/home/ian/.juliaup/bin:/home/ian/.local/bin:/usr/local/sbin:/usr/local/bin:/usr/sbin:/usr/bin:/sbin:/bin:/usr/games:/usr/local/games:/snap/bin", "SSH_TTY=/dev/pts/1", "LOGNAME=ian", "TERM_PROGRAM_VERSION=3.4", "HUSHLOGIN=FALSE", "XDG_SESSION_TYPE=tty", "DEBUGINFOD_URLS=https://debuginfod.ubuntu.com ", "PWD", "OPENBLAS_DEFAULT_NUM_THREADS=1", "REMOTEHOST=100.104.183.53", "HOME=/home/ian", "JULIA_NUM_THREADS=1", "JULIA_PRECOMP_REPORT_TIMING=1", "DBUS_SESSION_BUS_ADDRESS=unix:path=/run/user/1000/bus", "XDG_SESSION_CLASS=user"]): no such file or directory (ENOENT)
Many shells expand '~' to the home directory in unquoted strings. To replicate this behavior, call `expanduser` to expand the '~' character to the user’s home directory.

FiniteDiff → FiniteDiffSparseArraysExt 
IOError: could not spawn setenv(`/home/ian/.julia/juliaup/julia-pr62725/bin/julia -C native -J/home/ian/.julia/juliaup/julia-pr62725/lib/julia/sys.so -g1 --startup-file=no --compiled-modules=strict --output-o /tmp/julia-ttfx-depot/compiled/v1.14/FiniteDiffSparseArraysExt/jl_I1469B --output-ji /tmp/julia-ttfx-depot/compiled/v1.14/FiniteDiffSparseArraysExt/jl_PL5LKk --output-incremental=yes --startup-file=no --history-file=no --warn-overwrite=yes --color=auto -`,["TERM=tmux-256color", "TTFX_DEPOT_PATH=/tmp/julia-ttfx-depot", "OPENBLAS_NUM_THREADS=1", "OPENBLAS_MAIN_FREE=1", "SHELL=/bin/bash", "SSH_CLIENT=100.104.183.53 58167 22", "JULIA_DEPOT_PATH=/tmp/julia-ttfx-depot:", "OLDPWD=/home/ian/Documents/GitHub/julia", "TMUX=/tmp/tmux-1000/default,1292951,2", "LC_TERMINAL_VERSION=3.6.11", "XDG_RUNTIME_DIR=/run/user/1000", "JULIA_PRECOMPILE_JOBSERVER=/jl_pc_3749826_1", "USER=ian", "LC_TERMINAL=iTerm2", "SHLVL=2", "MAIL=/var/mail/ian", "TERM_PROGRAM=tmux", "LD_LIBRARY_PATH=/usr/local/cuda/lib64:", "_=/home/ian/.juliaup/bin/julia", "LS_COLORS=rs=0:di=01;34:ln=01;36:mh=00:pi=40;33:so=01;35:do=01;35:bd=40;33;01:cd=40;33;01:or=40;31;01:mi=00:su=37;41:sg=30;43:ca=00:tw=30;42:ow=34;42:st=37;44:ex=01;32:*.tar=01;31:*.tgz=01;31:*.arc=01;31:*.arj=01;31:*.taz=01;31:*.lha=01;31:*.lz4=01;31:*.lzh=01;31:*.lzma=01;31:*.tlz=01;31:*.txz=01;31:*.tzo=01;31:*.t7z=01;31:*.zip=01;31:*.z=01;31:*.dz=01;31:*.gz=01;31:*.lrz=01;31:*.lz=01;31:*.lzo=01;31:*.xz=01;31:*.zst=01;31:*.tzst=01;31:*.bz2=01;31:*.bz=01;31:*.tbz=01;31:*.tbz2=01;31:*.tz=01;31:*.deb=01;31:*.rpm=01;31:*.jar=01;31:*.war=01;31:*.ear=01;31:*.sar=01;31:*.rar=01;31:*.alz=01;31:*.ace=01;31:*.zoo=01;31:*.cpio=01;31:*.7z=01;31:*.rz=01;31:*.cab=01;31:*.wim=01;31:*.swm=01;31:*.dwm=01;31:*.esd=01;31:*.avif=01;35:*.jpg=01;35:*.jpeg=01;35:*.mjpg=01;35:*.mjpeg=01;35:*.gif=01;35:*.bmp=01;35:*.pbm=01;35:*.pgm=01;35:*.ppm=01;35:*.tga=01;35:*.xbm=01;35:*.xpm=01;35:*.tif=01;35:*.tiff=01;35:*.png=01;35:*.svg=01;35:*.svgz=01;35:*.mng=01;35:*.pcx=01;35:*.mov=01;35:*.mpg=01;35:*.mpeg=01;35:*.m2v=01;35:*.mkv=01;35:*.webm=01;35:*.webp=01;35:*.ogm=01;35:*.mp4=01;35:*.m4v=01;35:*.mp4v=01;35:*.vob=01;35:*.qt=01;35:*.nuv=01;35:*.wmv=01;35:*.asf=01;35:*.rm=01;35:*.rmvb=01;35:*.flc=01;35:*.avi=01;35:*.fli=01;35:*.flv=01;35:*.gl=01;35:*.dl=01;35:*.xcf=01;35:*.xwd=01;35:*.yuv=01;35:*.cgm=01;35:*.emf=01;35:*.ogv=01;35:*.ogx=01;35:*.aac=00;36:*.au=00;36:*.flac=00;36:*.m4a=00;36:*.mid=00;36:*.midi=00;36:*.mka=00;36:*.mp3=00;36:*.mpc=00;36:*.ogg=00;36:*.ra=00;36:*.wav=00;36:*.oga=00;36:*.opus=00;36:*.spx=00;36:*.xspf=00;36:*~=00;90:*#=00;90:*.bak=00;90:*.crdownload=00;90:*.dpkg-dist=00;90:*.dpkg-new=00;90:*.dpkg-old=00;90:*.dpkg-tmp=00;90:*.old=00;90:*.orig=00;90:*.part=00;90:*.rej=00;90:*.rpmnew=00;90:*.rpmorig=00;90:*.rpmsave=00;90:*.swp=00;90:*.tmp=00;90:*.ucf-dist=00;90:*.ucf-new=00;90:*.ucf-old=00;90:", "LANG=en_US.UTF-8", "LESSCLOSE=/usr/bin/lesspipe %s %s", "SSH_CONNECTION=100.95.84.5 50454 100.82.112.7 22", "TMUX_PANE=%2", "LESSOPEN=| /usr/bin/lesspipe %s", "JULIA_PKG_PRECOMPILE_AUTO=0", "XDG_DATA_DIRS=/usr/share/gnome:/usr/local/share:/usr/share:/var/lib/snapd/desktop", "XDG_SESSION_ID=1677", "PATH=/home/ian/.juliaup/bin:/home/ian/.local/bin:/usr/local/sbin:/usr/local/bin:/usr/sbin:/usr/bin:/sbin:/bin:/usr/games:/usr/local/games:/snap/bin", "SSH_TTY=/dev/pts/1", "LOGNAME=ian", "TERM_PROGRAM_VERSION=3.4", "HUSHLOGIN=FALSE", "XDG_SESSION_TYPE=tty", "DEBUGINFOD_URLS=https://debuginfod.ubuntu.com ", "PWD", "OPENBLAS_DEFAULT_NUM_THREADS=1", "REMOTEHOST=100.104.183.53", "HOME=/home/ian", "JULIA_NUM_THREADS=1", "JULIA_PRECOMP_REPORT_TIMING=1", "DBUS_SESSION_BUS_ADDRESS=unix:path=/run/user/1000/bus", "XDG_SESSION_CLASS=user"]): no such file or directory (ENOENT)
Many shells expand '~' to the home directory in unquoted strings. To replicate this behavior, call `expanduser` to expand the '~' character to the user’s home directory.

Accessors → LinearAlgebraExt 
IOError: could not spawn setenv(`/home/ian/.julia/juliaup/julia-pr62725/bin/julia -C native -J/home/ian/.julia/juliaup/julia-pr62725/lib/julia/sys.so -g1 --startup-file=no --compiled-modules=strict --output-o /tmp/julia-ttfx-depot/compiled/v1.14/LinearAlgebraExt/jl_MPUoG1 --output-ji /tmp/julia-ttfx-depot/compiled/v1.14/LinearAlgebraExt/jl_IOc8El --output-incremental=yes --startup-file=no --history-file=no --warn-overwrite=yes --color=auto -`,["TERM=tmux-256color", "TTFX_DEPOT_PATH=/tmp/julia-ttfx-depot", "OPENBLAS_NUM_THREADS=1", "OPENBLAS_MAIN_FREE=1", "SHELL=/bin/bash", "SSH_CLIENT=100.104.183.53 58167 22", "JULIA_DEPOT_PATH=/tmp/julia-ttfx-depot:", "OLDPWD=/home/ian/Documents/GitHub/julia", "TMUX=/tmp/tmux-1000/default,1292951,2", "LC_TERMINAL_VERSION=3.6.11", "XDG_RUNTIME_DIR=/run/user/1000", "JULIA_PRECOMPILE_JOBSERVER=/jl_pc_3749826_1", "USER=ian", "LC_TERMINAL=iTerm2", "SHLVL=2", "MAIL=/var/mail/ian", "TERM_PROGRAM=tmux", "LD_LIBRARY_PATH=/usr/local/cuda/lib64:", "_=/home/ian/.juliaup/bin/julia", "LS_COLORS=rs=0:di=01;34:ln=01;36:mh=00:pi=40;33:so=01;35:do=01;35:bd=40;33;01:cd=40;33;01:or=40;31;01:mi=00:su=37;41:sg=30;43:ca=00:tw=30;42:ow=34;42:st=37;44:ex=01;32:*.tar=01;31:*.tgz=01;31:*.arc=01;31:*.arj=01;31:*.taz=01;31:*.lha=01;31:*.lz4=01;31:*.lzh=01;31:*.lzma=01;31:*.tlz=01;31:*.txz=01;31:*.tzo=01;31:*.t7z=01;31:*.zip=01;31:*.z=01;31:*.dz=01;31:*.gz=01;31:*.lrz=01;31:*.lz=01;31:*.lzo=01;31:*.xz=01;31:*.zst=01;31:*.tzst=01;31:*.bz2=01;31:*.bz=01;31:*.tbz=01;31:*.tbz2=01;31:*.tz=01;31:*.deb=01;31:*.rpm=01;31:*.jar=01;31:*.war=01;31:*.ear=01;31:*.sar=01;31:*.rar=01;31:*.alz=01;31:*.ace=01;31:*.zoo=01;31:*.cpio=01;31:*.7z=01;31:*.rz=01;31:*.cab=01;31:*.wim=01;31:*.swm=01;31:*.dwm=01;31:*.esd=01;31:*.avif=01;35:*.jpg=01;35:*.jpeg=01;35:*.mjpg=01;35:*.mjpeg=01;35:*.gif=01;35:*.bmp=01;35:*.pbm=01;35:*.pgm=01;35:*.ppm=01;35:*.tga=01;35:*.xbm=01;35:*.xpm=01;35:*.tif=01;35:*.tiff=01;35:*.png=01;35:*.svg=01;35:*.svgz=01;35:*.mng=01;35:*.pcx=01;35:*.mov=01;35:*.mpg=01;35:*.mpeg=01;35:*.m2v=01;35:*.mkv=01;35:*.webm=01;35:*.webp=01;35:*.ogm=01;35:*.mp4=01;35:*.m4v=01;35:*.mp4v=01;35:*.vob=01;35:*.qt=01;35:*.nuv=01;35:*.wmv=01;35:*.asf=01;35:*.rm=01;35:*.rmvb=01;35:*.flc=01;35:*.avi=01;35:*.fli=01;35:*.flv=01;35:*.gl=01;35:*.dl=01;35:*.xcf=01;35:*.xwd=01;35:*.yuv=01;35:*.cgm=01;35:*.emf=01;35:*.ogv=01;35:*.ogx=01;35:*.aac=00;36:*.au=00;36:*.flac=00;36:*.m4a=00;36:*.mid=00;36:*.midi=00;36:*.mka=00;36:*.mp3=00;36:*.mpc=00;36:*.ogg=00;36:*.ra=00;36:*.wav=00;36:*.oga=00;36:*.opus=00;36:*.spx=00;36:*.xspf=00;36:*~=00;90:*#=00;90:*.bak=00;90:*.crdownload=00;90:*.dpkg-dist=00;90:*.dpkg-new=00;90:*.dpkg-old=00;90:*.dpkg-tmp=00;90:*.old=00;90:*.orig=00;90:*.part=00;90:*.rej=00;90:*.rpmnew=00;90:*.rpmorig=00;90:*.rpmsave=00;90:*.swp=00;90:*.tmp=00;90:*.ucf-dist=00;90:*.ucf-new=00;90:*.ucf-old=00;90:", "LANG=en_US.UTF-8", "LESSCLOSE=/usr/bin/lesspipe %s %s", "SSH_CONNECTION=100.95.84.5 50454 100.82.112.7 22", "TMUX_PANE=%2", "LESSOPEN=| /usr/bin/lesspipe %s", "JULIA_PKG_PRECOMPILE_AUTO=0", "XDG_DATA_DIRS=/usr/share/gnome:/usr/local/share:/usr/share:/var/lib/snapd/desktop", "XDG_SESSION_ID=1677", "PATH=/home/ian/.juliaup/bin:/home/ian/.local/bin:/usr/local/sbin:/usr/local/bin:/usr/sbin:/usr/bin:/sbin:/bin:/usr/games:/usr/local/games:/snap/bin", "SSH_TTY=/dev/pts/1", "LOGNAME=ian", "TERM_PROGRAM_VERSION=3.4", "HUSHLOGIN=FALSE", "XDG_SESSION_TYPE=tty", "DEBUGINFOD_URLS=https://debuginfod.ubuntu.com ", "PWD", "OPENBLAS_DEFAULT_NUM_THREADS=1", "REMOTEHOST=100.104.183.53", "HOME=/home/ian", "JULIA_NUM_THREADS=1", "JULIA_PRECOMP_REPORT_TIMING=1", "DBUS_SESSION_BUS_ADDRESS=unix:path=/run/user/1000/bus", "XDG_SESSION_CLASS=user"]): no such file or directory (ENOENT)
Many shells expand '~' to the home directory in unquoted strings. To replicate this behavior, call `expanduser` to expand the '~' character to the user’s home directory.

CommonSubexpressions 
IOError: could not spawn setenv(`/home/ian/.julia/juliaup/julia-pr62725/bin/julia -C native -J/home/ian/.julia/juliaup/julia-pr62725/lib/julia/sys.so -g1 --startup-file=no --compiled-modules=strict --output-o /tmp/julia-ttfx-depot/compiled/v1.14/CommonSubexpressions/jl_dn4L9F --output-ji /tmp/julia-ttfx-depot/compiled/v1.14/CommonSubexpressions/jl_2OCQCb --output-incremental=yes --startup-file=no --history-file=no --warn-overwrite=yes --color=auto -`,["TERM=tmux-256color", "TTFX_DEPOT_PATH=/tmp/julia-ttfx-depot", "OPENBLAS_NUM_THREADS=1", "OPENBLAS_MAIN_FREE=1", "SHELL=/bin/bash", "SSH_CLIENT=100.104.183.53 58167 22", "JULIA_DEPOT_PATH=/tmp/julia-ttfx-depot:", "OLDPWD=/home/ian/Documents/GitHub/julia", "TMUX=/tmp/tmux-1000/default,1292951,2", "LC_TERMINAL_VERSION=3.6.11", "XDG_RUNTIME_DIR=/run/user/1000", "JULIA_PRECOMPILE_JOBSERVER=/jl_pc_3749826_1", "USER=ian", "LC_TERMINAL=iTerm2", "SHLVL=2", "MAIL=/var/mail/ian", "TERM_PROGRAM=tmux", "LD_LIBRARY_PATH=/usr/local/cuda/lib64:", "_=/home/ian/.juliaup/bin/julia", "LS_COLORS=rs=0:di=01;34:ln=01;36:mh=00:pi=40;33:so=01;35:do=01;35:bd=40;33;01:cd=40;33;01:or=40;31;01:mi=00:su=37;41:sg=30;43:ca=00:tw=30;42:ow=34;42:st=37;44:ex=01;32:*.tar=01;31:*.tgz=01;31:*.arc=01;31:*.arj=01;31:*.taz=01;31:*.lha=01;31:*.lz4=01;31:*.lzh=01;31:*.lzma=01;31:*.tlz=01;31:*.txz=01;31:*.tzo=01;31:*.t7z=01;31:*.zip=01;31:*.z=01;31:*.dz=01;31:*.gz=01;31:*.lrz=01;31:*.lz=01;31:*.lzo=01;31:*.xz=01;31:*.zst=01;31:*.tzst=01;31:*.bz2=01;31:*.bz=01;31:*.tbz=01;31:*.tbz2=01;31:*.tz=01;31:*.deb=01;31:*.rpm=01;31:*.jar=01;31:*.war=01;31:*.ear=01;31:*.sar=01;31:*.rar=01;31:*.alz=01;31:*.ace=01;31:*.zoo=01;31:*.cpio=01;31:*.7z=01;31:*.rz=01;31:*.cab=01;31:*.wim=01;31:*.swm=01;31:*.dwm=01;31:*.esd=01;31:*.avif=01;35:*.jpg=01;35:*.jpeg=01;35:*.mjpg=01;35:*.mjpeg=01;35:*.gif=01;35:*.bmp=01;35:*.pbm=01;35:*.pgm=01;35:*.ppm=01;35:*.tga=01;35:*.xbm=01;35:*.xpm=01;35:*.tif=01;35:*.tiff=01;35:*.png=01;35:*.svg=01;35:*.svgz=01;35:*.mng=01;35:*.pcx=01;35:*.mov=01;35:*.mpg=01;35:*.mpeg=01;35:*.m2v=01;35:*.mkv=01;35:*.webm=01;35:*.webp=01;35:*.ogm=01;35:*.mp4=01;35:*.m4v=01;35:*.mp4v=01;35:*.vob=01;35:*.qt=01;35:*.nuv=01;35:*.wmv=01;35:*.asf=01;35:*.rm=01;35:*.rmvb=01;35:*.flc=01;35:*.avi=01;35:*.fli=01;35:*.flv=01;35:*.gl=01;35:*.dl=01;35:*.xcf=01;35:*.xwd=01;35:*.yuv=01;35:*.cgm=01;35:*.emf=01;35:*.ogv=01;35:*.ogx=01;35:*.aac=00;36:*.au=00;36:*.flac=00;36:*.m4a=00;36:*.mid=00;36:*.midi=00;36:*.mka=00;36:*.mp3=00;36:*.mpc=00;36:*.ogg=00;36:*.ra=00;36:*.wav=00;36:*.oga=00;36:*.opus=00;36:*.spx=00;36:*.xspf=00;36:*~=00;90:*#=00;90:*.bak=00;90:*.crdownload=00;90:*.dpkg-dist=00;90:*.dpkg-new=00;90:*.dpkg-old=00;90:*.dpkg-tmp=00;90:*.old=00;90:*.orig=00;90:*.part=00;90:*.rej=00;90:*.rpmnew=00;90:*.rpmorig=00;90:*.rpmsave=00;90:*.swp=00;90:*.tmp=00;90:*.ucf-dist=00;90:*.ucf-new=00;90:*.ucf-old=00;90:", "LANG=en_US.UTF-8", "LESSCLOSE=/usr/bin/lesspipe %s %s", "SSH_CONNECTION=100.95.84.5 50454 100.82.112.7 22", "TMUX_PANE=%2", "LESSOPEN=| /usr/bin/lesspipe %s", "JULIA_PKG_PRECOMPILE_AUTO=0", "XDG_DATA_DIRS=/usr/share/gnome:/usr/local/share:/usr/share:/var/lib/snapd/desktop", "XDG_SESSION_ID=1677", "PATH=/home/ian/.juliaup/bin:/home/ian/.local/bin:/usr/local/sbin:/usr/local/bin:/usr/sbin:/usr/bin:/sbin:/bin:/usr/games:/usr/local/games:/snap/bin", "SSH_TTY=/dev/pts/1", "LOGNAME=ian", "TERM_PROGRAM_VERSION=3.4", "HUSHLOGIN=FALSE", "XDG_SESSION_TYPE=tty", "DEBUGINFOD_URLS=https://debuginfod.ubuntu.com ", "PWD", "OPENBLAS_DEFAULT_NUM_THREADS=1", "REMOTEHOST=100.104.183.53", "HOME=/home/ian", "JULIA_NUM_THREADS=1", "JULIA_PRECOMP_REPORT_TIMING=1", "DBUS_SESSION_BUS_ADDRESS=unix:path=/run/user/1000/bus", "XDG_SESSION_CLASS=user"]): no such file or directory (ENOENT)
Many shells expand '~' to the home directory in unquoted strings. To replicate this behavior, call `expanduser` to expand the '~' character to the user’s home directory.

ArrayInterface → ArrayInterfaceStaticArraysCoreExt 
IOError: could not spawn setenv(`/home/ian/.julia/juliaup/julia-pr62725/bin/julia -C native -J/home/ian/.julia/juliaup/julia-pr62725/lib/julia/sys.so -g1 --startup-file=no --compiled-modules=strict --output-o /tmp/julia-ttfx-depot/compiled/v1.14/ArrayInterfaceStaticArraysCoreExt/jl_yFmdyb --output-ji /tmp/julia-ttfx-depot/compiled/v1.14/ArrayInterfaceStaticArraysCoreExt/jl_xYPUx4 --output-incremental=yes --startup-file=no --history-file=no --warn-overwrite=yes --color=auto -`,["TERM=tmux-256color", "TTFX_DEPOT_PATH=/tmp/julia-ttfx-depot", "OPENBLAS_NUM_THREADS=1", "OPENBLAS_MAIN_FREE=1", "SHELL=/bin/bash", "SSH_CLIENT=100.104.183.53 58167 22", "JULIA_DEPOT_PATH=/tmp/julia-ttfx-depot:", "OLDPWD=/home/ian/Documents/GitHub/julia", "TMUX=/tmp/tmux-1000/default,1292951,2", "LC_TERMINAL_VERSION=3.6.11", "XDG_RUNTIME_DIR=/run/user/1000", "JULIA_PRECOMPILE_JOBSERVER=/jl_pc_3749826_1", "USER=ian", "LC_TERMINAL=iTerm2", "SHLVL=2", "MAIL=/var/mail/ian", "TERM_PROGRAM=tmux", "LD_LIBRARY_PATH=/usr/local/cuda/lib64:", "_=/home/ian/.juliaup/bin/julia", "LS_COLORS=rs=0:di=01;34:ln=01;36:mh=00:pi=40;33:so=01;35:do=01;35:bd=40;33;01:cd=40;33;01:or=40;31;01:mi=00:su=37;41:sg=30;43:ca=00:tw=30;42:ow=34;42:st=37;44:ex=01;32:*.tar=01;31:*.tgz=01;31:*.arc=01;31:*.arj=01;31:*.taz=01;31:*.lha=01;31:*.lz4=01;31:*.lzh=01;31:*.lzma=01;31:*.tlz=01;31:*.txz=01;31:*.tzo=01;31:*.t7z=01;31:*.zip=01;31:*.z=01;31:*.dz=01;31:*.gz=01;31:*.lrz=01;31:*.lz=01;31:*.lzo=01;31:*.xz=01;31:*.zst=01;31:*.tzst=01;31:*.bz2=01;31:*.bz=01;31:*.tbz=01;31:*.tbz2=01;31:*.tz=01;31:*.deb=01;31:*.rpm=01;31:*.jar=01;31:*.war=01;31:*.ear=01;31:*.sar=01;31:*.rar=01;31:*.alz=01;31:*.ace=01;31:*.zoo=01;31:*.cpio=01;31:*.7z=01;31:*.rz=01;31:*.cab=01;31:*.wim=01;31:*.swm=01;31:*.dwm=01;31:*.esd=01;31:*.avif=01;35:*.jpg=01;35:*.jpeg=01;35:*.mjpg=01;35:*.mjpeg=01;35:*.gif=01;35:*.bmp=01;35:*.pbm=01;35:*.pgm=01;35:*.ppm=01;35:*.tga=01;35:*.xbm=01;35:*.xpm=01;35:*.tif=01;35:*.tiff=01;35:*.png=01;35:*.svg=01;35:*.svgz=01;35:*.mng=01;35:*.pcx=01;35:*.mov=01;35:*.mpg=01;35:*.mpeg=01;35:*.m2v=01;35:*.mkv=01;35:*.webm=01;35:*.webp=01;35:*.ogm=01;35:*.mp4=01;35:*.m4v=01;35:*.mp4v=01;35:*.vob=01;35:*.qt=01;35:*.nuv=01;35:*.wmv=01;35:*.asf=01;35:*.rm=01;35:*.rmvb=01;35:*.flc=01;35:*.avi=01;35:*.fli=01;35:*.flv=01;35:*.gl=01;35:*.dl=01;35:*.xcf=01;35:*.xwd=01;35:*.yuv=01;35:*.cgm=01;35:*.emf=01;35:*.ogv=01;35:*.ogx=01;35:*.aac=00;36:*.au=00;36:*.flac=00;36:*.m4a=00;36:*.mid=00;36:*.midi=00;36:*.mka=00;36:*.mp3=00;36:*.mpc=00;36:*.ogg=00;36:*.ra=00;36:*.wav=00;36:*.oga=00;36:*.opus=00;36:*.spx=00;36:*.xspf=00;36:*~=00;90:*#=00;90:*.bak=00;90:*.crdownload=00;90:*.dpkg-dist=00;90:*.dpkg-new=00;90:*.dpkg-old=00;90:*.dpkg-tmp=00;90:*.old=00;90:*.orig=00;90:*.part=00;90:*.rej=00;90:*.rpmnew=00;90:*.rpmorig=00;90:*.rpmsave=00;90:*.swp=00;90:*.tmp=00;90:*.ucf-dist=00;90:*.ucf-new=00;90:*.ucf-old=00;90:", "LANG=en_US.UTF-8", "LESSCLOSE=/usr/bin/lesspipe %s %s", "SSH_CONNECTION=100.95.84.5 50454 100.82.112.7 22", "TMUX_PANE=%2", "LESSOPEN=| /usr/bin/lesspipe %s", "JULIA_PKG_PRECOMPILE_AUTO=0", "XDG_DATA_DIRS=/usr/share/gnome:/usr/local/share:/usr/share:/var/lib/snapd/desktop", "XDG_SESSION_ID=1677", "PATH=/home/ian/.juliaup/bin:/home/ian/.local/bin:/usr/local/sbin:/usr/local/bin:/usr/sbin:/usr/bin:/sbin:/bin:/usr/games:/usr/local/games:/snap/bin", "SSH_TTY=/dev/pts/1", "LOGNAME=ian", "TERM_PROGRAM_VERSION=3.4", "HUSHLOGIN=FALSE", "XDG_SESSION_TYPE=tty", "DEBUGINFOD_URLS=https://debuginfod.ubuntu.com ", "PWD", "OPENBLAS_DEFAULT_NUM_THREADS=1", "REMOTEHOST=100.104.183.53", "HOME=/home/ian", "JULIA_NUM_THREADS=1", "JULIA_PRECOMP_REPORT_TIMING=1", "DBUS_SESSION_BUS_ADDRESS=unix:path=/run/user/1000/bus", "XDG_SESSION_CLASS=user"]): no such file or directory (ENOENT)
Many shells expand '~' to the home directory in unquoted strings. To replicate this behavior, call `expanduser` to expand the '~' character to the user’s home directory.

StochasticDiffEqLevyArea 
IOError: could not spawn setenv(`/home/ian/.julia/juliaup/julia-pr62725/bin/julia -C native -J/home/ian/.julia/juliaup/julia-pr62725/lib/julia/sys.so -g1 --startup-file=no --compiled-modules=strict --output-o /tmp/julia-ttfx-depot/compiled/v1.14/StochasticDiffEqLevyArea/jl_enVuCm --output-ji /tmp/julia-ttfx-depot/compiled/v1.14/StochasticDiffEqLevyArea/jl_ynsoOs --output-incremental=yes --startup-file=no --history-file=no --warn-overwrite=yes --color=auto -`,["TERM=tmux-256color", "TTFX_DEPOT_PATH=/tmp/julia-ttfx-depot", "OPENBLAS_NUM_THREADS=1", "OPENBLAS_MAIN_FREE=1", "SHELL=/bin/bash", "SSH_CLIENT=100.104.183.53 58167 22", "JULIA_DEPOT_PATH=/tmp/julia-ttfx-depot:", "OLDPWD=/home/ian/Documents/GitHub/julia", "TMUX=/tmp/tmux-1000/default,1292951,2", "LC_TERMINAL_VERSION=3.6.11", "XDG_RUNTIME_DIR=/run/user/1000", "JULIA_PRECOMPILE_JOBSERVER=/jl_pc_3749826_1", "USER=ian", "LC_TERMINAL=iTerm2", "SHLVL=2", "MAIL=/var/mail/ian", "TERM_PROGRAM=tmux", "LD_LIBRARY_PATH=/usr/local/cuda/lib64:", "_=/home/ian/.juliaup/bin/julia", "LS_COLORS=rs=0:di=01;34:ln=01;36:mh=00:pi=40;33:so=01;35:do=01;35:bd=40;33;01:cd=40;33;01:or=40;31;01:mi=00:su=37;41:sg=30;43:ca=00:tw=30;42:ow=34;42:st=37;44:ex=01;32:*.tar=01;31:*.tgz=01;31:*.arc=01;31:*.arj=01;31:*.taz=01;31:*.lha=01;31:*.lz4=01;31:*.lzh=01;31:*.lzma=01;31:*.tlz=01;31:*.txz=01;31:*.tzo=01;31:*.t7z=01;31:*.zip=01;31:*.z=01;31:*.dz=01;31:*.gz=01;31:*.lrz=01;31:*.lz=01;31:*.lzo=01;31:*.xz=01;31:*.zst=01;31:*.tzst=01;31:*.bz2=01;31:*.bz=01;31:*.tbz=01;31:*.tbz2=01;31:*.tz=01;31:*.deb=01;31:*.rpm=01;31:*.jar=01;31:*.war=01;31:*.ear=01;31:*.sar=01;31:*.rar=01;31:*.alz=01;31:*.ace=01;31:*.zoo=01;31:*.cpio=01;31:*.7z=01;31:*.rz=01;31:*.cab=01;31:*.wim=01;31:*.swm=01;31:*.dwm=01;31:*.esd=01;31:*.avif=01;35:*.jpg=01;35:*.jpeg=01;35:*.mjpg=01;35:*.mjpeg=01;35:*.gif=01;35:*.bmp=01;35:*.pbm=01;35:*.pgm=01;35:*.ppm=01;35:*.tga=01;35:*.xbm=01;35:*.xpm=01;35:*.tif=01;35:*.tiff=01;35:*.png=01;35:*.svg=01;35:*.svgz=01;35:*.mng=01;35:*.pcx=01;35:*.mov=01;35:*.mpg=01;35:*.mpeg=01;35:*.m2v=01;35:*.mkv=01;35:*.webm=01;35:*.webp=01;35:*.ogm=01;35:*.mp4=01;35:*.m4v=01;35:*.mp4v=01;35:*.vob=01;35:*.qt=01;35:*.nuv=01;35:*.wmv=01;35:*.asf=01;35:*.rm=01;35:*.rmvb=01;35:*.flc=01;35:*.avi=01;35:*.fli=01;35:*.flv=01;35:*.gl=01;35:*.dl=01;35:*.xcf=01;35:*.xwd=01;35:*.yuv=01;35:*.cgm=01;35:*.emf=01;35:*.ogv=01;35:*.ogx=01;35:*.aac=00;36:*.au=00;36:*.flac=00;36:*.m4a=00;36:*.mid=00;36:*.midi=00;36:*.mka=00;36:*.mp3=00;36:*.mpc=00;36:*.ogg=00;36:*.ra=00;36:*.wav=00;36:*.oga=00;36:*.opus=00;36:*.spx=00;36:*.xspf=00;36:*~=00;90:*#=00;90:*.bak=00;90:*.crdownload=00;90:*.dpkg-dist=00;90:*.dpkg-new=00;90:*.dpkg-old=00;90:*.dpkg-tmp=00;90:*.old=00;90:*.orig=00;90:*.part=00;90:*.rej=00;90:*.rpmnew=00;90:*.rpmorig=00;90:*.rpmsave=00;90:*.swp=00;90:*.tmp=00;90:*.ucf-dist=00;90:*.ucf-new=00;90:*.ucf-old=00;90:", "LANG=en_US.UTF-8", "LESSCLOSE=/usr/bin/lesspipe %s %s", "SSH_CONNECTION=100.95.84.5 50454 100.82.112.7 22", "TMUX_PANE=%2", "LESSOPEN=| /usr/bin/lesspipe %s", "JULIA_PKG_PRECOMPILE_AUTO=0", "XDG_DATA_DIRS=/usr/share/gnome:/usr/local/share:/usr/share:/var/lib/snapd/desktop", "XDG_SESSION_ID=1677", "PATH=/home/ian/.juliaup/bin:/home/ian/.local/bin:/usr/local/sbin:/usr/local/bin:/usr/sbin:/usr/bin:/sbin:/bin:/usr/games:/usr/local/games:/snap/bin", "SSH_TTY=/dev/pts/1", "LOGNAME=ian", "TERM_PROGRAM_VERSION=3.4", "HUSHLOGIN=FALSE", "XDG_SESSION_TYPE=tty", "DEBUGINFOD_URLS=https://debuginfod.ubuntu.com ", "PWD", "OPENBLAS_DEFAULT_NUM_THREADS=1", "REMOTEHOST=100.104.183.53", "HOME=/home/ian", "JULIA_NUM_THREADS=1", "JULIA_PRECOMP_REPORT_TIMING=1", "DBUS_SESSION_BUS_ADDRESS=unix:path=/run/user/1000/bus", "XDG_SESSION_CLASS=user"]): no such file or directory (ENOENT)
Many shells expand '~' to the home directory in unquoted strings. To replicate this behavior, call `expanduser` to expand the '~' character to the user’s home directory.

SciMLStructures 
IOError: could not spawn setenv(`/home/ian/.julia/juliaup/julia-pr62725/bin/julia -C native -J/home/ian/.julia/juliaup/julia-pr62725/lib/julia/sys.so -g1 --startup-file=no --compiled-modules=strict --output-o /tmp/julia-ttfx-depot/compiled/v1.14/SciMLStructures/jl_SpmOVD --output-ji /tmp/julia-ttfx-depot/compiled/v1.14/SciMLStructures/jl_jTEjsF --output-incremental=yes --startup-file=no --history-file=no --warn-overwrite=yes --color=auto -`,["TERM=tmux-256color", "TTFX_DEPOT_PATH=/tmp/julia-ttfx-depot", "OPENBLAS_NUM_THREADS=1", "OPENBLAS_MAIN_FREE=1", "SHELL=/bin/bash", "SSH_CLIENT=100.104.183.53 58167 22", "JULIA_DEPOT_PATH=/tmp/julia-ttfx-depot:", "OLDPWD=/home/ian/Documents/GitHub/julia", "TMUX=/tmp/tmux-1000/default,1292951,2", "LC_TERMINAL_VERSION=3.6.11", "XDG_RUNTIME_DIR=/run/user/1000", "JULIA_PRECOMPILE_JOBSERVER=/jl_pc_3749826_1", "USER=ian", "LC_TERMINAL=iTerm2", "SHLVL=2", "MAIL=/var/mail/ian", "TERM_PROGRAM=tmux", "LD_LIBRARY_PATH=/usr/local/cuda/lib64:", "_=/home/ian/.juliaup/bin/julia", "LS_COLORS=rs=0:di=01;34:ln=01;36:mh=00:pi=40;33:so=01;35:do=01;35:bd=40;33;01:cd=40;33;01:or=40;31;01:mi=00:su=37;41:sg=30;43:ca=00:tw=30;42:ow=34;42:st=37;44:ex=01;32:*.tar=01;31:*.tgz=01;31:*.arc=01;31:*.arj=01;31:*.taz=01;31:*.lha=01;31:*.lz4=01;31:*.lzh=01;31:*.lzma=01;31:*.tlz=01;31:*.txz=01;31:*.tzo=01;31:*.t7z=01;31:*.zip=01;31:*.z=01;31:*.dz=01;31:*.gz=01;31:*.lrz=01;31:*.lz=01;31:*.lzo=01;31:*.xz=01;31:*.zst=01;31:*.tzst=01;31:*.bz2=01;31:*.bz=01;31:*.tbz=01;31:*.tbz2=01;31:*.tz=01;31:*.deb=01;31:*.rpm=01;31:*.jar=01;31:*.war=01;31:*.ear=01;31:*.sar=01;31:*.rar=01;31:*.alz=01;31:*.ace=01;31:*.zoo=01;31:*.cpio=01;31:*.7z=01;31:*.rz=01;31:*.cab=01;31:*.wim=01;31:*.swm=01;31:*.dwm=01;31:*.esd=01;31:*.avif=01;35:*.jpg=01;35:*.jpeg=01;35:*.mjpg=01;35:*.mjpeg=01;35:*.gif=01;35:*.bmp=01;35:*.pbm=01;35:*.pgm=01;35:*.ppm=01;35:*.tga=01;35:*.xbm=01;35:*.xpm=01;35:*.tif=01;35:*.tiff=01;35:*.png=01;35:*.svg=01;35:*.svgz=01;35:*.mng=01;35:*.pcx=01;35:*.mov=01;35:*.mpg=01;35:*.mpeg=01;35:*.m2v=01;35:*.mkv=01;35:*.webm=01;35:*.webp=01;35:*.ogm=01;35:*.mp4=01;35:*.m4v=01;35:*.mp4v=01;35:*.vob=01;35:*.qt=01;35:*.nuv=01;35:*.wmv=01;35:*.asf=01;35:*.rm=01;35:*.rmvb=01;35:*.flc=01;35:*.avi=01;35:*.fli=01;35:*.flv=01;35:*.gl=01;35:*.dl=01;35:*.xcf=01;35:*.xwd=01;35:*.yuv=01;35:*.cgm=01;35:*.emf=01;35:*.ogv=01;35:*.ogx=01;35:*.aac=00;36:*.au=00;36:*.flac=00;36:*.m4a=00;36:*.mid=00;36:*.midi=00;36:*.mka=00;36:*.mp3=00;36:*.mpc=00;36:*.ogg=00;36:*.ra=00;36:*.wav=00;36:*.oga=00;36:*.opus=00;36:*.spx=00;36:*.xspf=00;36:*~=00;90:*#=00;90:*.bak=00;90:*.crdownload=00;90:*.dpkg-dist=00;90:*.dpkg-new=00;90:*.dpkg-old=00;90:*.dpkg-tmp=00;90:*.old=00;90:*.orig=00;90:*.part=00;90:*.rej=00;90:*.rpmnew=00;90:*.rpmorig=00;90:*.rpmsave=00;90:*.swp=00;90:*.tmp=00;90:*.ucf-dist=00;90:*.ucf-new=00;90:*.ucf-old=00;90:", "LANG=en_US.UTF-8", "LESSCLOSE=/usr/bin/lesspipe %s %s", "SSH_CONNECTION=100.95.84.5 50454 100.82.112.7 22", "TMUX_PANE=%2", "LESSOPEN=| /usr/bin/lesspipe %s", "JULIA_PKG_PRECOMPILE_AUTO=0", "XDG_DATA_DIRS=/usr/share/gnome:/usr/local/share:/usr/share:/var/lib/snapd/desktop", "XDG_SESSION_ID=1677", "PATH=/home/ian/.juliaup/bin:/home/ian/.local/bin:/usr/local/sbin:/usr/local/bin:/usr/sbin:/usr/bin:/sbin:/bin:/usr/games:/usr/local/games:/snap/bin", "SSH_TTY=/dev/pts/1", "LOGNAME=ian", "TERM_PROGRAM_VERSION=3.4", "HUSHLOGIN=FALSE", "XDG_SESSION_TYPE=tty", "DEBUGINFOD_URLS=https://debuginfod.ubuntu.com ", "PWD", "OPENBLAS_DEFAULT_NUM_THREADS=1", "REMOTEHOST=100.104.183.53", "HOME=/home/ian", "JULIA_NUM_THREADS=1", "JULIA_PRECOMP_REPORT_TIMING=1", "DBUS_SESSION_BUS_ADDRESS=unix:path=/run/user/1000/bus", "XDG_SESSION_CLASS=user"]): no such file or directory (ENOENT)
Many shells expand '~' to the home directory in unquoted strings. To replicate this behavior, call `expanduser` to expand the '~' character to the user’s home directory.

Statistics → SparseArraysExt 
IOError: could not spawn setenv(`/home/ian/.julia/juliaup/julia-pr62725/bin/julia -C native -J/home/ian/.julia/juliaup/julia-pr62725/lib/julia/sys.so -g1 --startup-file=no --compiled-modules=strict --output-o /tmp/julia-ttfx-depot/compiled/v1.14/SparseArraysExt/jl_f7Ikng --output-ji /tmp/julia-ttfx-depot/compiled/v1.14/SparseArraysExt/jl_MdQdsg --output-incremental=yes --startup-file=no --history-file=no --warn-overwrite=yes --color=auto -`,["TERM=tmux-256color", "TTFX_DEPOT_PATH=/tmp/julia-ttfx-depot", "OPENBLAS_NUM_THREADS=1", "OPENBLAS_MAIN_FREE=1", "SHELL=/bin/bash", "SSH_CLIENT=100.104.183.53 58167 22", "JULIA_DEPOT_PATH=/tmp/julia-ttfx-depot:", "OLDPWD=/home/ian/Documents/GitHub/julia", "TMUX=/tmp/tmux-1000/default,1292951,2", "LC_TERMINAL_VERSION=3.6.11", "XDG_RUNTIME_DIR=/run/user/1000", "JULIA_PRECOMPILE_JOBSERVER=/jl_pc_3749826_1", "USER=ian", "LC_TERMINAL=iTerm2", "SHLVL=2", "MAIL=/var/mail/ian", "TERM_PROGRAM=tmux", "LD_LIBRARY_PATH=/usr/local/cuda/lib64:", "_=/home/ian/.juliaup/bin/julia", "LS_COLORS=rs=0:di=01;34:ln=01;36:mh=00:pi=40;33:so=01;35:do=01;35:bd=40;33;01:cd=40;33;01:or=40;31;01:mi=00:su=37;41:sg=30;43:ca=00:tw=30;42:ow=34;42:st=37;44:ex=01;32:*.tar=01;31:*.tgz=01;31:*.arc=01;31:*.arj=01;31:*.taz=01;31:*.lha=01;31:*.lz4=01;31:*.lzh=01;31:*.lzma=01;31:*.tlz=01;31:*.txz=01;31:*.tzo=01;31:*.t7z=01;31:*.zip=01;31:*.z=01;31:*.dz=01;31:*.gz=01;31:*.lrz=01;31:*.lz=01;31:*.lzo=01;31:*.xz=01;31:*.zst=01;31:*.tzst=01;31:*.bz2=01;31:*.bz=01;31:*.tbz=01;31:*.tbz2=01;31:*.tz=01;31:*.deb=01;31:*.rpm=01;31:*.jar=01;31:*.war=01;31:*.ear=01;31:*.sar=01;31:*.rar=01;31:*.alz=01;31:*.ace=01;31:*.zoo=01;31:*.cpio=01;31:*.7z=01;31:*.rz=01;31:*.cab=01;31:*.wim=01;31:*.swm=01;31:*.dwm=01;31:*.esd=01;31:*.avif=01;35:*.jpg=01;35:*.jpeg=01;35:*.mjpg=01;35:*.mjpeg=01;35:*.gif=01;35:*.bmp=01;35:*.pbm=01;35:*.pgm=01;35:*.ppm=01;35:*.tga=01;35:*.xbm=01;35:*.xpm=01;35:*.tif=01;35:*.tiff=01;35:*.png=01;35:*.svg=01;35:*.svgz=01;35:*.mng=01;35:*.pcx=01;35:*.mov=01;35:*.mpg=01;35:*.mpeg=01;35:*.m2v=01;35:*.mkv=01;35:*.webm=01;35:*.webp=01;35:*.ogm=01;35:*.mp4=01;35:*.m4v=01;35:*.mp4v=01;35:*.vob=01;35:*.qt=01;35:*.nuv=01;35:*.wmv=01;35:*.asf=01;35:*.rm=01;35:*.rmvb=01;35:*.flc=01;35:*.avi=01;35:*.fli=01;35:*.flv=01;35:*.gl=01;35:*.dl=01;35:*.xcf=01;35:*.xwd=01;35:*.yuv=01;35:*.cgm=01;35:*.emf=01;35:*.ogv=01;35:*.ogx=01;35:*.aac=00;36:*.au=00;36:*.flac=00;36:*.m4a=00;36:*.mid=00;36:*.midi=00;36:*.mka=00;36:*.mp3=00;36:*.mpc=00;36:*.ogg=00;36:*.ra=00;36:*.wav=00;36:*.oga=00;36:*.opus=00;36:*.spx=00;36:*.xspf=00;36:*~=00;90:*#=00;90:*.bak=00;90:*.crdownload=00;90:*.dpkg-dist=00;90:*.dpkg-new=00;90:*.dpkg-old=00;90:*.dpkg-tmp=00;90:*.old=00;90:*.orig=00;90:*.part=00;90:*.rej=00;90:*.rpmnew=00;90:*.rpmorig=00;90:*.rpmsave=00;90:*.swp=00;90:*.tmp=00;90:*.ucf-dist=00;90:*.ucf-new=00;90:*.ucf-old=00;90:", "LANG=en_US.UTF-8", "LESSCLOSE=/usr/bin/lesspipe %s %s", "SSH_CONNECTION=100.95.84.5 50454 100.82.112.7 22", "TMUX_PANE=%2", "LESSOPEN=| /usr/bin/lesspipe %s", "JULIA_PKG_PRECOMPILE_AUTO=0", "XDG_DATA_DIRS=/usr/share/gnome:/usr/local/share:/usr/share:/var/lib/snapd/desktop", "XDG_SESSION_ID=1677", "PATH=/home/ian/.juliaup/bin:/home/ian/.local/bin:/usr/local/sbin:/usr/local/bin:/usr/sbin:/usr/bin:/sbin:/bin:/usr/games:/usr/local/games:/snap/bin", "SSH_TTY=/dev/pts/1", "LOGNAME=ian", "TERM_PROGRAM_VERSION=3.4", "HUSHLOGIN=FALSE", "XDG_SESSION_TYPE=tty", "DEBUGINFOD_URLS=https://debuginfod.ubuntu.com ", "PWD", "OPENBLAS_DEFAULT_NUM_THREADS=1", "REMOTEHOST=100.104.183.53", "HOME=/home/ian", "JULIA_NUM_THREADS=1", "JULIA_PRECOMP_REPORT_TIMING=1", "DBUS_SESSION_BUS_ADDRESS=unix:path=/run/user/1000/bus", "XDG_SESSION_CLASS=user"]): no such file or directory (ENOENT)
Many shells expand '~' to the home directory in unquoted strings. To replicate this behavior, call `expanduser` to expand the '~' character to the user’s home directory.

SciMLBase → SciMLBaseStaticArraysExt 
Failed to precompile SciMLBaseStaticArraysExt [48122e34-4194-5f4b-933d-012f106bf9d6] to "/tmp/julia-ttfx-depot/compiled/v1.14/SciMLBaseStaticArraysExt/jl_CmVUfP" (ProcessExited(1)).

BangBang → BangBangStaticArraysExt 
IOError: could not spawn setenv(`/home/ian/.julia/juliaup/julia-pr62725/bin/julia -C native -J/home/ian/.julia/juliaup/julia-pr62725/lib/julia/sys.so -g1 --startup-file=no --compiled-modules=strict --output-o /tmp/julia-ttfx-depot/compiled/v1.14/BangBangStaticArraysExt/jl_fRNIZ0 --output-ji /tmp/julia-ttfx-depot/compiled/v1.14/BangBangStaticArraysExt/jl_4jlfn7 --output-incremental=yes --startup-file=no --history-file=no --warn-overwrite=yes --color=auto -`,["TERM=tmux-256color", "TTFX_DEPOT_PATH=/tmp/julia-ttfx-depot", "OPENBLAS_NUM_THREADS=1", "OPENBLAS_MAIN_FREE=1", "SHELL=/bin/bash", "SSH_CLIENT=100.104.183.53 58167 22", "JULIA_DEPOT_PATH=/tmp/julia-ttfx-depot:", "OLDPWD=/home/ian/Documents/GitHub/julia", "TMUX=/tmp/tmux-1000/default,1292951,2", "LC_TERMINAL_VERSION=3.6.11", "XDG_RUNTIME_DIR=/run/user/1000", "JULIA_PRECOMPILE_JOBSERVER=/jl_pc_3749826_1", "USER=ian", "LC_TERMINAL=iTerm2", "SHLVL=2", "MAIL=/var/mail/ian", "TERM_PROGRAM=tmux", "LD_LIBRARY_PATH=/usr/local/cuda/lib64:", "_=/home/ian/.juliaup/bin/julia", "LS_COLORS=rs=0:di=01;34:ln=01;36:mh=00:pi=40;33:so=01;35:do=01;35:bd=40;33;01:cd=40;33;01:or=40;31;01:mi=00:su=37;41:sg=30;43:ca=00:tw=30;42:ow=34;42:st=37;44:ex=01;32:*.tar=01;31:*.tgz=01;31:*.arc=01;31:*.arj=01;31:*.taz=01;31:*.lha=01;31:*.lz4=01;31:*.lzh=01;31:*.lzma=01;31:*.tlz=01;31:*.txz=01;31:*.tzo=01;31:*.t7z=01;31:*.zip=01;31:*.z=01;31:*.dz=01;31:*.gz=01;31:*.lrz=01;31:*.lz=01;31:*.lzo=01;31:*.xz=01;31:*.zst=01;31:*.tzst=01;31:*.bz2=01;31:*.bz=01;31:*.tbz=01;31:*.tbz2=01;31:*.tz=01;31:*.deb=01;31:*.rpm=01;31:*.jar=01;31:*.war=01;31:*.ear=01;31:*.sar=01;31:*.rar=01;31:*.alz=01;31:*.ace=01;31:*.zoo=01;31:*.cpio=01;31:*.7z=01;31:*.rz=01;31:*.cab=01;31:*.wim=01;31:*.swm=01;31:*.dwm=01;31:*.esd=01;31:*.avif=01;35:*.jpg=01;35:*.jpeg=01;35:*.mjpg=01;35:*.mjpeg=01;35:*.gif=01;35:*.bmp=01;35:*.pbm=01;35:*.pgm=01;35:*.ppm=01;35:*.tga=01;35:*.xbm=01;35:*.xpm=01;35:*.tif=01;35:*.tiff=01;35:*.png=01;35:*.svg=01;35:*.svgz=01;35:*.mng=01;35:*.pcx=01;35:*.mov=01;35:*.mpg=01;35:*.mpeg=01;35:*.m2v=01;35:*.mkv=01;35:*.webm=01;35:*.webp=01;35:*.ogm=01;35:*.mp4=01;35:*.m4v=01;35:*.mp4v=01;35:*.vob=01;35:*.qt=01;35:*.nuv=01;35:*.wmv=01;35:*.asf=01;35:*.rm=01;35:*.rmvb=01;35:*.flc=01;35:*.avi=01;35:*.fli=01;35:*.flv=01;35:*.gl=01;35:*.dl=01;35:*.xcf=01;35:*.xwd=01;35:*.yuv=01;35:*.cgm=01;35:*.emf=01;35:*.ogv=01;35:*.ogx=01;35:*.aac=00;36:*.au=00;36:*.flac=00;36:*.m4a=00;36:*.mid=00;36:*.midi=00;36:*.mka=00;36:*.mp3=00;36:*.mpc=00;36:*.ogg=00;36:*.ra=00;36:*.wav=00;36:*.oga=00;36:*.opus=00;36:*.spx=00;36:*.xspf=00;36:*~=00;90:*#=00;90:*.bak=00;90:*.crdownload=00;90:*.dpkg-dist=00;90:*.dpkg-new=00;90:*.dpkg-old=00;90:*.dpkg-tmp=00;90:*.old=00;90:*.orig=00;90:*.part=00;90:*.rej=00;90:*.rpmnew=00;90:*.rpmorig=00;90:*.rpmsave=00;90:*.swp=00;90:*.tmp=00;90:*.ucf-dist=00;90:*.ucf-new=00;90:*.ucf-old=00;90:", "LANG=en_US.UTF-8", "LESSCLOSE=/usr/bin/lesspipe %s %s", "SSH_CONNECTION=100.95.84.5 50454 100.82.112.7 22", "TMUX_PANE=%2", "LESSOPEN=| /usr/bin/lesspipe %s", "JULIA_PKG_PRECOMPILE_AUTO=0", "XDG_DATA_DIRS=/usr/share/gnome:/usr/local/share:/usr/share:/var/lib/snapd/desktop", "XDG_SESSION_ID=1677", "PATH=/home/ian/.juliaup/bin:/home/ian/.local/bin:/usr/local/sbin:/usr/local/bin:/usr/sbin:/usr/bin:/sbin:/bin:/usr/games:/usr/local/games:/snap/bin", "SSH_TTY=/dev/pts/1", "LOGNAME=ian", "TERM_PROGRAM_VERSION=3.4", "HUSHLOGIN=FALSE", "XDG_SESSION_TYPE=tty", "DEBUGINFOD_URLS=https://debuginfod.ubuntu.com ", "PWD", "OPENBLAS_DEFAULT_NUM_THREADS=1", "REMOTEHOST=100.104.183.53", "HOME=/home/ian", "JULIA_NUM_THREADS=1", "JULIA_PRECOMP_REPORT_TIMING=1", "DBUS_SESSION_BUS_ADDRESS=unix:path=/run/user/1000/bus", "XDG_SESSION_CLASS=user"]): no such file or directory (ENOENT)
Many shells expand '~' to the home directory in unquoted strings. To replicate this behavior, call `expanduser` to expand the '~' character to the user’s home directory.

LineSearches 
IOError: could not spawn setenv(`/home/ian/.julia/juliaup/julia-pr62725/bin/julia -C native -J/home/ian/.julia/juliaup/julia-pr62725/lib/julia/sys.so -g1 --startup-file=no --compiled-modules=strict --output-o /tmp/julia-ttfx-depot/compiled/v1.14/LineSearches/jl_GL8FtT --output-ji /tmp/julia-ttfx-depot/compiled/v1.14/LineSearches/jl_RnOQGN --output-incremental=yes --startup-file=no --history-file=no --warn-overwrite=yes --color=auto -`,["TERM=tmux-256color", "TTFX_DEPOT_PATH=/tmp/julia-ttfx-depot", "OPENBLAS_NUM_THREADS=1", "OPENBLAS_MAIN_FREE=1", "SHELL=/bin/bash", "SSH_CLIENT=100.104.183.53 58167 22", "JULIA_DEPOT_PATH=/tmp/julia-ttfx-depot:", "OLDPWD=/home/ian/Documents/GitHub/julia", "TMUX=/tmp/tmux-1000/default,1292951,2", "LC_TERMINAL_VERSION=3.6.11", "XDG_RUNTIME_DIR=/run/user/1000", "JULIA_PRECOMPILE_JOBSERVER=/jl_pc_3749826_1", "USER=ian", "LC_TERMINAL=iTerm2", "SHLVL=2", "MAIL=/var/mail/ian", "TERM_PROGRAM=tmux", "LD_LIBRARY_PATH=/usr/local/cuda/lib64:", "_=/home/ian/.juliaup/bin/julia", "LS_COLORS=rs=0:di=01;34:ln=01;36:mh=00:pi=40;33:so=01;35:do=01;35:bd=40;33;01:cd=40;33;01:or=40;31;01:mi=00:su=37;41:sg=30;43:ca=00:tw=30;42:ow=34;42:st=37;44:ex=01;32:*.tar=01;31:*.tgz=01;31:*.arc=01;31:*.arj=01;31:*.taz=01;31:*.lha=01;31:*.lz4=01;31:*.lzh=01;31:*.lzma=01;31:*.tlz=01;31:*.txz=01;31:*.tzo=01;31:*.t7z=01;31:*.zip=01;31:*.z=01;31:*.dz=01;31:*.gz=01;31:*.lrz=01;31:*.lz=01;31:*.lzo=01;31:*.xz=01;31:*.zst=01;31:*.tzst=01;31:*.bz2=01;31:*.bz=01;31:*.tbz=01;31:*.tbz2=01;31:*.tz=01;31:*.deb=01;31:*.rpm=01;31:*.jar=01;31:*.war=01;31:*.ear=01;31:*.sar=01;31:*.rar=01;31:*.alz=01;31:*.ace=01;31:*.zoo=01;31:*.cpio=01;31:*.7z=01;31:*.rz=01;31:*.cab=01;31:*.wim=01;31:*.swm=01;31:*.dwm=01;31:*.esd=01;31:*.avif=01;35:*.jpg=01;35:*.jpeg=01;35:*.mjpg=01;35:*.mjpeg=01;35:*.gif=01;35:*.bmp=01;35:*.pbm=01;35:*.pgm=01;35:*.ppm=01;35:*.tga=01;35:*.xbm=01;35:*.xpm=01;35:*.tif=01;35:*.tiff=01;35:*.png=01;35:*.svg=01;35:*.svgz=01;35:*.mng=01;35:*.pcx=01;35:*.mov=01;35:*.mpg=01;35:*.mpeg=01;35:*.m2v=01;35:*.mkv=01;35:*.webm=01;35:*.webp=01;35:*.ogm=01;35:*.mp4=01;35:*.m4v=01;35:*.mp4v=01;35:*.vob=01;35:*.qt=01;35:*.nuv=01;35:*.wmv=01;35:*.asf=01;35:*.rm=01;35:*.rmvb=01;35:*.flc=01;35:*.avi=01;35:*.fli=01;35:*.flv=01;35:*.gl=01;35:*.dl=01;35:*.xcf=01;35:*.xwd=01;35:*.yuv=01;35:*.cgm=01;35:*.emf=01;35:*.ogv=01;35:*.ogx=01;35:*.aac=00;36:*.au=00;36:*.flac=00;36:*.m4a=00;36:*.mid=00;36:*.midi=00;36:*.mka=00;36:*.mp3=00;36:*.mpc=00;36:*.ogg=00;36:*.ra=00;36:*.wav=00;36:*.oga=00;36:*.opus=00;36:*.spx=00;36:*.xspf=00;36:*~=00;90:*#=00;90:*.bak=00;90:*.crdownload=00;90:*.dpkg-dist=00;90:*.dpkg-new=00;90:*.dpkg-old=00;90:*.dpkg-tmp=00;90:*.old=00;90:*.orig=00;90:*.part=00;90:*.rej=00;90:*.rpmnew=00;90:*.rpmorig=00;90:*.rpmsave=00;90:*.swp=00;90:*.tmp=00;90:*.ucf-dist=00;90:*.ucf-new=00;90:*.ucf-old=00;90:", "LANG=en_US.UTF-8", "LESSCLOSE=/usr/bin/lesspipe %s %s", "SSH_CONNECTION=100.95.84.5 50454 100.82.112.7 22", "TMUX_PANE=%2", "LESSOPEN=| /usr/bin/lesspipe %s", "JULIA_PKG_PRECOMPILE_AUTO=0", "XDG_DATA_DIRS=/usr/share/gnome:/usr/local/share:/usr/share:/var/lib/snapd/desktop", "XDG_SESSION_ID=1677", "PATH=/home/ian/.juliaup/bin:/home/ian/.local/bin:/usr/local/sbin:/usr/local/bin:/usr/sbin:/usr/bin:/sbin:/bin:/usr/games:/usr/local/games:/snap/bin", "SSH_TTY=/dev/pts/1", "LOGNAME=ian", "TERM_PROGRAM_VERSION=3.4", "HUSHLOGIN=FALSE", "XDG_SESSION_TYPE=tty", "DEBUGINFOD_URLS=https://debuginfod.ubuntu.com ", "PWD", "OPENBLAS_DEFAULT_NUM_THREADS=1", "REMOTEHOST=100.104.183.53", "HOME=/home/ian", "JULIA_NUM_THREADS=1", "JULIA_PRECOMP_REPORT_TIMING=1", "DBUS_SESSION_BUS_ADDRESS=unix:path=/run/user/1000/bus", "XDG_SESSION_CLASS=user"]): no such file or directory (ENOENT)
Many shells expand '~' to the home directory in unquoted strings. To replicate this behavior, call `expanduser` to expand the '~' character to the user’s home directory.

OhMyThreads 
IOError: could not spawn setenv(`/home/ian/.julia/juliaup/julia-pr62725/bin/julia -C native -J/home/ian/.julia/juliaup/julia-pr62725/lib/julia/sys.so -g1 --startup-file=no --compiled-modules=strict --output-o /tmp/julia-ttfx-depot/compiled/v1.14/OhMyThreads/jl_VoRPfX --output-ji /tmp/julia-ttfx-depot/compiled/v1.14/OhMyThreads/jl_RgGi1k --output-incremental=yes --startup-file=no --history-file=no --warn-overwrite=yes --color=auto -`,["TERM=tmux-256color", "TTFX_DEPOT_PATH=/tmp/julia-ttfx-depot", "OPENBLAS_NUM_THREADS=1", "OPENBLAS_MAIN_FREE=1", "SHELL=/bin/bash", "SSH_CLIENT=100.104.183.53 58167 22", "JULIA_DEPOT_PATH=/tmp/julia-ttfx-depot:", "OLDPWD=/home/ian/Documents/GitHub/julia", "TMUX=/tmp/tmux-1000/default,1292951,2", "LC_TERMINAL_VERSION=3.6.11", "XDG_RUNTIME_DIR=/run/user/1000", "JULIA_PRECOMPILE_JOBSERVER=/jl_pc_3749826_1", "USER=ian", "LC_TERMINAL=iTerm2", "SHLVL=2", "MAIL=/var/mail/ian", "TERM_PROGRAM=tmux", "LD_LIBRARY_PATH=/usr/local/cuda/lib64:", "_=/home/ian/.juliaup/bin/julia", "LS_COLORS=rs=0:di=01;34:ln=01;36:mh=00:pi=40;33:so=01;35:do=01;35:bd=40;33;01:cd=40;33;01:or=40;31;01:mi=00:su=37;41:sg=30;43:ca=00:tw=30;42:ow=34;42:st=37;44:ex=01;32:*.tar=01;31:*.tgz=01;31:*.arc=01;31:*.arj=01;31:*.taz=01;31:*.lha=01;31:*.lz4=01;31:*.lzh=01;31:*.lzma=01;31:*.tlz=01;31:*.txz=01;31:*.tzo=01;31:*.t7z=01;31:*.zip=01;31:*.z=01;31:*.dz=01;31:*.gz=01;31:*.lrz=01;31:*.lz=01;31:*.lzo=01;31:*.xz=01;31:*.zst=01;31:*.tzst=01;31:*.bz2=01;31:*.bz=01;31:*.tbz=01;31:*.tbz2=01;31:*.tz=01;31:*.deb=01;31:*.rpm=01;31:*.jar=01;31:*.war=01;31:*.ear=01;31:*.sar=01;31:*.rar=01;31:*.alz=01;31:*.ace=01;31:*.zoo=01;31:*.cpio=01;31:*.7z=01;31:*.rz=01;31:*.cab=01;31:*.wim=01;31:*.swm=01;31:*.dwm=01;31:*.esd=01;31:*.avif=01;35:*.jpg=01;35:*.jpeg=01;35:*.mjpg=01;35:*.mjpeg=01;35:*.gif=01;35:*.bmp=01;35:*.pbm=01;35:*.pgm=01;35:*.ppm=01;35:*.tga=01;35:*.xbm=01;35:*.xpm=01;35:*.tif=01;35:*.tiff=01;35:*.png=01;35:*.svg=01;35:*.svgz=01;35:*.mng=01;35:*.pcx=01;35:*.mov=01;35:*.mpg=01;35:*.mpeg=01;35:*.m2v=01;35:*.mkv=01;35:*.webm=01;35:*.webp=01;35:*.ogm=01;35:*.mp4=01;35:*.m4v=01;35:*.mp4v=01;35:*.vob=01;35:*.qt=01;35:*.nuv=01;35:*.wmv=01;35:*.asf=01;35:*.rm=01;35:*.rmvb=01;35:*.flc=01;35:*.avi=01;35:*.fli=01;35:*.flv=01;35:*.gl=01;35:*.dl=01;35:*.xcf=01;35:*.xwd=01;35:*.yuv=01;35:*.cgm=01;35:*.emf=01;35:*.ogv=01;35:*.ogx=01;35:*.aac=00;36:*.au=00;36:*.flac=00;36:*.m4a=00;36:*.mid=00;36:*.midi=00;36:*.mka=00;36:*.mp3=00;36:*.mpc=00;36:*.ogg=00;36:*.ra=00;36:*.wav=00;36:*.oga=00;36:*.opus=00;36:*.spx=00;36:*.xspf=00;36:*~=00;90:*#=00;90:*.bak=00;90:*.crdownload=00;90:*.dpkg-dist=00;90:*.dpkg-new=00;90:*.dpkg-old=00;90:*.dpkg-tmp=00;90:*.old=00;90:*.orig=00;90:*.part=00;90:*.rej=00;90:*.rpmnew=00;90:*.rpmorig=00;90:*.rpmsave=00;90:*.swp=00;90:*.tmp=00;90:*.ucf-dist=00;90:*.ucf-new=00;90:*.ucf-old=00;90:", "LANG=en_US.UTF-8", "LESSCLOSE=/usr/bin/lesspipe %s %s", "SSH_CONNECTION=100.95.84.5 50454 100.82.112.7 22", "TMUX_PANE=%2", "LESSOPEN=| /usr/bin/lesspipe %s", "JULIA_PKG_PRECOMPILE_AUTO=0", "XDG_DATA_DIRS=/usr/share/gnome:/usr/local/share:/usr/share:/var/lib/snapd/desktop", "XDG_SESSION_ID=1677", "PATH=/home/ian/.juliaup/bin:/home/ian/.local/bin:/usr/local/sbin:/usr/local/bin:/usr/sbin:/usr/bin:/sbin:/bin:/usr/games:/usr/local/games:/snap/bin", "SSH_TTY=/dev/pts/1", "LOGNAME=ian", "TERM_PROGRAM_VERSION=3.4", "HUSHLOGIN=FALSE", "XDG_SESSION_TYPE=tty", "DEBUGINFOD_URLS=https://debuginfod.ubuntu.com ", "PWD", "OPENBLAS_DEFAULT_NUM_THREADS=1", "REMOTEHOST=100.104.183.53", "HOME=/home/ian", "JULIA_NUM_THREADS=1", "JULIA_PRECOMP_REPORT_TIMING=1", "DBUS_SESSION_BUS_ADDRESS=unix:path=/run/user/1000/bus", "XDG_SESSION_CLASS=user"]): no such file or directory (ENOENT)
Many shells expand '~' to the home directory in unquoted strings. To replicate this behavior, call `expanduser` to expand the '~' character to the user’s home directory.

KrylovKit 
IOError: could not spawn setenv(`/home/ian/.julia/juliaup/julia-pr62725/bin/julia -C native -J/home/ian/.julia/juliaup/julia-pr62725/lib/julia/sys.so -g1 --startup-file=no --compiled-modules=strict --output-o /tmp/julia-ttfx-depot/compiled/v1.14/KrylovKit/jl_6hl6fH --output-ji /tmp/julia-ttfx-depot/compiled/v1.14/KrylovKit/jl_pl555t --output-incremental=yes --startup-file=no --history-file=no --warn-overwrite=yes --color=auto -`,["TERM=tmux-256color", "TTFX_DEPOT_PATH=/tmp/julia-ttfx-depot", "OPENBLAS_NUM_THREADS=1", "OPENBLAS_MAIN_FREE=1", "SHELL=/bin/bash", "SSH_CLIENT=100.104.183.53 58167 22", "JULIA_DEPOT_PATH=/tmp/julia-ttfx-depot:", "OLDPWD=/home/ian/Documents/GitHub/julia", "TMUX=/tmp/tmux-1000/default,1292951,2", "LC_TERMINAL_VERSION=3.6.11", "XDG_RUNTIME_DIR=/run/user/1000", "JULIA_PRECOMPILE_JOBSERVER=/jl_pc_3749826_1", "USER=ian", "LC_TERMINAL=iTerm2", "SHLVL=2", "MAIL=/var/mail/ian", "TERM_PROGRAM=tmux", "LD_LIBRARY_PATH=/usr/local/cuda/lib64:", "_=/home/ian/.juliaup/bin/julia", "LS_COLORS=rs=0:di=01;34:ln=01;36:mh=00:pi=40;33:so=01;35:do=01;35:bd=40;33;01:cd=40;33;01:or=40;31;01:mi=00:su=37;41:sg=30;43:ca=00:tw=30;42:ow=34;42:st=37;44:ex=01;32:*.tar=01;31:*.tgz=01;31:*.arc=01;31:*.arj=01;31:*.taz=01;31:*.lha=01;31:*.lz4=01;31:*.lzh=01;31:*.lzma=01;31:*.tlz=01;31:*.txz=01;31:*.tzo=01;31:*.t7z=01;31:*.zip=01;31:*.z=01;31:*.dz=01;31:*.gz=01;31:*.lrz=01;31:*.lz=01;31:*.lzo=01;31:*.xz=01;31:*.zst=01;31:*.tzst=01;31:*.bz2=01;31:*.bz=01;31:*.tbz=01;31:*.tbz2=01;31:*.tz=01;31:*.deb=01;31:*.rpm=01;31:*.jar=01;31:*.war=01;31:*.ear=01;31:*.sar=01;31:*.rar=01;31:*.alz=01;31:*.ace=01;31:*.zoo=01;31:*.cpio=01;31:*.7z=01;31:*.rz=01;31:*.cab=01;31:*.wim=01;31:*.swm=01;31:*.dwm=01;31:*.esd=01;31:*.avif=01;35:*.jpg=01;35:*.jpeg=01;35:*.mjpg=01;35:*.mjpeg=01;35:*.gif=01;35:*.bmp=01;35:*.pbm=01;35:*.pgm=01;35:*.ppm=01;35:*.tga=01;35:*.xbm=01;35:*.xpm=01;35:*.tif=01;35:*.tiff=01;35:*.png=01;35:*.svg=01;35:*.svgz=01;35:*.mng=01;35:*.pcx=01;35:*.mov=01;35:*.mpg=01;35:*.mpeg=01;35:*.m2v=01;35:*.mkv=01;35:*.webm=01;35:*.webp=01;35:*.ogm=01;35:*.mp4=01;35:*.m4v=01;35:*.mp4v=01;35:*.vob=01;35:*.qt=01;35:*.nuv=01;35:*.wmv=01;35:*.asf=01;35:*.rm=01;35:*.rmvb=01;35:*.flc=01;35:*.avi=01;35:*.fli=01;35:*.flv=01;35:*.gl=01;35:*.dl=01;35:*.xcf=01;35:*.xwd=01;35:*.yuv=01;35:*.cgm=01;35:*.emf=01;35:*.ogv=01;35:*.ogx=01;35:*.aac=00;36:*.au=00;36:*.flac=00;36:*.m4a=00;36:*.mid=00;36:*.midi=00;36:*.mka=00;36:*.mp3=00;36:*.mpc=00;36:*.ogg=00;36:*.ra=00;36:*.wav=00;36:*.oga=00;36:*.opus=00;36:*.spx=00;36:*.xspf=00;36:*~=00;90:*#=00;90:*.bak=00;90:*.crdownload=00;90:*.dpkg-dist=00;90:*.dpkg-new=00;90:*.dpkg-old=00;90:*.dpkg-tmp=00;90:*.old=00;90:*.orig=00;90:*.part=00;90:*.rej=00;90:*.rpmnew=00;90:*.rpmorig=00;90:*.rpmsave=00;90:*.swp=00;90:*.tmp=00;90:*.ucf-dist=00;90:*.ucf-new=00;90:*.ucf-old=00;90:", "LANG=en_US.UTF-8", "LESSCLOSE=/usr/bin/lesspipe %s %s", "SSH_CONNECTION=100.95.84.5 50454 100.82.112.7 22", "TMUX_PANE=%2", "LESSOPEN=| /usr/bin/lesspipe %s", "JULIA_PKG_PRECOMPILE_AUTO=0", "XDG_DATA_DIRS=/usr/share/gnome:/usr/local/share:/usr/share:/var/lib/snapd/desktop", "XDG_SESSION_ID=1677", "PATH=/home/ian/.juliaup/bin:/home/ian/.local/bin:/usr/local/sbin:/usr/local/bin:/usr/sbin:/usr/bin:/sbin:/bin:/usr/games:/usr/local/games:/snap/bin", "SSH_TTY=/dev/pts/1", "LOGNAME=ian", "TERM_PROGRAM_VERSION=3.4", "HUSHLOGIN=FALSE", "XDG_SESSION_TYPE=tty", "DEBUGINFOD_URLS=https://debuginfod.ubuntu.com ", "PWD", "OPENBLAS_DEFAULT_NUM_THREADS=1", "REMOTEHOST=100.104.183.53", "HOME=/home/ian", "JULIA_NUM_THREADS=1", "JULIA_PRECOMP_REPORT_TIMING=1", "DBUS_SESSION_BUS_ADDRESS=unix:path=/run/user/1000/bus", "XDG_SESSION_CLASS=user"]): no such file or directory (ENOENT)
Many shells expand '~' to the home directory in unquoted strings. To replicate this behavior, call `expanduser` to expand the '~' character to the user’s home directory.

OpenSpecFun_jll 
IOError: could not spawn setenv(`/home/ian/.julia/juliaup/julia-pr62725/bin/julia -C native -J/home/ian/.julia/juliaup/julia-pr62725/lib/julia/sys.so -g1 --startup-file=no --compiled-modules=strict --output-o /tmp/julia-ttfx-depot/compiled/v1.14/OpenSpecFun_jll/jl_IR9yFv --output-ji /tmp/julia-ttfx-depot/compiled/v1.14/OpenSpecFun_jll/jl_O37z52 --output-incremental=yes --startup-file=no --history-file=no --warn-overwrite=yes --color=auto -`,["TERM=tmux-256color", "TTFX_DEPOT_PATH=/tmp/julia-ttfx-depot", "OPENBLAS_NUM_THREADS=1", "OPENBLAS_MAIN_FREE=1", "SHELL=/bin/bash", "SSH_CLIENT=100.104.183.53 58167 22", "JULIA_DEPOT_PATH=/tmp/julia-ttfx-depot:", "OLDPWD=/home/ian/Documents/GitHub/julia", "TMUX=/tmp/tmux-1000/default,1292951,2", "LC_TERMINAL_VERSION=3.6.11", "XDG_RUNTIME_DIR=/run/user/1000", "JULIA_PRECOMPILE_JOBSERVER=/jl_pc_3749826_1", "USER=ian", "LC_TERMINAL=iTerm2", "SHLVL=2", "MAIL=/var/mail/ian", "TERM_PROGRAM=tmux", "LD_LIBRARY_PATH=/usr/local/cuda/lib64:", "_=/home/ian/.juliaup/bin/julia", "LS_COLORS=rs=0:di=01;34:ln=01;36:mh=00:pi=40;33:so=01;35:do=01;35:bd=40;33;01:cd=40;33;01:or=40;31;01:mi=00:su=37;41:sg=30;43:ca=00:tw=30;42:ow=34;42:st=37;44:ex=01;32:*.tar=01;31:*.tgz=01;31:*.arc=01;31:*.arj=01;31:*.taz=01;31:*.lha=01;31:*.lz4=01;31:*.lzh=01;31:*.lzma=01;31:*.tlz=01;31:*.txz=01;31:*.tzo=01;31:*.t7z=01;31:*.zip=01;31:*.z=01;31:*.dz=01;31:*.gz=01;31:*.lrz=01;31:*.lz=01;31:*.lzo=01;31:*.xz=01;31:*.zst=01;31:*.tzst=01;31:*.bz2=01;31:*.bz=01;31:*.tbz=01;31:*.tbz2=01;31:*.tz=01;31:*.deb=01;31:*.rpm=01;31:*.jar=01;31:*.war=01;31:*.ear=01;31:*.sar=01;31:*.rar=01;31:*.alz=01;31:*.ace=01;31:*.zoo=01;31:*.cpio=01;31:*.7z=01;31:*.rz=01;31:*.cab=01;31:*.wim=01;31:*.swm=01;31:*.dwm=01;31:*.esd=01;31:*.avif=01;35:*.jpg=01;35:*.jpeg=01;35:*.mjpg=01;35:*.mjpeg=01;35:*.gif=01;35:*.bmp=01;35:*.pbm=01;35:*.pgm=01;35:*.ppm=01;35:*.tga=01;35:*.xbm=01;35:*.xpm=01;35:*.tif=01;35:*.tiff=01;35:*.png=01;35:*.svg=01;35:*.svgz=01;35:*.mng=01;35:*.pcx=01;35:*.mov=01;35:*.mpg=01;35:*.mpeg=01;35:*.m2v=01;35:*.mkv=01;35:*.webm=01;35:*.webp=01;35:*.ogm=01;35:*.mp4=01;35:*.m4v=01;35:*.mp4v=01;35:*.vob=01;35:*.qt=01;35:*.nuv=01;35:*.wmv=01;35:*.asf=01;35:*.rm=01;35:*.rmvb=01;35:*.flc=01;35:*.avi=01;35:*.fli=01;35:*.flv=01;35:*.gl=01;35:*.dl=01;35:*.xcf=01;35:*.xwd=01;35:*.yuv=01;35:*.cgm=01;35:*.emf=01;35:*.ogv=01;35:*.ogx=01;35:*.aac=00;36:*.au=00;36:*.flac=00;36:*.m4a=00;36:*.mid=00;36:*.midi=00;36:*.mka=00;36:*.mp3=00;36:*.mpc=00;36:*.ogg=00;36:*.ra=00;36:*.wav=00;36:*.oga=00;36:*.opus=00;36:*.spx=00;36:*.xspf=00;36:*~=00;90:*#=00;90:*.bak=00;90:*.crdownload=00;90:*.dpkg-dist=00;90:*.dpkg-new=00;90:*.dpkg-old=00;90:*.dpkg-tmp=00;90:*.old=00;90:*.orig=00;90:*.part=00;90:*.rej=00;90:*.rpmnew=00;90:*.rpmorig=00;90:*.rpmsave=00;90:*.swp=00;90:*.tmp=00;90:*.ucf-dist=00;90:*.ucf-new=00;90:*.ucf-old=00;90:", "LANG=en_US.UTF-8", "LESSCLOSE=/usr/bin/lesspipe %s %s", "SSH_CONNECTION=100.95.84.5 50454 100.82.112.7 22", "TMUX_PANE=%2", "LESSOPEN=| /usr/bin/lesspipe %s", "JULIA_PKG_PRECOMPILE_AUTO=0", "XDG_DATA_DIRS=/usr/share/gnome:/usr/local/share:/usr/share:/var/lib/snapd/desktop", "XDG_SESSION_ID=1677", "PATH=/home/ian/.juliaup/bin:/home/ian/.local/bin:/usr/local/sbin:/usr/local/bin:/usr/sbin:/usr/bin:/sbin:/bin:/usr/games:/usr/local/games:/snap/bin", "SSH_TTY=/dev/pts/1", "LOGNAME=ian", "TERM_PROGRAM_VERSION=3.4", "HUSHLOGIN=FALSE", "XDG_SESSION_TYPE=tty", "DEBUGINFOD_URLS=https://debuginfod.ubuntu.com ", "PWD", "OPENBLAS_DEFAULT_NUM_THREADS=1", "REMOTEHOST=100.104.183.53", "HOME=/home/ian", "JULIA_NUM_THREADS=1", "JULIA_PRECOMP_REPORT_TIMING=1", "DBUS_SESSION_BUS_ADDRESS=unix:path=/run/user/1000/bus", "XDG_SESSION_CLASS=user"]): no such file or directory (ENOENT)
Many shells expand '~' to the home directory in unquoted strings. To replicate this behavior, call `expanduser` to expand the '~' character to the user’s home directory.

Setfield 
IOError: could not spawn setenv(`/home/ian/.julia/juliaup/julia-pr62725/bin/julia -C native -J/home/ian/.julia/juliaup/julia-pr62725/lib/julia/sys.so -g1 --startup-file=no --compiled-modules=strict --output-o /tmp/julia-ttfx-depot/compiled/v1.14/Setfield/jl_Df24IS --output-ji /tmp/julia-ttfx-depot/compiled/v1.14/Setfield/jl_6GTFoI --output-incremental=yes --startup-file=no --history-file=no --warn-overwrite=yes --color=auto -`,["TERM=tmux-256color", "TTFX_DEPOT_PATH=/tmp/julia-ttfx-depot", "OPENBLAS_NUM_THREADS=1", "OPENBLAS_MAIN_FREE=1", "SHELL=/bin/bash", "SSH_CLIENT=100.104.183.53 58167 22", "JULIA_DEPOT_PATH=/tmp/julia-ttfx-depot:", "OLDPWD=/home/ian/Documents/GitHub/julia", "TMUX=/tmp/tmux-1000/default,1292951,2", "LC_TERMINAL_VERSION=3.6.11", "XDG_RUNTIME_DIR=/run/user/1000", "JULIA_PRECOMPILE_JOBSERVER=/jl_pc_3749826_1", "USER=ian", "LC_TERMINAL=iTerm2", "SHLVL=2", "MAIL=/var/mail/ian", "TERM_PROGRAM=tmux", "LD_LIBRARY_PATH=/usr/local/cuda/lib64:", "_=/home/ian/.juliaup/bin/julia", "LS_COLORS=rs=0:di=01;34:ln=01;36:mh=00:pi=40;33:so=01;35:do=01;35:bd=40;33;01:cd=40;33;01:or=40;31;01:mi=00:su=37;41:sg=30;43:ca=00:tw=30;42:ow=34;42:st=37;44:ex=01;32:*.tar=01;31:*.tgz=01;31:*.arc=01;31:*.arj=01;31:*.taz=01;31:*.lha=01;31:*.lz4=01;31:*.lzh=01;31:*.lzma=01;31:*.tlz=01;31:*.txz=01;31:*.tzo=01;31:*.t7z=01;31:*.zip=01;31:*.z=01;31:*.dz=01;31:*.gz=01;31:*.lrz=01;31:*.lz=01;31:*.lzo=01;31:*.xz=01;31:*.zst=01;31:*.tzst=01;31:*.bz2=01;31:*.bz=01;31:*.tbz=01;31:*.tbz2=01;31:*.tz=01;31:*.deb=01;31:*.rpm=01;31:*.jar=01;31:*.war=01;31:*.ear=01;31:*.sar=01;31:*.rar=01;31:*.alz=01;31:*.ace=01;31:*.zoo=01;31:*.cpio=01;31:*.7z=01;31:*.rz=01;31:*.cab=01;31:*.wim=01;31:*.swm=01;31:*.dwm=01;31:*.esd=01;31:*.avif=01;35:*.jpg=01;35:*.jpeg=01;35:*.mjpg=01;35:*.mjpeg=01;35:*.gif=01;35:*.bmp=01;35:*.pbm=01;35:*.pgm=01;35:*.ppm=01;35:*.tga=01;35:*.xbm=01;35:*.xpm=01;35:*.tif=01;35:*.tiff=01;35:*.png=01;35:*.svg=01;35:*.svgz=01;35:*.mng=01;35:*.pcx=01;35:*.mov=01;35:*.mpg=01;35:*.mpeg=01;35:*.m2v=01;35:*.mkv=01;35:*.webm=01;35:*.webp=01;35:*.ogm=01;35:*.mp4=01;35:*.m4v=01;35:*.mp4v=01;35:*.vob=01;35:*.qt=01;35:*.nuv=01;35:*.wmv=01;35:*.asf=01;35:*.rm=01;35:*.rmvb=01;35:*.flc=01;35:*.avi=01;35:*.fli=01;35:*.flv=01;35:*.gl=01;35:*.dl=01;35:*.xcf=01;35:*.xwd=01;35:*.yuv=01;35:*.cgm=01;35:*.emf=01;35:*.ogv=01;35:*.ogx=01;35:*.aac=00;36:*.au=00;36:*.flac=00;36:*.m4a=00;36:*.mid=00;36:*.midi=00;36:*.mka=00;36:*.mp3=00;36:*.mpc=00;36:*.ogg=00;36:*.ra=00;36:*.wav=00;36:*.oga=00;36:*.opus=00;36:*.spx=00;36:*.xspf=00;36:*~=00;90:*#=00;90:*.bak=00;90:*.crdownload=00;90:*.dpkg-dist=00;90:*.dpkg-new=00;90:*.dpkg-old=00;90:*.dpkg-tmp=00;90:*.old=00;90:*.orig=00;90:*.part=00;90:*.rej=00;90:*.rpmnew=00;90:*.rpmorig=00;90:*.rpmsave=00;90:*.swp=00;90:*.tmp=00;90:*.ucf-dist=00;90:*.ucf-new=00;90:*.ucf-old=00;90:", "LANG=en_US.UTF-8", "LESSCLOSE=/usr/bin/lesspipe %s %s", "SSH_CONNECTION=100.95.84.5 50454 100.82.112.7 22", "TMUX_PANE=%2", "LESSOPEN=| /usr/bin/lesspipe %s", "JULIA_PKG_PRECOMPILE_AUTO=0", "XDG_DATA_DIRS=/usr/share/gnome:/usr/local/share:/usr/share:/var/lib/snapd/desktop", "XDG_SESSION_ID=1677", "PATH=/home/ian/.juliaup/bin:/home/ian/.local/bin:/usr/local/sbin:/usr/local/bin:/usr/sbin:/usr/bin:/sbin:/bin:/usr/games:/usr/local/games:/snap/bin", "SSH_TTY=/dev/pts/1", "LOGNAME=ian", "TERM_PROGRAM_VERSION=3.4", "HUSHLOGIN=FALSE", "XDG_SESSION_TYPE=tty", "DEBUGINFOD_URLS=https://debuginfod.ubuntu.com ", "PWD", "OPENBLAS_DEFAULT_NUM_THREADS=1", "REMOTEHOST=100.104.183.53", "HOME=/home/ian", "JULIA_NUM_THREADS=1", "JULIA_PRECOMP_REPORT_TIMING=1", "DBUS_SESSION_BUS_ADDRESS=unix:path=/run/user/1000/bus", "XDG_SESSION_CLASS=user"]): no such file or directory (ENOENT)
Many shells expand '~' to the home directory in unquoted strings. To replicate this behavior, call `expanduser` to expand the '~' character to the user’s home directory.

RecursiveArrayTools 
IOError: could not spawn setenv(`/home/ian/.julia/juliaup/julia-pr62725/bin/julia -C native -J/home/ian/.julia/juliaup/julia-pr62725/lib/julia/sys.so -g1 --startup-file=no --compiled-modules=strict --output-o /tmp/julia-ttfx-depot/compiled/v1.14/RecursiveArrayTools/jl_U2UvDh --output-ji /tmp/julia-ttfx-depot/compiled/v1.14/RecursiveArrayTools/jl_bf33Lr --output-incremental=yes --startup-file=no --history-file=no --warn-overwrite=yes --color=auto -`,["TERM=tmux-256color", "TTFX_DEPOT_PATH=/tmp/julia-ttfx-depot", "OPENBLAS_NUM_THREADS=1", "OPENBLAS_MAIN_FREE=1", "SHELL=/bin/bash", "SSH_CLIENT=100.104.183.53 58167 22", "JULIA_DEPOT_PATH=/tmp/julia-ttfx-depot:", "OLDPWD=/home/ian/Documents/GitHub/julia", "TMUX=/tmp/tmux-1000/default,1292951,2", "LC_TERMINAL_VERSION=3.6.11", "XDG_RUNTIME_DIR=/run/user/1000", "JULIA_PRECOMPILE_JOBSERVER=/jl_pc_3749826_1", "USER=ian", "LC_TERMINAL=iTerm2", "SHLVL=2", "MAIL=/var/mail/ian", "TERM_PROGRAM=tmux", "LD_LIBRARY_PATH=/usr/local/cuda/lib64:", "_=/home/ian/.juliaup/bin/julia", "LS_COLORS=rs=0:di=01;34:ln=01;36:mh=00:pi=40;33:so=01;35:do=01;35:bd=40;33;01:cd=40;33;01:or=40;31;01:mi=00:su=37;41:sg=30;43:ca=00:tw=30;42:ow=34;42:st=37;44:ex=01;32:*.tar=01;31:*.tgz=01;31:*.arc=01;31:*.arj=01;31:*.taz=01;31:*.lha=01;31:*.lz4=01;31:*.lzh=01;31:*.lzma=01;31:*.tlz=01;31:*.txz=01;31:*.tzo=01;31:*.t7z=01;31:*.zip=01;31:*.z=01;31:*.dz=01;31:*.gz=01;31:*.lrz=01;31:*.lz=01;31:*.lzo=01;31:*.xz=01;31:*.zst=01;31:*.tzst=01;31:*.bz2=01;31:*.bz=01;31:*.tbz=01;31:*.tbz2=01;31:*.tz=01;31:*.deb=01;31:*.rpm=01;31:*.jar=01;31:*.war=01;31:*.ear=01;31:*.sar=01;31:*.rar=01;31:*.alz=01;31:*.ace=01;31:*.zoo=01;31:*.cpio=01;31:*.7z=01;31:*.rz=01;31:*.cab=01;31:*.wim=01;31:*.swm=01;31:*.dwm=01;31:*.esd=01;31:*.avif=01;35:*.jpg=01;35:*.jpeg=01;35:*.mjpg=01;35:*.mjpeg=01;35:*.gif=01;35:*.bmp=01;35:*.pbm=01;35:*.pgm=01;35:*.ppm=01;35:*.tga=01;35:*.xbm=01;35:*.xpm=01;35:*.tif=01;35:*.tiff=01;35:*.png=01;35:*.svg=01;35:*.svgz=01;35:*.mng=01;35:*.pcx=01;35:*.mov=01;35:*.mpg=01;35:*.mpeg=01;35:*.m2v=01;35:*.mkv=01;35:*.webm=01;35:*.webp=01;35:*.ogm=01;35:*.mp4=01;35:*.m4v=01;35:*.mp4v=01;35:*.vob=01;35:*.qt=01;35:*.nuv=01;35:*.wmv=01;35:*.asf=01;35:*.rm=01;35:*.rmvb=01;35:*.flc=01;35:*.avi=01;35:*.fli=01;35:*.flv=01;35:*.gl=01;35:*.dl=01;35:*.xcf=01;35:*.xwd=01;35:*.yuv=01;35:*.cgm=01;35:*.emf=01;35:*.ogv=01;35:*.ogx=01;35:*.aac=00;36:*.au=00;36:*.flac=00;36:*.m4a=00;36:*.mid=00;36:*.midi=00;36:*.mka=00;36:*.mp3=00;36:*.mpc=00;36:*.ogg=00;36:*.ra=00;36:*.wav=00;36:*.oga=00;36:*.opus=00;36:*.spx=00;36:*.xspf=00;36:*~=00;90:*#=00;90:*.bak=00;90:*.crdownload=00;90:*.dpkg-dist=00;90:*.dpkg-new=00;90:*.dpkg-old=00;90:*.dpkg-tmp=00;90:*.old=00;90:*.orig=00;90:*.part=00;90:*.rej=00;90:*.rpmnew=00;90:*.rpmorig=00;90:*.rpmsave=00;90:*.swp=00;90:*.tmp=00;90:*.ucf-dist=00;90:*.ucf-new=00;90:*.ucf-old=00;90:", "LANG=en_US.UTF-8", "LESSCLOSE=/usr/bin/lesspipe %s %s", "SSH_CONNECTION=100.95.84.5 50454 100.82.112.7 22", "TMUX_PANE=%2", "LESSOPEN=| /usr/bin/lesspipe %s", "JULIA_PKG_PRECOMPILE_AUTO=0", "XDG_DATA_DIRS=/usr/share/gnome:/usr/local/share:/usr/share:/var/lib/snapd/desktop", "XDG_SESSION_ID=1677", "PATH=/home/ian/.juliaup/bin:/home/ian/.local/bin:/usr/local/sbin:/usr/local/bin:/usr/sbin:/usr/bin:/sbin:/bin:/usr/games:/usr/local/games:/snap/bin", "SSH_TTY=/dev/pts/1", "LOGNAME=ian", "TERM_PROGRAM_VERSION=3.4", "HUSHLOGIN=FALSE", "XDG_SESSION_TYPE=tty", "DEBUGINFOD_URLS=https://debuginfod.ubuntu.com ", "PWD", "OPENBLAS_DEFAULT_NUM_THREADS=1", "REMOTEHOST=100.104.183.53", "HOME=/home/ian", "JULIA_NUM_THREADS=1", "JULIA_PRECOMP_REPORT_TIMING=1", "DBUS_SESSION_BUS_ADDRESS=unix:path=/run/user/1000/bus", "XDG_SESSION_CLASS=user"]): no such file or directory (ENOENT)
Many shells expand '~' to the home directory in unquoted strings. To replicate this behavior, call `expanduser` to expand the '~' character to the user’s home directory.

SciMLOperators 
IOError: could not spawn setenv(`/home/ian/.julia/juliaup/julia-pr62725/bin/julia -C native -J/home/ian/.julia/juliaup/julia-pr62725/lib/julia/sys.so -g1 --startup-file=no --compiled-modules=strict --output-o /tmp/julia-ttfx-depot/compiled/v1.14/SciMLOperators/jl_V4o4BK --output-ji /tmp/julia-ttfx-depot/compiled/v1.14/SciMLOperators/jl_8QBXz9 --output-incremental=yes --startup-file=no --history-file=no --warn-overwrite=yes --color=auto -`,["TERM=tmux-256color", "TTFX_DEPOT_PATH=/tmp/julia-ttfx-depot", "OPENBLAS_NUM_THREADS=1", "OPENBLAS_MAIN_FREE=1", "SHELL=/bin/bash", "SSH_CLIENT=100.104.183.53 58167 22", "JULIA_DEPOT_PATH=/tmp/julia-ttfx-depot:", "OLDPWD=/home/ian/Documents/GitHub/julia", "TMUX=/tmp/tmux-1000/default,1292951,2", "LC_TERMINAL_VERSION=3.6.11", "XDG_RUNTIME_DIR=/run/user/1000", "JULIA_PRECOMPILE_JOBSERVER=/jl_pc_3749826_1", "USER=ian", "LC_TERMINAL=iTerm2", "SHLVL=2", "MAIL=/var/mail/ian", "TERM_PROGRAM=tmux", "LD_LIBRARY_PATH=/usr/local/cuda/lib64:", "_=/home/ian/.juliaup/bin/julia", "LS_COLORS=rs=0:di=01;34:ln=01;36:mh=00:pi=40;33:so=01;35:do=01;35:bd=40;33;01:cd=40;33;01:or=40;31;01:mi=00:su=37;41:sg=30;43:ca=00:tw=30;42:ow=34;42:st=37;44:ex=01;32:*.tar=01;31:*.tgz=01;31:*.arc=01;31:*.arj=01;31:*.taz=01;31:*.lha=01;31:*.lz4=01;31:*.lzh=01;31:*.lzma=01;31:*.tlz=01;31:*.txz=01;31:*.tzo=01;31:*.t7z=01;31:*.zip=01;31:*.z=01;31:*.dz=01;31:*.gz=01;31:*.lrz=01;31:*.lz=01;31:*.lzo=01;31:*.xz=01;31:*.zst=01;31:*.tzst=01;31:*.bz2=01;31:*.bz=01;31:*.tbz=01;31:*.tbz2=01;31:*.tz=01;31:*.deb=01;31:*.rpm=01;31:*.jar=01;31:*.war=01;31:*.ear=01;31:*.sar=01;31:*.rar=01;31:*.alz=01;31:*.ace=01;31:*.zoo=01;31:*.cpio=01;31:*.7z=01;31:*.rz=01;31:*.cab=01;31:*.wim=01;31:*.swm=01;31:*.dwm=01;31:*.esd=01;31:*.avif=01;35:*.jpg=01;35:*.jpeg=01;35:*.mjpg=01;35:*.mjpeg=01;35:*.gif=01;35:*.bmp=01;35:*.pbm=01;35:*.pgm=01;35:*.ppm=01;35:*.tga=01;35:*.xbm=01;35:*.xpm=01;35:*.tif=01;35:*.tiff=01;35:*.png=01;35:*.svg=01;35:*.svgz=01;35:*.mng=01;35:*.pcx=01;35:*.mov=01;35:*.mpg=01;35:*.mpeg=01;35:*.m2v=01;35:*.mkv=01;35:*.webm=01;35:*.webp=01;35:*.ogm=01;35:*.mp4=01;35:*.m4v=01;35:*.mp4v=01;35:*.vob=01;35:*.qt=01;35:*.nuv=01;35:*.wmv=01;35:*.asf=01;35:*.rm=01;35:*.rmvb=01;35:*.flc=01;35:*.avi=01;35:*.fli=01;35:*.flv=01;35:*.gl=01;35:*.dl=01;35:*.xcf=01;35:*.xwd=01;35:*.yuv=01;35:*.cgm=01;35:*.emf=01;35:*.ogv=01;35:*.ogx=01;35:*.aac=00;36:*.au=00;36:*.flac=00;36:*.m4a=00;36:*.mid=00;36:*.midi=00;36:*.mka=00;36:*.mp3=00;36:*.mpc=00;36:*.ogg=00;36:*.ra=00;36:*.wav=00;36:*.oga=00;36:*.opus=00;36:*.spx=00;36:*.xspf=00;36:*~=00;90:*#=00;90:*.bak=00;90:*.crdownload=00;90:*.dpkg-dist=00;90:*.dpkg-new=00;90:*.dpkg-old=00;90:*.dpkg-tmp=00;90:*.old=00;90:*.orig=00;90:*.part=00;90:*.rej=00;90:*.rpmnew=00;90:*.rpmorig=00;90:*.rpmsave=00;90:*.swp=00;90:*.tmp=00;90:*.ucf-dist=00;90:*.ucf-new=00;90:*.ucf-old=00;90:", "LANG=en_US.UTF-8", "LESSCLOSE=/usr/bin/lesspipe %s %s", "SSH_CONNECTION=100.95.84.5 50454 100.82.112.7 22", "TMUX_PANE=%2", "LESSOPEN=| /usr/bin/lesspipe %s", "JULIA_PKG_PRECOMPILE_AUTO=0", "XDG_DATA_DIRS=/usr/share/gnome:/usr/local/share:/usr/share:/var/lib/snapd/desktop", "XDG_SESSION_ID=1677", "PATH=/home/ian/.juliaup/bin:/home/ian/.local/bin:/usr/local/sbin:/usr/local/bin:/usr/sbin:/usr/bin:/sbin:/bin:/usr/games:/usr/local/games:/snap/bin", "SSH_TTY=/dev/pts/1", "LOGNAME=ian", "TERM_PROGRAM_VERSION=3.4", "HUSHLOGIN=FALSE", "XDG_SESSION_TYPE=tty", "DEBUGINFOD_URLS=https://debuginfod.ubuntu.com ", "PWD", "OPENBLAS_DEFAULT_NUM_THREADS=1", "REMOTEHOST=100.104.183.53", "HOME=/home/ian", "JULIA_NUM_THREADS=1", "JULIA_PRECOMP_REPORT_TIMING=1", "DBUS_SESSION_BUS_ADDRESS=unix:path=/run/user/1000/bus", "XDG_SESSION_CLASS=user"]): no such file or directory (ENOENT)
Many shells expand '~' to the home directory in unquoted strings. To replicate this behavior, call `expanduser` to expand the '~' character to the user’s home directory.

NonlinearSolveBase → NonlinearSolveBaseLineSearchExt 
Failed to precompile NonlinearSolveBaseLineSearchExt [bfbc3ada-b3b5-533b-8531-d364554cb6ac] to "/tmp/julia-ttfx-depot/compiled/v1.14/NonlinearSolveBaseLineSearchExt/jl_79q0Td" (ProcessExited(1)).

TableTraits 
IOError: could not spawn setenv(`/home/ian/.julia/juliaup/julia-pr62725/bin/julia -C native -J/home/ian/.julia/juliaup/julia-pr62725/lib/julia/sys.so -g1 --startup-file=no --compiled-modules=strict --output-o /tmp/julia-ttfx-depot/compiled/v1.14/TableTraits/jl_UpxPhX --output-ji /tmp/julia-ttfx-depot/compiled/v1.14/TableTraits/jl_WMPVlB --output-incremental=yes --startup-file=no --history-file=no --warn-overwrite=yes --color=auto -`,["TERM=tmux-256color", "TTFX_DEPOT_PATH=/tmp/julia-ttfx-depot", "OPENBLAS_NUM_THREADS=1", "OPENBLAS_MAIN_FREE=1", "SHELL=/bin/bash", "SSH_CLIENT=100.104.183.53 58167 22", "JULIA_DEPOT_PATH=/tmp/julia-ttfx-depot:", "OLDPWD=/home/ian/Documents/GitHub/julia", "TMUX=/tmp/tmux-1000/default,1292951,2", "LC_TERMINAL_VERSION=3.6.11", "XDG_RUNTIME_DIR=/run/user/1000", "JULIA_PRECOMPILE_JOBSERVER=/jl_pc_3749826_1", "USER=ian", "LC_TERMINAL=iTerm2", "SHLVL=2", "MAIL=/var/mail/ian", "TERM_PROGRAM=tmux", "LD_LIBRARY_PATH=/usr/local/cuda/lib64:", "_=/home/ian/.juliaup/bin/julia", "LS_COLORS=rs=0:di=01;34:ln=01;36:mh=00:pi=40;33:so=01;35:do=01;35:bd=40;33;01:cd=40;33;01:or=40;31;01:mi=00:su=37;41:sg=30;43:ca=00:tw=30;42:ow=34;42:st=37;44:ex=01;32:*.tar=01;31:*.tgz=01;31:*.arc=01;31:*.arj=01;31:*.taz=01;31:*.lha=01;31:*.lz4=01;31:*.lzh=01;31:*.lzma=01;31:*.tlz=01;31:*.txz=01;31:*.tzo=01;31:*.t7z=01;31:*.zip=01;31:*.z=01;31:*.dz=01;31:*.gz=01;31:*.lrz=01;31:*.lz=01;31:*.lzo=01;31:*.xz=01;31:*.zst=01;31:*.tzst=01;31:*.bz2=01;31:*.bz=01;31:*.tbz=01;31:*.tbz2=01;31:*.tz=01;31:*.deb=01;31:*.rpm=01;31:*.jar=01;31:*.war=01;31:*.ear=01;31:*.sar=01;31:*.rar=01;31:*.alz=01;31:*.ace=01;31:*.zoo=01;31:*.cpio=01;31:*.7z=01;31:*.rz=01;31:*.cab=01;31:*.wim=01;31:*.swm=01;31:*.dwm=01;31:*.esd=01;31:*.avif=01;35:*.jpg=01;35:*.jpeg=01;35:*.mjpg=01;35:*.mjpeg=01;35:*.gif=01;35:*.bmp=01;35:*.pbm=01;35:*.pgm=01;35:*.ppm=01;35:*.tga=01;35:*.xbm=01;35:*.xpm=01;35:*.tif=01;35:*.tiff=01;35:*.png=01;35:*.svg=01;35:*.svgz=01;35:*.mng=01;35:*.pcx=01;35:*.mov=01;35:*.mpg=01;35:*.mpeg=01;35:*.m2v=01;35:*.mkv=01;35:*.webm=01;35:*.webp=01;35:*.ogm=01;35:*.mp4=01;35:*.m4v=01;35:*.mp4v=01;35:*.vob=01;35:*.qt=01;35:*.nuv=01;35:*.wmv=01;35:*.asf=01;35:*.rm=01;35:*.rmvb=01;35:*.flc=01;35:*.avi=01;35:*.fli=01;35:*.flv=01;35:*.gl=01;35:*.dl=01;35:*.xcf=01;35:*.xwd=01;35:*.yuv=01;35:*.cgm=01;35:*.emf=01;35:*.ogv=01;35:*.ogx=01;35:*.aac=00;36:*.au=00;36:*.flac=00;36:*.m4a=00;36:*.mid=00;36:*.midi=00;36:*.mka=00;36:*.mp3=00;36:*.mpc=00;36:*.ogg=00;36:*.ra=00;36:*.wav=00;36:*.oga=00;36:*.opus=00;36:*.spx=00;36:*.xspf=00;36:*~=00;90:*#=00;90:*.bak=00;90:*.crdownload=00;90:*.dpkg-dist=00;90:*.dpkg-new=00;90:*.dpkg-old=00;90:*.dpkg-tmp=00;90:*.old=00;90:*.orig=00;90:*.part=00;90:*.rej=00;90:*.rpmnew=00;90:*.rpmorig=00;90:*.rpmsave=00;90:*.swp=00;90:*.tmp=00;90:*.ucf-dist=00;90:*.ucf-new=00;90:*.ucf-old=00;90:", "LANG=en_US.UTF-8", "LESSCLOSE=/usr/bin/lesspipe %s %s", "SSH_CONNECTION=100.95.84.5 50454 100.82.112.7 22", "TMUX_PANE=%2", "LESSOPEN=| /usr/bin/lesspipe %s", "JULIA_PKG_PRECOMPILE_AUTO=0", "XDG_DATA_DIRS=/usr/share/gnome:/usr/local/share:/usr/share:/var/lib/snapd/desktop", "XDG_SESSION_ID=1677", "PATH=/home/ian/.juliaup/bin:/home/ian/.local/bin:/usr/local/sbin:/usr/local/bin:/usr/sbin:/usr/bin:/sbin:/bin:/usr/games:/usr/local/games:/snap/bin", "SSH_TTY=/dev/pts/1", "LOGNAME=ian", "TERM_PROGRAM_VERSION=3.4", "HUSHLOGIN=FALSE", "XDG_SESSION_TYPE=tty", "DEBUGINFOD_URLS=https://debuginfod.ubuntu.com ", "PWD", "OPENBLAS_DEFAULT_NUM_THREADS=1", "REMOTEHOST=100.104.183.53", "HOME=/home/ian", "JULIA_NUM_THREADS=1", "JULIA_PRECOMP_REPORT_TIMING=1", "DBUS_SESSION_BUS_ADDRESS=unix:path=/run/user/1000/bus", "XDG_SESSION_CLASS=user"]): no such file or directory (ENOENT)
Many shells expand '~' to the home directory in unquoted strings. To replicate this behavior, call `expanduser` to expand the '~' character to the user’s home directory.

Compat 
Failed to precompile Compat [34da2185-b29b-5c13-b0c7-acf172513d20] to "/tmp/julia-ttfx-depot/compiled/v1.14/Compat/jl_XsLGBh" (ProcessExited(1)).

OrdinaryDiffEqCore → OrdinaryDiffEqCoreSparseArraysExt 
Failed to precompile OrdinaryDiffEqCoreSparseArraysExt [9c25454c-1749-5999-beab-0792e58cdb96] to "/tmp/julia-ttfx-depot/compiled/v1.14/OrdinaryDiffEqCoreSparseArraysExt/jl_4Ww5vt" (ProcessExited(1)).

Polynomials 
IOError: could not spawn setenv(`/home/ian/.julia/juliaup/julia-pr62725/bin/julia -C native -J/home/ian/.julia/juliaup/julia-pr62725/lib/julia/sys.so -g1 --startup-file=no --compiled-modules=strict --output-o /tmp/julia-ttfx-depot/compiled/v1.14/Polynomials/jl_LbFL3h --output-ji /tmp/julia-ttfx-depot/compiled/v1.14/Polynomials/jl_N9APF5 --output-incremental=yes --startup-file=no --history-file=no --warn-overwrite=yes --color=auto -`,["TERM=tmux-256color", "TTFX_DEPOT_PATH=/tmp/julia-ttfx-depot", "OPENBLAS_NUM_THREADS=1", "OPENBLAS_MAIN_FREE=1", "SHELL=/bin/bash", "SSH_CLIENT=100.104.183.53 58167 22", "JULIA_DEPOT_PATH=/tmp/julia-ttfx-depot:", "OLDPWD=/home/ian/Documents/GitHub/julia", "TMUX=/tmp/tmux-1000/default,1292951,2", "LC_TERMINAL_VERSION=3.6.11", "XDG_RUNTIME_DIR=/run/user/1000", "JULIA_PRECOMPILE_JOBSERVER=/jl_pc_3749826_1", "USER=ian", "LC_TERMINAL=iTerm2", "SHLVL=2", "MAIL=/var/mail/ian", "TERM_PROGRAM=tmux", "LD_LIBRARY_PATH=/usr/local/cuda/lib64:", "_=/home/ian/.juliaup/bin/julia", "LS_COLORS=rs=0:di=01;34:ln=01;36:mh=00:pi=40;33:so=01;35:do=01;35:bd=40;33;01:cd=40;33;01:or=40;31;01:mi=00:su=37;41:sg=30;43:ca=00:tw=30;42:ow=34;42:st=37;44:ex=01;32:*.tar=01;31:*.tgz=01;31:*.arc=01;31:*.arj=01;31:*.taz=01;31:*.lha=01;31:*.lz4=01;31:*.lzh=01;31:*.lzma=01;31:*.tlz=01;31:*.txz=01;31:*.tzo=01;31:*.t7z=01;31:*.zip=01;31:*.z=01;31:*.dz=01;31:*.gz=01;31:*.lrz=01;31:*.lz=01;31:*.lzo=01;31:*.xz=01;31:*.zst=01;31:*.tzst=01;31:*.bz2=01;31:*.bz=01;31:*.tbz=01;31:*.tbz2=01;31:*.tz=01;31:*.deb=01;31:*.rpm=01;31:*.jar=01;31:*.war=01;31:*.ear=01;31:*.sar=01;31:*.rar=01;31:*.alz=01;31:*.ace=01;31:*.zoo=01;31:*.cpio=01;31:*.7z=01;31:*.rz=01;31:*.cab=01;31:*.wim=01;31:*.swm=01;31:*.dwm=01;31:*.esd=01;31:*.avif=01;35:*.jpg=01;35:*.jpeg=01;35:*.mjpg=01;35:*.mjpeg=01;35:*.gif=01;35:*.bmp=01;35:*.pbm=01;35:*.pgm=01;35:*.ppm=01;35:*.tga=01;35:*.xbm=01;35:*.xpm=01;35:*.tif=01;35:*.tiff=01;35:*.png=01;35:*.svg=01;35:*.svgz=01;35:*.mng=01;35:*.pcx=01;35:*.mov=01;35:*.mpg=01;35:*.mpeg=01;35:*.m2v=01;35:*.mkv=01;35:*.webm=01;35:*.webp=01;35:*.ogm=01;35:*.mp4=01;35:*.m4v=01;35:*.mp4v=01;35:*.vob=01;35:*.qt=01;35:*.nuv=01;35:*.wmv=01;35:*.asf=01;35:*.rm=01;35:*.rmvb=01;35:*.flc=01;35:*.avi=01;35:*.fli=01;35:*.flv=01;35:*.gl=01;35:*.dl=01;35:*.xcf=01;35:*.xwd=01;35:*.yuv=01;35:*.cgm=01;35:*.emf=01;35:*.ogv=01;35:*.ogx=01;35:*.aac=00;36:*.au=00;36:*.flac=00;36:*.m4a=00;36:*.mid=00;36:*.midi=00;36:*.mka=00;36:*.mp3=00;36:*.mpc=00;36:*.ogg=00;36:*.ra=00;36:*.wav=00;36:*.oga=00;36:*.opus=00;36:*.spx=00;36:*.xspf=00;36:*~=00;90:*#=00;90:*.bak=00;90:*.crdownload=00;90:*.dpkg-dist=00;90:*.dpkg-new=00;90:*.dpkg-old=00;90:*.dpkg-tmp=00;90:*.old=00;90:*.orig=00;90:*.part=00;90:*.rej=00;90:*.rpmnew=00;90:*.rpmorig=00;90:*.rpmsave=00;90:*.swp=00;90:*.tmp=00;90:*.ucf-dist=00;90:*.ucf-new=00;90:*.ucf-old=00;90:", "LANG=en_US.UTF-8", "LESSCLOSE=/usr/bin/lesspipe %s %s", "SSH_CONNECTION=100.95.84.5 50454 100.82.112.7 22", "TMUX_PANE=%2", "LESSOPEN=| /usr/bin/lesspipe %s", "JULIA_PKG_PRECOMPILE_AUTO=0", "XDG_DATA_DIRS=/usr/share/gnome:/usr/local/share:/usr/share:/var/lib/snapd/desktop", "XDG_SESSION_ID=1677", "PATH=/home/ian/.juliaup/bin:/home/ian/.local/bin:/usr/local/sbin:/usr/local/bin:/usr/sbin:/usr/bin:/sbin:/bin:/usr/games:/usr/local/games:/snap/bin", "SSH_TTY=/dev/pts/1", "LOGNAME=ian", "TERM_PROGRAM_VERSION=3.4", "HUSHLOGIN=FALSE", "XDG_SESSION_TYPE=tty", "DEBUGINFOD_URLS=https://debuginfod.ubuntu.com ", "PWD", "OPENBLAS_DEFAULT_NUM_THREADS=1", "REMOTEHOST=100.104.183.53", "HOME=/home/ian", "JULIA_NUM_THREADS=1", "JULIA_PRECOMP_REPORT_TIMING=1", "DBUS_SESSION_BUS_ADDRESS=unix:path=/run/user/1000/bus", "XDG_SESSION_CLASS=user"]): no such file or directory (ENOENT)
Many shells expand '~' to the home directory in unquoted strings. To replicate this behavior, call `expanduser` to expand the '~' character to the user’s home directory.

LineSearch → LineSearchLineSearchesExt 
Failed to precompile LineSearchLineSearchesExt [54aef954-76ce-59ee-b461-681f47f666e2] to "/tmp/julia-ttfx-depot/compiled/v1.14/LineSearchLineSearchesExt/jl_rIoelK" (ProcessExited(1)).

FillArrays → FillArraysPDMatsExt 
Failed to precompile FillArraysPDMatsExt [4866884c-a61b-5629-a841-ee1d5eae4bf9] to "/tmp/julia-ttfx-depot/compiled/v1.14/FillArraysPDMatsExt/jl_t452ST" (ProcessExited(1)).

SciMLBase → SciMLBaseDistributionsExt 
Failed to precompile SciMLBaseDistributionsExt [ddbc1e5a-af6d-5c63-afc2-df12365ab00f] to "/tmp/julia-ttfx-depot/compiled/v1.14/SciMLBaseDistributionsExt/jl_Euz5hs" (ProcessExited(1)).

DiffEqNoiseProcess 
Failed to precompile DiffEqNoiseProcess [77a26b50-5914-5dd7-bc55-306e6241c503] to "/tmp/julia-ttfx-depot/compiled/v1.14/DiffEqNoiseProcess/jl_jG8xw6" (ProcessExited(1)).

LineSearch 
Failed to precompile LineSearch [87fe0de2-c867-4266-b59a-2f0a94fc965b] to "/tmp/julia-ttfx-depot/compiled/v1.14/LineSearch/jl_mxVxe3" (ProcessExited(1)).

FFTW_jll 
IOError: could not spawn setenv(`/home/ian/.julia/juliaup/julia-pr62725/bin/julia -C native -J/home/ian/.julia/juliaup/julia-pr62725/lib/julia/sys.so -g1 --startup-file=no --compiled-modules=strict --output-o /tmp/julia-ttfx-depot/compiled/v1.14/FFTW_jll/jl_We4aZM --output-ji /tmp/julia-ttfx-depot/compiled/v1.14/FFTW_jll/jl_hIaBuP --output-incremental=yes --startup-file=no --history-file=no --warn-overwrite=yes --color=auto -`,["TERM=tmux-256color", "TTFX_DEPOT_PATH=/tmp/julia-ttfx-depot", "OPENBLAS_NUM_THREADS=1", "OPENBLAS_MAIN_FREE=1", "SHELL=/bin/bash", "SSH_CLIENT=100.104.183.53 58167 22", "JULIA_DEPOT_PATH=/tmp/julia-ttfx-depot:", "OLDPWD=/home/ian/Documents/GitHub/julia", "TMUX=/tmp/tmux-1000/default,1292951,2", "LC_TERMINAL_VERSION=3.6.11", "XDG_RUNTIME_DIR=/run/user/1000", "JULIA_PRECOMPILE_JOBSERVER=/jl_pc_3749826_1", "USER=ian", "LC_TERMINAL=iTerm2", "SHLVL=2", "MAIL=/var/mail/ian", "TERM_PROGRAM=tmux", "LD_LIBRARY_PATH=/usr/local/cuda/lib64:", "_=/home/ian/.juliaup/bin/julia", "LS_COLORS=rs=0:di=01;34:ln=01;36:mh=00:pi=40;33:so=01;35:do=01;35:bd=40;33;01:cd=40;33;01:or=40;31;01:mi=00:su=37;41:sg=30;43:ca=00:tw=30;42:ow=34;42:st=37;44:ex=01;32:*.tar=01;31:*.tgz=01;31:*.arc=01;31:*.arj=01;31:*.taz=01;31:*.lha=01;31:*.lz4=01;31:*.lzh=01;31:*.lzma=01;31:*.tlz=01;31:*.txz=01;31:*.tzo=01;31:*.t7z=01;31:*.zip=01;31:*.z=01;31:*.dz=01;31:*.gz=01;31:*.lrz=01;31:*.lz=01;31:*.lzo=01;31:*.xz=01;31:*.zst=01;31:*.tzst=01;31:*.bz2=01;31:*.bz=01;31:*.tbz=01;31:*.tbz2=01;31:*.tz=01;31:*.deb=01;31:*.rpm=01;31:*.jar=01;31:*.war=01;31:*.ear=01;31:*.sar=01;31:*.rar=01;31:*.alz=01;31:*.ace=01;31:*.zoo=01;31:*.cpio=01;31:*.7z=01;31:*.rz=01;31:*.cab=01;31:*.wim=01;31:*.swm=01;31:*.dwm=01;31:*.esd=01;31:*.avif=01;35:*.jpg=01;35:*.jpeg=01;35:*.mjpg=01;35:*.mjpeg=01;35:*.gif=01;35:*.bmp=01;35:*.pbm=01;35:*.pgm=01;35:*.ppm=01;35:*.tga=01;35:*.xbm=01;35:*.xpm=01;35:*.tif=01;35:*.tiff=01;35:*.png=01;35:*.svg=01;35:*.svgz=01;35:*.mng=01;35:*.pcx=01;35:*.mov=01;35:*.mpg=01;35:*.mpeg=01;35:*.m2v=01;35:*.mkv=01;35:*.webm=01;35:*.webp=01;35:*.ogm=01;35:*.mp4=01;35:*.m4v=01;35:*.mp4v=01;35:*.vob=01;35:*.qt=01;35:*.nuv=01;35:*.wmv=01;35:*.asf=01;35:*.rm=01;35:*.rmvb=01;35:*.flc=01;35:*.avi=01;35:*.fli=01;35:*.flv=01;35:*.gl=01;35:*.dl=01;35:*.xcf=01;35:*.xwd=01;35:*.yuv=01;35:*.cgm=01;35:*.emf=01;35:*.ogv=01;35:*.ogx=01;35:*.aac=00;36:*.au=00;36:*.flac=00;36:*.m4a=00;36:*.mid=00;36:*.midi=00;36:*.mka=00;36:*.mp3=00;36:*.mpc=00;36:*.ogg=00;36:*.ra=00;36:*.wav=00;36:*.oga=00;36:*.opus=00;36:*.spx=00;36:*.xspf=00;36:*~=00;90:*#=00;90:*.bak=00;90:*.crdownload=00;90:*.dpkg-dist=00;90:*.dpkg-new=00;90:*.dpkg-old=00;90:*.dpkg-tmp=00;90:*.old=00;90:*.orig=00;90:*.part=00;90:*.rej=00;90:*.rpmnew=00;90:*.rpmorig=00;90:*.rpmsave=00;90:*.swp=00;90:*.tmp=00;90:*.ucf-dist=00;90:*.ucf-new=00;90:*.ucf-old=00;90:", "LANG=en_US.UTF-8", "LESSCLOSE=/usr/bin/lesspipe %s %s", "SSH_CONNECTION=100.95.84.5 50454 100.82.112.7 22", "TMUX_PANE=%2", "LESSOPEN=| /usr/bin/lesspipe %s", "JULIA_PKG_PRECOMPILE_AUTO=0", "XDG_DATA_DIRS=/usr/share/gnome:/usr/local/share:/usr/share:/var/lib/snapd/desktop", "XDG_SESSION_ID=1677", "PATH=/home/ian/.juliaup/bin:/home/ian/.local/bin:/usr/local/sbin:/usr/local/bin:/usr/sbin:/usr/bin:/sbin:/bin:/usr/games:/usr/local/games:/snap/bin", "SSH_TTY=/dev/pts/1", "LOGNAME=ian", "TERM_PROGRAM_VERSION=3.4", "HUSHLOGIN=FALSE", "XDG_SESSION_TYPE=tty", "DEBUGINFOD_URLS=https://debuginfod.ubuntu.com ", "PWD", "OPENBLAS_DEFAULT_NUM_THREADS=1", "REMOTEHOST=100.104.183.53", "HOME=/home/ian", "JULIA_NUM_THREADS=1", "JULIA_PRECOMP_REPORT_TIMING=1", "DBUS_SESSION_BUS_ADDRESS=unix:path=/run/user/1000/bus", "XDG_SESSION_CLASS=user"]): no such file or directory (ENOENT)
Many shells expand '~' to the home directory in unquoted strings. To replicate this behavior, call `expanduser` to expand the '~' character to the user’s home directory.

FastClosures 
IOError: could not spawn setenv(`/home/ian/.julia/juliaup/julia-pr62725/bin/julia -C native -J/home/ian/.julia/juliaup/julia-pr62725/lib/julia/sys.so -g1 --startup-file=no --output-o /tmp/julia-ttfx-depot/compiled/v1.14/FastClosures/jl_pSnV1q --output-ji /tmp/julia-ttfx-depot/compiled/v1.14/FastClosures/jl_tVqgfE --output-incremental=yes --startup-file=no --history-file=no --warn-overwrite=yes --color=auto -`,["TERM=tmux-256color", "TTFX_DEPOT_PATH=/tmp/julia-ttfx-depot", "OPENBLAS_NUM_THREADS=1", "OPENBLAS_MAIN_FREE=1", "SHELL=/bin/bash", "SSH_CLIENT=100.104.183.53 58167 22", "JULIA_DEPOT_PATH=/tmp/julia-ttfx-depot:", "OLDPWD=/home/ian/Documents/GitHub/julia", "TMUX=/tmp/tmux-1000/default,1292951,2", "LC_TERMINAL_VERSION=3.6.11", "XDG_RUNTIME_DIR=/run/user/1000", "JULIA_PRECOMPILE_JOBSERVER=/jl_pc_3749826_1", "USER=ian", "LC_TERMINAL=iTerm2", "SHLVL=2", "MAIL=/var/mail/ian", "TERM_PROGRAM=tmux", "LD_LIBRARY_PATH=/usr/local/cuda/lib64:", "_=/home/ian/.juliaup/bin/julia", "LS_COLORS=rs=0:di=01;34:ln=01;36:mh=00:pi=40;33:so=01;35:do=01;35:bd=40;33;01:cd=40;33;01:or=40;31;01:mi=00:su=37;41:sg=30;43:ca=00:tw=30;42:ow=34;42:st=37;44:ex=01;32:*.tar=01;31:*.tgz=01;31:*.arc=01;31:*.arj=01;31:*.taz=01;31:*.lha=01;31:*.lz4=01;31:*.lzh=01;31:*.lzma=01;31:*.tlz=01;31:*.txz=01;31:*.tzo=01;31:*.t7z=01;31:*.zip=01;31:*.z=01;31:*.dz=01;31:*.gz=01;31:*.lrz=01;31:*.lz=01;31:*.lzo=01;31:*.xz=01;31:*.zst=01;31:*.tzst=01;31:*.bz2=01;31:*.bz=01;31:*.tbz=01;31:*.tbz2=01;31:*.tz=01;31:*.deb=01;31:*.rpm=01;31:*.jar=01;31:*.war=01;31:*.ear=01;31:*.sar=01;31:*.rar=01;31:*.alz=01;31:*.ace=01;31:*.zoo=01;31:*.cpio=01;31:*.7z=01;31:*.rz=01;31:*.cab=01;31:*.wim=01;31:*.swm=01;31:*.dwm=01;31:*.esd=01;31:*.avif=01;35:*.jpg=01;35:*.jpeg=01;35:*.mjpg=01;35:*.mjpeg=01;35:*.gif=01;35:*.bmp=01;35:*.pbm=01;35:*.pgm=01;35:*.ppm=01;35:*.tga=01;35:*.xbm=01;35:*.xpm=01;35:*.tif=01;35:*.tiff=01;35:*.png=01;35:*.svg=01;35:*.svgz=01;35:*.mng=01;35:*.pcx=01;35:*.mov=01;35:*.mpg=01;35:*.mpeg=01;35:*.m2v=01;35:*.mkv=01;35:*.webm=01;35:*.webp=01;35:*.ogm=01;35:*.mp4=01;35:*.m4v=01;35:*.mp4v=01;35:*.vob=01;35:*.qt=01;35:*.nuv=01;35:*.wmv=01;35:*.asf=01;35:*.rm=01;35:*.rmvb=01;35:*.flc=01;35:*.avi=01;35:*.fli=01;35:*.flv=01;35:*.gl=01;35:*.dl=01;35:*.xcf=01;35:*.xwd=01;35:*.yuv=01;35:*.cgm=01;35:*.emf=01;35:*.ogv=01;35:*.ogx=01;35:*.aac=00;36:*.au=00;36:*.flac=00;36:*.m4a=00;36:*.mid=00;36:*.midi=00;36:*.mka=00;36:*.mp3=00;36:*.mpc=00;36:*.ogg=00;36:*.ra=00;36:*.wav=00;36:*.oga=00;36:*.opus=00;36:*.spx=00;36:*.xspf=00;36:*~=00;90:*#=00;90:*.bak=00;90:*.crdownload=00;90:*.dpkg-dist=00;90:*.dpkg-new=00;90:*.dpkg-old=00;90:*.dpkg-tmp=00;90:*.old=00;90:*.orig=00;90:*.part=00;90:*.rej=00;90:*.rpmnew=00;90:*.rpmorig=00;90:*.rpmsave=00;90:*.swp=00;90:*.tmp=00;90:*.ucf-dist=00;90:*.ucf-new=00;90:*.ucf-old=00;90:", "LANG=en_US.UTF-8", "LESSCLOSE=/usr/bin/lesspipe %s %s", "SSH_CONNECTION=100.95.84.5 50454 100.82.112.7 22", "TMUX_PANE=%2", "LESSOPEN=| /usr/bin/lesspipe %s", "JULIA_PKG_PRECOMPILE_AUTO=0", "XDG_DATA_DIRS=/usr/share/gnome:/usr/local/share:/usr/share:/var/lib/snapd/desktop", "XDG_SESSION_ID=1677", "PATH=/home/ian/.juliaup/bin:/home/ian/.local/bin:/usr/local/sbin:/usr/local/bin:/usr/sbin:/usr/bin:/sbin:/bin:/usr/games:/usr/local/games:/snap/bin", "SSH_TTY=/dev/pts/1", "LOGNAME=ian", "TERM_PROGRAM_VERSION=3.4", "HUSHLOGIN=FALSE", "XDG_SESSION_TYPE=tty", "DEBUGINFOD_URLS=https://debuginfod.ubuntu.com ", "PWD", "OPENBLAS_DEFAULT_NUM_THREADS=1", "REMOTEHOST=100.104.183.53", "HOME=/home/ian", "JULIA_NUM_THREADS=1", "JULIA_PRECOMP_REPORT_TIMING=1", "DBUS_SESSION_BUS_ADDRESS=unix:path=/run/user/1000/bus", "XDG_SESSION_CLASS=user"]): no such file or directory (ENOENT)
Many shells expand '~' to the home directory in unquoted strings. To replicate this behavior, call `expanduser` to expand the '~' character to the user’s home directory.

NonlinearSolveBase 
Failed to precompile NonlinearSolveBase [be0214bd-f91f-a760-ac4e-3421ce2b2da0] to "/tmp/julia-ttfx-depot/compiled/v1.14/NonlinearSolveBase/jl_gWfrIi" (ProcessExited(1)).

DocStringExtensions 
IOError: could not spawn setenv(`/home/ian/.julia/juliaup/julia-pr62725/bin/julia -C native -J/home/ian/.julia/juliaup/julia-pr62725/lib/julia/sys.so -g1 --startup-file=no --output-o /tmp/julia-ttfx-depot/compiled/v1.14/DocStringExtensions/jl_kOuZ28 --output-ji /tmp/julia-ttfx-depot/compiled/v1.14/DocStringExtensions/jl_KJKQoZ --output-incremental=yes --startup-file=no --history-file=no --warn-overwrite=yes --color=auto -`,["TERM=tmux-256color", "TTFX_DEPOT_PATH=/tmp/julia-ttfx-depot", "OPENBLAS_NUM_THREADS=1", "OPENBLAS_MAIN_FREE=1", "SHELL=/bin/bash", "SSH_CLIENT=100.104.183.53 58167 22", "JULIA_DEPOT_PATH=/tmp/julia-ttfx-depot:", "OLDPWD=/home/ian/Documents/GitHub/julia", "TMUX=/tmp/tmux-1000/default,1292951,2", "LC_TERMINAL_VERSION=3.6.11", "XDG_RUNTIME_DIR=/run/user/1000", "JULIA_PRECOMPILE_JOBSERVER=/jl_pc_3749826_1", "USER=ian", "LC_TERMINAL=iTerm2", "SHLVL=2", "MAIL=/var/mail/ian", "TERM_PROGRAM=tmux", "LD_LIBRARY_PATH=/usr/local/cuda/lib64:", "_=/home/ian/.juliaup/bin/julia", "LS_COLORS=rs=0:di=01;34:ln=01;36:mh=00:pi=40;33:so=01;35:do=01;35:bd=40;33;01:cd=40;33;01:or=40;31;01:mi=00:su=37;41:sg=30;43:ca=00:tw=30;42:ow=34;42:st=37;44:ex=01;32:*.tar=01;31:*.tgz=01;31:*.arc=01;31:*.arj=01;31:*.taz=01;31:*.lha=01;31:*.lz4=01;31:*.lzh=01;31:*.lzma=01;31:*.tlz=01;31:*.txz=01;31:*.tzo=01;31:*.t7z=01;31:*.zip=01;31:*.z=01;31:*.dz=01;31:*.gz=01;31:*.lrz=01;31:*.lz=01;31:*.lzo=01;31:*.xz=01;31:*.zst=01;31:*.tzst=01;31:*.bz2=01;31:*.bz=01;31:*.tbz=01;31:*.tbz2=01;31:*.tz=01;31:*.deb=01;31:*.rpm=01;31:*.jar=01;31:*.war=01;31:*.ear=01;31:*.sar=01;31:*.rar=01;31:*.alz=01;31:*.ace=01;31:*.zoo=01;31:*.cpio=01;31:*.7z=01;31:*.rz=01;31:*.cab=01;31:*.wim=01;31:*.swm=01;31:*.dwm=01;31:*.esd=01;31:*.avif=01;35:*.jpg=01;35:*.jpeg=01;35:*.mjpg=01;35:*.mjpeg=01;35:*.gif=01;35:*.bmp=01;35:*.pbm=01;35:*.pgm=01;35:*.ppm=01;35:*.tga=01;35:*.xbm=01;35:*.xpm=01;35:*.tif=01;35:*.tiff=01;35:*.png=01;35:*.svg=01;35:*.svgz=01;35:*.mng=01;35:*.pcx=01;35:*.mov=01;35:*.mpg=01;35:*.mpeg=01;35:*.m2v=01;35:*.mkv=01;35:*.webm=01;35:*.webp=01;35:*.ogm=01;35:*.mp4=01;35:*.m4v=01;35:*.mp4v=01;35:*.vob=01;35:*.qt=01;35:*.nuv=01;35:*.wmv=01;35:*.asf=01;35:*.rm=01;35:*.rmvb=01;35:*.flc=01;35:*.avi=01;35:*.fli=01;35:*.flv=01;35:*.gl=01;35:*.dl=01;35:*.xcf=01;35:*.xwd=01;35:*.yuv=01;35:*.cgm=01;35:*.emf=01;35:*.ogv=01;35:*.ogx=01;35:*.aac=00;36:*.au=00;36:*.flac=00;36:*.m4a=00;36:*.mid=00;36:*.midi=00;36:*.mka=00;36:*.mp3=00;36:*.mpc=00;36:*.ogg=00;36:*.ra=00;36:*.wav=00;36:*.oga=00;36:*.opus=00;36:*.spx=00;36:*.xspf=00;36:*~=00;90:*#=00;90:*.bak=00;90:*.crdownload=00;90:*.dpkg-dist=00;90:*.dpkg-new=00;90:*.dpkg-old=00;90:*.dpkg-tmp=00;90:*.old=00;90:*.orig=00;90:*.part=00;90:*.rej=00;90:*.rpmnew=00;90:*.rpmorig=00;90:*.rpmsave=00;90:*.swp=00;90:*.tmp=00;90:*.ucf-dist=00;90:*.ucf-new=00;90:*.ucf-old=00;90:", "LANG=en_US.UTF-8", "LESSCLOSE=/usr/bin/lesspipe %s %s", "SSH_CONNECTION=100.95.84.5 50454 100.82.112.7 22", "TMUX_PANE=%2", "LESSOPEN=| /usr/bin/lesspipe %s", "JULIA_PKG_PRECOMPILE_AUTO=0", "XDG_DATA_DIRS=/usr/share/gnome:/usr/local/share:/usr/share:/var/lib/snapd/desktop", "XDG_SESSION_ID=1677", "PATH=/home/ian/.juliaup/bin:/home/ian/.local/bin:/usr/local/sbin:/usr/local/bin:/usr/sbin:/usr/bin:/sbin:/bin:/usr/games:/usr/local/games:/snap/bin", "SSH_TTY=/dev/pts/1", "LOGNAME=ian", "TERM_PROGRAM_VERSION=3.4", "HUSHLOGIN=FALSE", "XDG_SESSION_TYPE=tty", "DEBUGINFOD_URLS=https://debuginfod.ubuntu.com ", "PWD", "OPENBLAS_DEFAULT_NUM_THREADS=1", "REMOTEHOST=100.104.183.53", "HOME=/home/ian", "JULIA_NUM_THREADS=1", "JULIA_PRECOMP_REPORT_TIMING=1", "DBUS_SESSION_BUS_ADDRESS=unix:path=/run/user/1000/bus", "XDG_SESSION_CLASS=user"]): no such file or directory (ENOENT)
Many shells expand '~' to the home directory in unquoted strings. To replicate this behavior, call `expanduser` to expand the '~' character to the user’s home directory.

HypergeometricFunctions 
IOError: could not spawn setenv(`/home/ian/.julia/juliaup/julia-pr62725/bin/julia -C native -J/home/ian/.julia/juliaup/julia-pr62725/lib/julia/sys.so -g1 --startup-file=no --compiled-modules=strict --output-o /tmp/julia-ttfx-depot/compiled/v1.14/HypergeometricFunctions/jl_72x3BJ --output-ji /tmp/julia-ttfx-depot/compiled/v1.14/HypergeometricFunctions/jl_GfKe25 --output-incremental=yes --startup-file=no --history-file=no --warn-overwrite=yes --color=auto -`,["TERM=tmux-256color", "TTFX_DEPOT_PATH=/tmp/julia-ttfx-depot", "OPENBLAS_NUM_THREADS=1", "OPENBLAS_MAIN_FREE=1", "SHELL=/bin/bash", "SSH_CLIENT=100.104.183.53 58167 22", "JULIA_DEPOT_PATH=/tmp/julia-ttfx-depot:", "OLDPWD=/home/ian/Documents/GitHub/julia", "TMUX=/tmp/tmux-1000/default,1292951,2", "LC_TERMINAL_VERSION=3.6.11", "XDG_RUNTIME_DIR=/run/user/1000", "JULIA_PRECOMPILE_JOBSERVER=/jl_pc_3749826_1", "USER=ian", "LC_TERMINAL=iTerm2", "SHLVL=2", "MAIL=/var/mail/ian", "TERM_PROGRAM=tmux", "LD_LIBRARY_PATH=/usr/local/cuda/lib64:", "_=/home/ian/.juliaup/bin/julia", "LS_COLORS=rs=0:di=01;34:ln=01;36:mh=00:pi=40;33:so=01;35:do=01;35:bd=40;33;01:cd=40;33;01:or=40;31;01:mi=00:su=37;41:sg=30;43:ca=00:tw=30;42:ow=34;42:st=37;44:ex=01;32:*.tar=01;31:*.tgz=01;31:*.arc=01;31:*.arj=01;31:*.taz=01;31:*.lha=01;31:*.lz4=01;31:*.lzh=01;31:*.lzma=01;31:*.tlz=01;31:*.txz=01;31:*.tzo=01;31:*.t7z=01;31:*.zip=01;31:*.z=01;31:*.dz=01;31:*.gz=01;31:*.lrz=01;31:*.lz=01;31:*.lzo=01;31:*.xz=01;31:*.zst=01;31:*.tzst=01;31:*.bz2=01;31:*.bz=01;31:*.tbz=01;31:*.tbz2=01;31:*.tz=01;31:*.deb=01;31:*.rpm=01;31:*.jar=01;31:*.war=01;31:*.ear=01;31:*.sar=01;31:*.rar=01;31:*.alz=01;31:*.ace=01;31:*.zoo=01;31:*.cpio=01;31:*.7z=01;31:*.rz=01;31:*.cab=01;31:*.wim=01;31:*.swm=01;31:*.dwm=01;31:*.esd=01;31:*.avif=01;35:*.jpg=01;35:*.jpeg=01;35:*.mjpg=01;35:*.mjpeg=01;35:*.gif=01;35:*.bmp=01;35:*.pbm=01;35:*.pgm=01;35:*.ppm=01;35:*.tga=01;35:*.xbm=01;35:*.xpm=01;35:*.tif=01;35:*.tiff=01;35:*.png=01;35:*.svg=01;35:*.svgz=01;35:*.mng=01;35:*.pcx=01;35:*.mov=01;35:*.mpg=01;35:*.mpeg=01;35:*.m2v=01;35:*.mkv=01;35:*.webm=01;35:*.webp=01;35:*.ogm=01;35:*.mp4=01;35:*.m4v=01;35:*.mp4v=01;35:*.vob=01;35:*.qt=01;35:*.nuv=01;35:*.wmv=01;35:*.asf=01;35:*.rm=01;35:*.rmvb=01;35:*.flc=01;35:*.avi=01;35:*.fli=01;35:*.flv=01;35:*.gl=01;35:*.dl=01;35:*.xcf=01;35:*.xwd=01;35:*.yuv=01;35:*.cgm=01;35:*.emf=01;35:*.ogv=01;35:*.ogx=01;35:*.aac=00;36:*.au=00;36:*.flac=00;36:*.m4a=00;36:*.mid=00;36:*.midi=00;36:*.mka=00;36:*.mp3=00;36:*.mpc=00;36:*.ogg=00;36:*.ra=00;36:*.wav=00;36:*.oga=00;36:*.opus=00;36:*.spx=00;36:*.xspf=00;36:*~=00;90:*#=00;90:*.bak=00;90:*.crdownload=00;90:*.dpkg-dist=00;90:*.dpkg-new=00;90:*.dpkg-old=00;90:*.dpkg-tmp=00;90:*.old=00;90:*.orig=00;90:*.part=00;90:*.rej=00;90:*.rpmnew=00;90:*.rpmorig=00;90:*.rpmsave=00;90:*.swp=00;90:*.tmp=00;90:*.ucf-dist=00;90:*.ucf-new=00;90:*.ucf-old=00;90:", "LANG=en_US.UTF-8", "LESSCLOSE=/usr/bin/lesspipe %s %s", "SSH_CONNECTION=100.95.84.5 50454 100.82.112.7 22", "TMUX_PANE=%2", "LESSOPEN=| /usr/bin/lesspipe %s", "JULIA_PKG_PRECOMPILE_AUTO=0", "XDG_DATA_DIRS=/usr/share/gnome:/usr/local/share:/usr/share:/var/lib/snapd/desktop", "XDG_SESSION_ID=1677", "PATH=/home/ian/.juliaup/bin:/home/ian/.local/bin:/usr/local/sbin:/usr/local/bin:/usr/sbin:/usr/bin:/sbin:/bin:/usr/games:/usr/local/games:/snap/bin", "SSH_TTY=/dev/pts/1", "LOGNAME=ian", "TERM_PROGRAM_VERSION=3.4", "HUSHLOGIN=FALSE", "XDG_SESSION_TYPE=tty", "DEBUGINFOD_URLS=https://debuginfod.ubuntu.com ", "PWD", "OPENBLAS_DEFAULT_NUM_THREADS=1", "REMOTEHOST=100.104.183.53", "HOME=/home/ian", "JULIA_NUM_THREADS=1", "JULIA_PRECOMP_REPORT_TIMING=1", "DBUS_SESSION_BUS_ADDRESS=unix:path=/run/user/1000/bus", "XDG_SESSION_CLASS=user"]): no such file or directory (ENOENT)
Many shells expand '~' to the home directory in unquoted strings. To replicate this behavior, call `expanduser` to expand the '~' character to the user’s home directory.

RecursiveArrayTools → RecursiveArrayToolsForwardDiffExt 
IOError: could not spawn setenv(`/home/ian/.julia/juliaup/julia-pr62725/bin/julia -C native -J/home/ian/.julia/juliaup/julia-pr62725/lib/julia/sys.so -g1 --startup-file=no --compiled-modules=strict --output-o /tmp/julia-ttfx-depot/compiled/v1.14/RecursiveArrayToolsForwardDiffExt/jl_CoW1Of --output-ji /tmp/julia-ttfx-depot/compiled/v1.14/RecursiveArrayToolsForwardDiffExt/jl_NhZsq4 --output-incremental=yes --startup-file=no --history-file=no --warn-overwrite=yes --color=auto -`,["TERM=tmux-256color", "TTFX_DEPOT_PATH=/tmp/julia-ttfx-depot", "OPENBLAS_NUM_THREADS=1", "OPENBLAS_MAIN_FREE=1", "SHELL=/bin/bash", "SSH_CLIENT=100.104.183.53 58167 22", "JULIA_DEPOT_PATH=/tmp/julia-ttfx-depot:", "OLDPWD=/home/ian/Documents/GitHub/julia", "TMUX=/tmp/tmux-1000/default,1292951,2", "LC_TERMINAL_VERSION=3.6.11", "XDG_RUNTIME_DIR=/run/user/1000", "JULIA_PRECOMPILE_JOBSERVER=/jl_pc_3749826_1", "USER=ian", "LC_TERMINAL=iTerm2", "SHLVL=2", "MAIL=/var/mail/ian", "TERM_PROGRAM=tmux", "LD_LIBRARY_PATH=/usr/local/cuda/lib64:", "_=/home/ian/.juliaup/bin/julia", "LS_COLORS=rs=0:di=01;34:ln=01;36:mh=00:pi=40;33:so=01;35:do=01;35:bd=40;33;01:cd=40;33;01:or=40;31;01:mi=00:su=37;41:sg=30;43:ca=00:tw=30;42:ow=34;42:st=37;44:ex=01;32:*.tar=01;31:*.tgz=01;31:*.arc=01;31:*.arj=01;31:*.taz=01;31:*.lha=01;31:*.lz4=01;31:*.lzh=01;31:*.lzma=01;31:*.tlz=01;31:*.txz=01;31:*.tzo=01;31:*.t7z=01;31:*.zip=01;31:*.z=01;31:*.dz=01;31:*.gz=01;31:*.lrz=01;31:*.lz=01;31:*.lzo=01;31:*.xz=01;31:*.zst=01;31:*.tzst=01;31:*.bz2=01;31:*.bz=01;31:*.tbz=01;31:*.tbz2=01;31:*.tz=01;31:*.deb=01;31:*.rpm=01;31:*.jar=01;31:*.war=01;31:*.ear=01;31:*.sar=01;31:*.rar=01;31:*.alz=01;31:*.ace=01;31:*.zoo=01;31:*.cpio=01;31:*.7z=01;31:*.rz=01;31:*.cab=01;31:*.wim=01;31:*.swm=01;31:*.dwm=01;31:*.esd=01;31:*.avif=01;35:*.jpg=01;35:*.jpeg=01;35:*.mjpg=01;35:*.mjpeg=01;35:*.gif=01;35:*.bmp=01;35:*.pbm=01;35:*.pgm=01;35:*.ppm=01;35:*.tga=01;35:*.xbm=01;35:*.xpm=01;35:*.tif=01;35:*.tiff=01;35:*.png=01;35:*.svg=01;35:*.svgz=01;35:*.mng=01;35:*.pcx=01;35:*.mov=01;35:*.mpg=01;35:*.mpeg=01;35:*.m2v=01;35:*.mkv=01;35:*.webm=01;35:*.webp=01;35:*.ogm=01;35:*.mp4=01;35:*.m4v=01;35:*.mp4v=01;35:*.vob=01;35:*.qt=01;35:*.nuv=01;35:*.wmv=01;35:*.asf=01;35:*.rm=01;35:*.rmvb=01;35:*.flc=01;35:*.avi=01;35:*.fli=01;35:*.flv=01;35:*.gl=01;35:*.dl=01;35:*.xcf=01;35:*.xwd=01;35:*.yuv=01;35:*.cgm=01;35:*.emf=01;35:*.ogv=01;35:*.ogx=01;35:*.aac=00;36:*.au=00;36:*.flac=00;36:*.m4a=00;36:*.mid=00;36:*.midi=00;36:*.mka=00;36:*.mp3=00;36:*.mpc=00;36:*.ogg=00;36:*.ra=00;36:*.wav=00;36:*.oga=00;36:*.opus=00;36:*.spx=00;36:*.xspf=00;36:*~=00;90:*#=00;90:*.bak=00;90:*.crdownload=00;90:*.dpkg-dist=00;90:*.dpkg-new=00;90:*.dpkg-old=00;90:*.dpkg-tmp=00;90:*.old=00;90:*.orig=00;90:*.part=00;90:*.rej=00;90:*.rpmnew=00;90:*.rpmorig=00;90:*.rpmsave=00;90:*.swp=00;90:*.tmp=00;90:*.ucf-dist=00;90:*.ucf-new=00;90:*.ucf-old=00;90:", "LANG=en_US.UTF-8", "LESSCLOSE=/usr/bin/lesspipe %s %s", "SSH_CONNECTION=100.95.84.5 50454 100.82.112.7 22", "TMUX_PANE=%2", "LESSOPEN=| /usr/bin/lesspipe %s", "JULIA_PKG_PRECOMPILE_AUTO=0", "XDG_DATA_DIRS=/usr/share/gnome:/usr/local/share:/usr/share:/var/lib/snapd/desktop", "XDG_SESSION_ID=1677", "PATH=/home/ian/.juliaup/bin:/home/ian/.local/bin:/usr/local/sbin:/usr/local/bin:/usr/sbin:/usr/bin:/sbin:/bin:/usr/games:/usr/local/games:/snap/bin", "SSH_TTY=/dev/pts/1", "LOGNAME=ian", "TERM_PROGRAM_VERSION=3.4", "HUSHLOGIN=FALSE", "XDG_SESSION_TYPE=tty", "DEBUGINFOD_URLS=https://debuginfod.ubuntu.com ", "PWD", "OPENBLAS_DEFAULT_NUM_THREADS=1", "REMOTEHOST=100.104.183.53", "HOME=/home/ian", "JULIA_NUM_THREADS=1", "JULIA_PRECOMP_REPORT_TIMING=1", "DBUS_SESSION_BUS_ADDRESS=unix:path=/run/user/1000/bus", "XDG_SESSION_CLASS=user"]): no such file or directory (ENOENT)
Many shells expand '~' to the home directory in unquoted strings. To replicate this behavior, call `expanduser` to expand the '~' character to the user’s home directory.

FFTW 
IOError: could not spawn setenv(`/home/ian/.julia/juliaup/julia-pr62725/bin/julia -C native -J/home/ian/.julia/juliaup/julia-pr62725/lib/julia/sys.so -g1 --startup-file=no --compiled-modules=strict --output-o /tmp/julia-ttfx-depot/compiled/v1.14/FFTW/jl_Oj1lQH --output-ji /tmp/julia-ttfx-depot/compiled/v1.14/FFTW/jl_x9bDmz --output-incremental=yes --startup-file=no --history-file=no --warn-overwrite=yes --color=auto -`,["TERM=tmux-256color", "TTFX_DEPOT_PATH=/tmp/julia-ttfx-depot", "OPENBLAS_NUM_THREADS=1", "OPENBLAS_MAIN_FREE=1", "SHELL=/bin/bash", "SSH_CLIENT=100.104.183.53 58167 22", "JULIA_DEPOT_PATH=/tmp/julia-ttfx-depot:", "OLDPWD=/home/ian/Documents/GitHub/julia", "TMUX=/tmp/tmux-1000/default,1292951,2", "LC_TERMINAL_VERSION=3.6.11", "XDG_RUNTIME_DIR=/run/user/1000", "JULIA_PRECOMPILE_JOBSERVER=/jl_pc_3749826_1", "USER=ian", "LC_TERMINAL=iTerm2", "SHLVL=2", "MAIL=/var/mail/ian", "TERM_PROGRAM=tmux", "LD_LIBRARY_PATH=/usr/local/cuda/lib64:", "_=/home/ian/.juliaup/bin/julia", "LS_COLORS=rs=0:di=01;34:ln=01;36:mh=00:pi=40;33:so=01;35:do=01;35:bd=40;33;01:cd=40;33;01:or=40;31;01:mi=00:su=37;41:sg=30;43:ca=00:tw=30;42:ow=34;42:st=37;44:ex=01;32:*.tar=01;31:*.tgz=01;31:*.arc=01;31:*.arj=01;31:*.taz=01;31:*.lha=01;31:*.lz4=01;31:*.lzh=01;31:*.lzma=01;31:*.tlz=01;31:*.txz=01;31:*.tzo=01;31:*.t7z=01;31:*.zip=01;31:*.z=01;31:*.dz=01;31:*.gz=01;31:*.lrz=01;31:*.lz=01;31:*.lzo=01;31:*.xz=01;31:*.zst=01;31:*.tzst=01;31:*.bz2=01;31:*.bz=01;31:*.tbz=01;31:*.tbz2=01;31:*.tz=01;31:*.deb=01;31:*.rpm=01;31:*.jar=01;31:*.war=01;31:*.ear=01;31:*.sar=01;31:*.rar=01;31:*.alz=01;31:*.ace=01;31:*.zoo=01;31:*.cpio=01;31:*.7z=01;31:*.rz=01;31:*.cab=01;31:*.wim=01;31:*.swm=01;31:*.dwm=01;31:*.esd=01;31:*.avif=01;35:*.jpg=01;35:*.jpeg=01;35:*.mjpg=01;35:*.mjpeg=01;35:*.gif=01;35:*.bmp=01;35:*.pbm=01;35:*.pgm=01;35:*.ppm=01;35:*.tga=01;35:*.xbm=01;35:*.xpm=01;35:*.tif=01;35:*.tiff=01;35:*.png=01;35:*.svg=01;35:*.svgz=01;35:*.mng=01;35:*.pcx=01;35:*.mov=01;35:*.mpg=01;35:*.mpeg=01;35:*.m2v=01;35:*.mkv=01;35:*.webm=01;35:*.webp=01;35:*.ogm=01;35:*.mp4=01;35:*.m4v=01;35:*.mp4v=01;35:*.vob=01;35:*.qt=01;35:*.nuv=01;35:*.wmv=01;35:*.asf=01;35:*.rm=01;35:*.rmvb=01;35:*.flc=01;35:*.avi=01;35:*.fli=01;35:*.flv=01;35:*.gl=01;35:*.dl=01;35:*.xcf=01;35:*.xwd=01;35:*.yuv=01;35:*.cgm=01;35:*.emf=01;35:*.ogv=01;35:*.ogx=01;35:*.aac=00;36:*.au=00;36:*.flac=00;36:*.m4a=00;36:*.mid=00;36:*.midi=00;36:*.mka=00;36:*.mp3=00;36:*.mpc=00;36:*.ogg=00;36:*.ra=00;36:*.wav=00;36:*.oga=00;36:*.opus=00;36:*.spx=00;36:*.xspf=00;36:*~=00;90:*#=00;90:*.bak=00;90:*.crdownload=00;90:*.dpkg-dist=00;90:*.dpkg-new=00;90:*.dpkg-old=00;90:*.dpkg-tmp=00;90:*.old=00;90:*.orig=00;90:*.part=00;90:*.rej=00;90:*.rpmnew=00;90:*.rpmorig=00;90:*.rpmsave=00;90:*.swp=00;90:*.tmp=00;90:*.ucf-dist=00;90:*.ucf-new=00;90:*.ucf-old=00;90:", "LANG=en_US.UTF-8", "LESSCLOSE=/usr/bin/lesspipe %s %s", "SSH_CONNECTION=100.95.84.5 50454 100.82.112.7 22", "TMUX_PANE=%2", "LESSOPEN=| /usr/bin/lesspipe %s", "JULIA_PKG_PRECOMPILE_AUTO=0", "XDG_DATA_DIRS=/usr/share/gnome:/usr/local/share:/usr/share:/var/lib/snapd/desktop", "XDG_SESSION_ID=1677", "PATH=/home/ian/.juliaup/bin:/home/ian/.local/bin:/usr/local/sbin:/usr/local/bin:/usr/sbin:/usr/bin:/sbin:/bin:/usr/games:/usr/local/games:/snap/bin", "SSH_TTY=/dev/pts/1", "LOGNAME=ian", "TERM_PROGRAM_VERSION=3.4", "HUSHLOGIN=FALSE", "XDG_SESSION_TYPE=tty", "DEBUGINFOD_URLS=https://debuginfod.ubuntu.com ", "PWD", "OPENBLAS_DEFAULT_NUM_THREADS=1", "REMOTEHOST=100.104.183.53", "HOME=/home/ian", "JULIA_NUM_THREADS=1", "JULIA_PRECOMP_REPORT_TIMING=1", "DBUS_SESSION_BUS_ADDRESS=unix:path=/run/user/1000/bus", "XDG_SESSION_CLASS=user"]): no such file or directory (ENOENT)
Many shells expand '~' to the home directory in unquoted strings. To replicate this behavior, call `expanduser` to expand the '~' character to the user’s home directory.

ConstructionBase → ConstructionBaseStaticArraysExt 
IOError: could not spawn setenv(`/home/ian/.julia/juliaup/julia-pr62725/bin/julia -C native -J/home/ian/.julia/juliaup/julia-pr62725/lib/julia/sys.so -g1 --startup-file=no --compiled-modules=strict --output-o /tmp/julia-ttfx-depot/compiled/v1.14/ConstructionBaseStaticArraysExt/jl_Xe3BFa --output-ji /tmp/julia-ttfx-depot/compiled/v1.14/ConstructionBaseStaticArraysExt/jl_SILFYQ --output-incremental=yes --startup-file=no --history-file=no --warn-overwrite=yes --color=auto -`,["TERM=tmux-256color", "TTFX_DEPOT_PATH=/tmp/julia-ttfx-depot", "OPENBLAS_NUM_THREADS=1", "OPENBLAS_MAIN_FREE=1", "SHELL=/bin/bash", "SSH_CLIENT=100.104.183.53 58167 22", "JULIA_DEPOT_PATH=/tmp/julia-ttfx-depot:", "OLDPWD=/home/ian/Documents/GitHub/julia", "TMUX=/tmp/tmux-1000/default,1292951,2", "LC_TERMINAL_VERSION=3.6.11", "XDG_RUNTIME_DIR=/run/user/1000", "JULIA_PRECOMPILE_JOBSERVER=/jl_pc_3749826_1", "USER=ian", "LC_TERMINAL=iTerm2", "SHLVL=2", "MAIL=/var/mail/ian", "TERM_PROGRAM=tmux", "LD_LIBRARY_PATH=/usr/local/cuda/lib64:", "_=/home/ian/.juliaup/bin/julia", "LS_COLORS=rs=0:di=01;34:ln=01;36:mh=00:pi=40;33:so=01;35:do=01;35:bd=40;33;01:cd=40;33;01:or=40;31;01:mi=00:su=37;41:sg=30;43:ca=00:tw=30;42:ow=34;42:st=37;44:ex=01;32:*.tar=01;31:*.tgz=01;31:*.arc=01;31:*.arj=01;31:*.taz=01;31:*.lha=01;31:*.lz4=01;31:*.lzh=01;31:*.lzma=01;31:*.tlz=01;31:*.txz=01;31:*.tzo=01;31:*.t7z=01;31:*.zip=01;31:*.z=01;31:*.dz=01;31:*.gz=01;31:*.lrz=01;31:*.lz=01;31:*.lzo=01;31:*.xz=01;31:*.zst=01;31:*.tzst=01;31:*.bz2=01;31:*.bz=01;31:*.tbz=01;31:*.tbz2=01;31:*.tz=01;31:*.deb=01;31:*.rpm=01;31:*.jar=01;31:*.war=01;31:*.ear=01;31:*.sar=01;31:*.rar=01;31:*.alz=01;31:*.ace=01;31:*.zoo=01;31:*.cpio=01;31:*.7z=01;31:*.rz=01;31:*.cab=01;31:*.wim=01;31:*.swm=01;31:*.dwm=01;31:*.esd=01;31:*.avif=01;35:*.jpg=01;35:*.jpeg=01;35:*.mjpg=01;35:*.mjpeg=01;35:*.gif=01;35:*.bmp=01;35:*.pbm=01;35:*.pgm=01;35:*.ppm=01;35:*.tga=01;35:*.xbm=01;35:*.xpm=01;35:*.tif=01;35:*.tiff=01;35:*.png=01;35:*.svg=01;35:*.svgz=01;35:*.mng=01;35:*.pcx=01;35:*.mov=01;35:*.mpg=01;35:*.mpeg=01;35:*.m2v=01;35:*.mkv=01;35:*.webm=01;35:*.webp=01;35:*.ogm=01;35:*.mp4=01;35:*.m4v=01;35:*.mp4v=01;35:*.vob=01;35:*.qt=01;35:*.nuv=01;35:*.wmv=01;35:*.asf=01;35:*.rm=01;35:*.rmvb=01;35:*.flc=01;35:*.avi=01;35:*.fli=01;35:*.flv=01;35:*.gl=01;35:*.dl=01;35:*.xcf=01;35:*.xwd=01;35:*.yuv=01;35:*.cgm=01;35:*.emf=01;35:*.ogv=01;35:*.ogx=01;35:*.aac=00;36:*.au=00;36:*.flac=00;36:*.m4a=00;36:*.mid=00;36:*.midi=00;36:*.mka=00;36:*.mp3=00;36:*.mpc=00;36:*.ogg=00;36:*.ra=00;36:*.wav=00;36:*.oga=00;36:*.opus=00;36:*.spx=00;36:*.xspf=00;36:*~=00;90:*#=00;90:*.bak=00;90:*.crdownload=00;90:*.dpkg-dist=00;90:*.dpkg-new=00;90:*.dpkg-old=00;90:*.dpkg-tmp=00;90:*.old=00;90:*.orig=00;90:*.part=00;90:*.rej=00;90:*.rpmnew=00;90:*.rpmorig=00;90:*.rpmsave=00;90:*.swp=00;90:*.tmp=00;90:*.ucf-dist=00;90:*.ucf-new=00;90:*.ucf-old=00;90:", "LANG=en_US.UTF-8", "LESSCLOSE=/usr/bin/lesspipe %s %s", "SSH_CONNECTION=100.95.84.5 50454 100.82.112.7 22", "TMUX_PANE=%2", "LESSOPEN=| /usr/bin/lesspipe %s", "JULIA_PKG_PRECOMPILE_AUTO=0", "XDG_DATA_DIRS=/usr/share/gnome:/usr/local/share:/usr/share:/var/lib/snapd/desktop", "XDG_SESSION_ID=1677", "PATH=/home/ian/.juliaup/bin:/home/ian/.local/bin:/usr/local/sbin:/usr/local/bin:/usr/sbin:/usr/bin:/sbin:/bin:/usr/games:/usr/local/games:/snap/bin", "SSH_TTY=/dev/pts/1", "LOGNAME=ian", "TERM_PROGRAM_VERSION=3.4", "HUSHLOGIN=FALSE", "XDG_SESSION_TYPE=tty", "DEBUGINFOD_URLS=https://debuginfod.ubuntu.com ", "PWD", "OPENBLAS_DEFAULT_NUM_THREADS=1", "REMOTEHOST=100.104.183.53", "HOME=/home/ian", "JULIA_NUM_THREADS=1", "JULIA_PRECOMP_REPORT_TIMING=1", "DBUS_SESSION_BUS_ADDRESS=unix:path=/run/user/1000/bus", "XDG_SESSION_CLASS=user"]): no such file or directory (ENOENT)
Many shells expand '~' to the home directory in unquoted strings. To replicate this behavior, call `expanduser` to expand the '~' character to the user’s home directory.

FunctionWrappersWrappers 
IOError: could not spawn setenv(`/home/ian/.julia/juliaup/julia-pr62725/bin/julia -C native -J/home/ian/.julia/juliaup/julia-pr62725/lib/julia/sys.so -g1 --startup-file=no --compiled-modules=strict --output-o /tmp/julia-ttfx-depot/compiled/v1.14/FunctionWrappersWrappers/jl_ZdJM2w --output-ji /tmp/julia-ttfx-depot/compiled/v1.14/FunctionWrappersWrappers/jl_RUxzYC --output-incremental=yes --startup-file=no --history-file=no --warn-overwrite=yes --color=auto -`,["TERM=tmux-256color", "TTFX_DEPOT_PATH=/tmp/julia-ttfx-depot", "OPENBLAS_NUM_THREADS=1", "OPENBLAS_MAIN_FREE=1", "SHELL=/bin/bash", "SSH_CLIENT=100.104.183.53 58167 22", "JULIA_DEPOT_PATH=/tmp/julia-ttfx-depot:", "OLDPWD=/home/ian/Documents/GitHub/julia", "TMUX=/tmp/tmux-1000/default,1292951,2", "LC_TERMINAL_VERSION=3.6.11", "XDG_RUNTIME_DIR=/run/user/1000", "JULIA_PRECOMPILE_JOBSERVER=/jl_pc_3749826_1", "USER=ian", "LC_TERMINAL=iTerm2", "SHLVL=2", "MAIL=/var/mail/ian", "TERM_PROGRAM=tmux", "LD_LIBRARY_PATH=/usr/local/cuda/lib64:", "_=/home/ian/.juliaup/bin/julia", "LS_COLORS=rs=0:di=01;34:ln=01;36:mh=00:pi=40;33:so=01;35:do=01;35:bd=40;33;01:cd=40;33;01:or=40;31;01:mi=00:su=37;41:sg=30;43:ca=00:tw=30;42:ow=34;42:st=37;44:ex=01;32:*.tar=01;31:*.tgz=01;31:*.arc=01;31:*.arj=01;31:*.taz=01;31:*.lha=01;31:*.lz4=01;31:*.lzh=01;31:*.lzma=01;31:*.tlz=01;31:*.txz=01;31:*.tzo=01;31:*.t7z=01;31:*.zip=01;31:*.z=01;31:*.dz=01;31:*.gz=01;31:*.lrz=01;31:*.lz=01;31:*.lzo=01;31:*.xz=01;31:*.zst=01;31:*.tzst=01;31:*.bz2=01;31:*.bz=01;31:*.tbz=01;31:*.tbz2=01;31:*.tz=01;31:*.deb=01;31:*.rpm=01;31:*.jar=01;31:*.war=01;31:*.ear=01;31:*.sar=01;31:*.rar=01;31:*.alz=01;31:*.ace=01;31:*.zoo=01;31:*.cpio=01;31:*.7z=01;31:*.rz=01;31:*.cab=01;31:*.wim=01;31:*.swm=01;31:*.dwm=01;31:*.esd=01;31:*.avif=01;35:*.jpg=01;35:*.jpeg=01;35:*.mjpg=01;35:*.mjpeg=01;35:*.gif=01;35:*.bmp=01;35:*.pbm=01;35:*.pgm=01;35:*.ppm=01;35:*.tga=01;35:*.xbm=01;35:*.xpm=01;35:*.tif=01;35:*.tiff=01;35:*.png=01;35:*.svg=01;35:*.svgz=01;35:*.mng=01;35:*.pcx=01;35:*.mov=01;35:*.mpg=01;35:*.mpeg=01;35:*.m2v=01;35:*.mkv=01;35:*.webm=01;35:*.webp=01;35:*.ogm=01;35:*.mp4=01;35:*.m4v=01;35:*.mp4v=01;35:*.vob=01;35:*.qt=01;35:*.nuv=01;35:*.wmv=01;35:*.asf=01;35:*.rm=01;35:*.rmvb=01;35:*.flc=01;35:*.avi=01;35:*.fli=01;35:*.flv=01;35:*.gl=01;35:*.dl=01;35:*.xcf=01;35:*.xwd=01;35:*.yuv=01;35:*.cgm=01;35:*.emf=01;35:*.ogv=01;35:*.ogx=01;35:*.aac=00;36:*.au=00;36:*.flac=00;36:*.m4a=00;36:*.mid=00;36:*.midi=00;36:*.mka=00;36:*.mp3=00;36:*.mpc=00;36:*.ogg=00;36:*.ra=00;36:*.wav=00;36:*.oga=00;36:*.opus=00;36:*.spx=00;36:*.xspf=00;36:*~=00;90:*#=00;90:*.bak=00;90:*.crdownload=00;90:*.dpkg-dist=00;90:*.dpkg-new=00;90:*.dpkg-old=00;90:*.dpkg-tmp=00;90:*.old=00;90:*.orig=00;90:*.part=00;90:*.rej=00;90:*.rpmnew=00;90:*.rpmorig=00;90:*.rpmsave=00;90:*.swp=00;90:*.tmp=00;90:*.ucf-dist=00;90:*.ucf-new=00;90:*.ucf-old=00;90:", "LANG=en_US.UTF-8", "LESSCLOSE=/usr/bin/lesspipe %s %s", "SSH_CONNECTION=100.95.84.5 50454 100.82.112.7 22", "TMUX_PANE=%2", "LESSOPEN=| /usr/bin/lesspipe %s", "JULIA_PKG_PRECOMPILE_AUTO=0", "XDG_DATA_DIRS=/usr/share/gnome:/usr/local/share:/usr/share:/var/lib/snapd/desktop", "XDG_SESSION_ID=1677", "PATH=/home/ian/.juliaup/bin:/home/ian/.local/bin:/usr/local/sbin:/usr/local/bin:/usr/sbin:/usr/bin:/sbin:/bin:/usr/games:/usr/local/games:/snap/bin", "SSH_TTY=/dev/pts/1", "LOGNAME=ian", "TERM_PROGRAM_VERSION=3.4", "HUSHLOGIN=FALSE", "XDG_SESSION_TYPE=tty", "DEBUGINFOD_URLS=https://debuginfod.ubuntu.com ", "PWD", "OPENBLAS_DEFAULT_NUM_THREADS=1", "REMOTEHOST=100.104.183.53", "HOME=/home/ian", "JULIA_NUM_THREADS=1", "JULIA_PRECOMP_REPORT_TIMING=1", "DBUS_SESSION_BUS_ADDRESS=unix:path=/run/user/1000/bus", "XDG_SESSION_CLASS=user"]): no such file or directory (ENOENT)
Many shells expand '~' to the home directory in unquoted strings. To replicate this behavior, call `expanduser` to expand the '~' character to the user’s home directory.

CompositionsBase → CompositionsBaseInverseFunctionsExt 
IOError: could not spawn setenv(`/home/ian/.julia/juliaup/julia-pr62725/bin/julia -C native -J/home/ian/.julia/juliaup/julia-pr62725/lib/julia/sys.so -g1 --startup-file=no --compiled-modules=strict --output-o /tmp/julia-ttfx-depot/compiled/v1.14/CompositionsBaseInverseFunctionsExt/jl_FRaBOF --output-ji /tmp/julia-ttfx-depot/compiled/v1.14/CompositionsBaseInverseFunctionsExt/jl_idTVtn --output-incremental=yes --startup-file=no --history-file=no --warn-overwrite=yes --color=auto -`,["TERM=tmux-256color", "TTFX_DEPOT_PATH=/tmp/julia-ttfx-depot", "OPENBLAS_NUM_THREADS=1", "OPENBLAS_MAIN_FREE=1", "SHELL=/bin/bash", "SSH_CLIENT=100.104.183.53 58167 22", "JULIA_DEPOT_PATH=/tmp/julia-ttfx-depot:", "OLDPWD=/home/ian/Documents/GitHub/julia", "TMUX=/tmp/tmux-1000/default,1292951,2", "LC_TERMINAL_VERSION=3.6.11", "XDG_RUNTIME_DIR=/run/user/1000", "JULIA_PRECOMPILE_JOBSERVER=/jl_pc_3749826_1", "USER=ian", "LC_TERMINAL=iTerm2", "SHLVL=2", "MAIL=/var/mail/ian", "TERM_PROGRAM=tmux", "LD_LIBRARY_PATH=/usr/local/cuda/lib64:", "_=/home/ian/.juliaup/bin/julia", "LS_COLORS=rs=0:di=01;34:ln=01;36:mh=00:pi=40;33:so=01;35:do=01;35:bd=40;33;01:cd=40;33;01:or=40;31;01:mi=00:su=37;41:sg=30;43:ca=00:tw=30;42:ow=34;42:st=37;44:ex=01;32:*.tar=01;31:*.tgz=01;31:*.arc=01;31:*.arj=01;31:*.taz=01;31:*.lha=01;31:*.lz4=01;31:*.lzh=01;31:*.lzma=01;31:*.tlz=01;31:*.txz=01;31:*.tzo=01;31:*.t7z=01;31:*.zip=01;31:*.z=01;31:*.dz=01;31:*.gz=01;31:*.lrz=01;31:*.lz=01;31:*.lzo=01;31:*.xz=01;31:*.zst=01;31:*.tzst=01;31:*.bz2=01;31:*.bz=01;31:*.tbz=01;31:*.tbz2=01;31:*.tz=01;31:*.deb=01;31:*.rpm=01;31:*.jar=01;31:*.war=01;31:*.ear=01;31:*.sar=01;31:*.rar=01;31:*.alz=01;31:*.ace=01;31:*.zoo=01;31:*.cpio=01;31:*.7z=01;31:*.rz=01;31:*.cab=01;31:*.wim=01;31:*.swm=01;31:*.dwm=01;31:*.esd=01;31:*.avif=01;35:*.jpg=01;35:*.jpeg=01;35:*.mjpg=01;35:*.mjpeg=01;35:*.gif=01;35:*.bmp=01;35:*.pbm=01;35:*.pgm=01;35:*.ppm=01;35:*.tga=01;35:*.xbm=01;35:*.xpm=01;35:*.tif=01;35:*.tiff=01;35:*.png=01;35:*.svg=01;35:*.svgz=01;35:*.mng=01;35:*.pcx=01;35:*.mov=01;35:*.mpg=01;35:*.mpeg=01;35:*.m2v=01;35:*.mkv=01;35:*.webm=01;35:*.webp=01;35:*.ogm=01;35:*.mp4=01;35:*.m4v=01;35:*.mp4v=01;35:*.vob=01;35:*.qt=01;35:*.nuv=01;35:*.wmv=01;35:*.asf=01;35:*.rm=01;35:*.rmvb=01;35:*.flc=01;35:*.avi=01;35:*.fli=01;35:*.flv=01;35:*.gl=01;35:*.dl=01;35:*.xcf=01;35:*.xwd=01;35:*.yuv=01;35:*.cgm=01;35:*.emf=01;35:*.ogv=01;35:*.ogx=01;35:*.aac=00;36:*.au=00;36:*.flac=00;36:*.m4a=00;36:*.mid=00;36:*.midi=00;36:*.mka=00;36:*.mp3=00;36:*.mpc=00;36:*.ogg=00;36:*.ra=00;36:*.wav=00;36:*.oga=00;36:*.opus=00;36:*.spx=00;36:*.xspf=00;36:*~=00;90:*#=00;90:*.bak=00;90:*.crdownload=00;90:*.dpkg-dist=00;90:*.dpkg-new=00;90:*.dpkg-old=00;90:*.dpkg-tmp=00;90:*.old=00;90:*.orig=00;90:*.part=00;90:*.rej=00;90:*.rpmnew=00;90:*.rpmorig=00;90:*.rpmsave=00;90:*.swp=00;90:*.tmp=00;90:*.ucf-dist=00;90:*.ucf-new=00;90:*.ucf-old=00;90:", "LANG=en_US.UTF-8", "LESSCLOSE=/usr/bin/lesspipe %s %s", "SSH_CONNECTION=100.95.84.5 50454 100.82.112.7 22", "TMUX_PANE=%2", "LESSOPEN=| /usr/bin/lesspipe %s", "JULIA_PKG_PRECOMPILE_AUTO=0", "XDG_DATA_DIRS=/usr/share/gnome:/usr/local/share:/usr/share:/var/lib/snapd/desktop", "XDG_SESSION_ID=1677", "PATH=/home/ian/.juliaup/bin:/home/ian/.local/bin:/usr/local/sbin:/usr/local/bin:/usr/sbin:/usr/bin:/sbin:/bin:/usr/games:/usr/local/games:/snap/bin", "SSH_TTY=/dev/pts/1", "LOGNAME=ian", "TERM_PROGRAM_VERSION=3.4", "HUSHLOGIN=FALSE", "XDG_SESSION_TYPE=tty", "DEBUGINFOD_URLS=https://debuginfod.ubuntu.com ", "PWD", "OPENBLAS_DEFAULT_NUM_THREADS=1", "REMOTEHOST=100.104.183.53", "HOME=/home/ian", "JULIA_NUM_THREADS=1", "JULIA_PRECOMP_REPORT_TIMING=1", "DBUS_SESSION_BUS_ADDRESS=unix:path=/run/user/1000/bus", "XDG_SESSION_CLASS=user"]): no such file or directory (ENOENT)
Many shells expand '~' to the home directory in unquoted strings. To replicate this behavior, call `expanduser` to expand the '~' character to the user’s home directory.

PrecompileTools 
IOError: could not spawn setenv(`/home/ian/.julia/juliaup/julia-pr62725/bin/julia -C native -J/home/ian/.julia/juliaup/julia-pr62725/lib/julia/sys.so -g1 --startup-file=no --compiled-modules=strict --output-o /tmp/julia-ttfx-depot/compiled/v1.14/PrecompileTools/jl_AncQ9U --output-ji /tmp/julia-ttfx-depot/compiled/v1.14/PrecompileTools/jl_8rGqBT --output-incremental=yes --startup-file=no --history-file=no --warn-overwrite=yes --color=auto -`,["TERM=tmux-256color", "TTFX_DEPOT_PATH=/tmp/julia-ttfx-depot", "OPENBLAS_NUM_THREADS=1", "OPENBLAS_MAIN_FREE=1", "SHELL=/bin/bash", "SSH_CLIENT=100.104.183.53 58167 22", "JULIA_DEPOT_PATH=/tmp/julia-ttfx-depot:", "OLDPWD=/home/ian/Documents/GitHub/julia", "TMUX=/tmp/tmux-1000/default,1292951,2", "LC_TERMINAL_VERSION=3.6.11", "XDG_RUNTIME_DIR=/run/user/1000", "JULIA_PRECOMPILE_JOBSERVER=/jl_pc_3749826_1", "USER=ian", "LC_TERMINAL=iTerm2", "SHLVL=2", "MAIL=/var/mail/ian", "TERM_PROGRAM=tmux", "LD_LIBRARY_PATH=/usr/local/cuda/lib64:", "_=/home/ian/.juliaup/bin/julia", "LS_COLORS=rs=0:di=01;34:ln=01;36:mh=00:pi=40;33:so=01;35:do=01;35:bd=40;33;01:cd=40;33;01:or=40;31;01:mi=00:su=37;41:sg=30;43:ca=00:tw=30;42:ow=34;42:st=37;44:ex=01;32:*.tar=01;31:*.tgz=01;31:*.arc=01;31:*.arj=01;31:*.taz=01;31:*.lha=01;31:*.lz4=01;31:*.lzh=01;31:*.lzma=01;31:*.tlz=01;31:*.txz=01;31:*.tzo=01;31:*.t7z=01;31:*.zip=01;31:*.z=01;31:*.dz=01;31:*.gz=01;31:*.lrz=01;31:*.lz=01;31:*.lzo=01;31:*.xz=01;31:*.zst=01;31:*.tzst=01;31:*.bz2=01;31:*.bz=01;31:*.tbz=01;31:*.tbz2=01;31:*.tz=01;31:*.deb=01;31:*.rpm=01;31:*.jar=01;31:*.war=01;31:*.ear=01;31:*.sar=01;31:*.rar=01;31:*.alz=01;31:*.ace=01;31:*.zoo=01;31:*.cpio=01;31:*.7z=01;31:*.rz=01;31:*.cab=01;31:*.wim=01;31:*.swm=01;31:*.dwm=01;31:*.esd=01;31:*.avif=01;35:*.jpg=01;35:*.jpeg=01;35:*.mjpg=01;35:*.mjpeg=01;35:*.gif=01;35:*.bmp=01;35:*.pbm=01;35:*.pgm=01;35:*.ppm=01;35:*.tga=01;35:*.xbm=01;35:*.xpm=01;35:*.tif=01;35:*.tiff=01;35:*.png=01;35:*.svg=01;35:*.svgz=01;35:*.mng=01;35:*.pcx=01;35:*.mov=01;35:*.mpg=01;35:*.mpeg=01;35:*.m2v=01;35:*.mkv=01;35:*.webm=01;35:*.webp=01;35:*.ogm=01;35:*.mp4=01;35:*.m4v=01;35:*.mp4v=01;35:*.vob=01;35:*.qt=01;35:*.nuv=01;35:*.wmv=01;35:*.asf=01;35:*.rm=01;35:*.rmvb=01;35:*.flc=01;35:*.avi=01;35:*.fli=01;35:*.flv=01;35:*.gl=01;35:*.dl=01;35:*.xcf=01;35:*.xwd=01;35:*.yuv=01;35:*.cgm=01;35:*.emf=01;35:*.ogv=01;35:*.ogx=01;35:*.aac=00;36:*.au=00;36:*.flac=00;36:*.m4a=00;36:*.mid=00;36:*.midi=00;36:*.mka=00;36:*.mp3=00;36:*.mpc=00;36:*.ogg=00;36:*.ra=00;36:*.wav=00;36:*.oga=00;36:*.opus=00;36:*.spx=00;36:*.xspf=00;36:*~=00;90:*#=00;90:*.bak=00;90:*.crdownload=00;90:*.dpkg-dist=00;90:*.dpkg-new=00;90:*.dpkg-old=00;90:*.dpkg-tmp=00;90:*.old=00;90:*.orig=00;90:*.part=00;90:*.rej=00;90:*.rpmnew=00;90:*.rpmorig=00;90:*.rpmsave=00;90:*.swp=00;90:*.tmp=00;90:*.ucf-dist=00;90:*.ucf-new=00;90:*.ucf-old=00;90:", "LANG=en_US.UTF-8", "LESSCLOSE=/usr/bin/lesspipe %s %s", "SSH_CONNECTION=100.95.84.5 50454 100.82.112.7 22", "TMUX_PANE=%2", "LESSOPEN=| /usr/bin/lesspipe %s", "JULIA_PKG_PRECOMPILE_AUTO=0", "XDG_DATA_DIRS=/usr/share/gnome:/usr/local/share:/usr/share:/var/lib/snapd/desktop", "XDG_SESSION_ID=1677", "PATH=/home/ian/.juliaup/bin:/home/ian/.local/bin:/usr/local/sbin:/usr/local/bin:/usr/sbin:/usr/bin:/sbin:/bin:/usr/games:/usr/local/games:/snap/bin", "SSH_TTY=/dev/pts/1", "LOGNAME=ian", "TERM_PROGRAM_VERSION=3.4", "HUSHLOGIN=FALSE", "XDG_SESSION_TYPE=tty", "DEBUGINFOD_URLS=https://debuginfod.ubuntu.com ", "PWD", "OPENBLAS_DEFAULT_NUM_THREADS=1", "REMOTEHOST=100.104.183.53", "HOME=/home/ian", "JULIA_NUM_THREADS=1", "JULIA_PRECOMP_REPORT_TIMING=1", "DBUS_SESSION_BUS_ADDRESS=unix:path=/run/user/1000/bus", "XDG_SESSION_CLASS=user"]): no such file or directory (ENOENT)
Many shells expand '~' to the home directory in unquoted strings. To replicate this behavior, call `expanduser` to expand the '~' character to the user’s home directory.

SciMLOperators → SciMLOperatorsSparseArraysExt 
IOError: could not spawn setenv(`/home/ian/.julia/juliaup/julia-pr62725/bin/julia -C native -J/home/ian/.julia/juliaup/julia-pr62725/lib/julia/sys.so -g1 --startup-file=no --compiled-modules=strict --output-o /tmp/julia-ttfx-depot/compiled/v1.14/SciMLOperatorsSparseArraysExt/jl_J5F0W8 --output-ji /tmp/julia-ttfx-depot/compiled/v1.14/SciMLOperatorsSparseArraysExt/jl_Aoooqx --output-incremental=yes --startup-file=no --history-file=no --warn-overwrite=yes --color=auto -`,["TERM=tmux-256color", "TTFX_DEPOT_PATH=/tmp/julia-ttfx-depot", "OPENBLAS_NUM_THREADS=1", "OPENBLAS_MAIN_FREE=1", "SHELL=/bin/bash", "SSH_CLIENT=100.104.183.53 58167 22", "JULIA_DEPOT_PATH=/tmp/julia-ttfx-depot:", "OLDPWD=/home/ian/Documents/GitHub/julia", "TMUX=/tmp/tmux-1000/default,1292951,2", "LC_TERMINAL_VERSION=3.6.11", "XDG_RUNTIME_DIR=/run/user/1000", "JULIA_PRECOMPILE_JOBSERVER=/jl_pc_3749826_1", "USER=ian", "LC_TERMINAL=iTerm2", "SHLVL=2", "MAIL=/var/mail/ian", "TERM_PROGRAM=tmux", "LD_LIBRARY_PATH=/usr/local/cuda/lib64:", "_=/home/ian/.juliaup/bin/julia", "LS_COLORS=rs=0:di=01;34:ln=01;36:mh=00:pi=40;33:so=01;35:do=01;35:bd=40;33;01:cd=40;33;01:or=40;31;01:mi=00:su=37;41:sg=30;43:ca=00:tw=30;42:ow=34;42:st=37;44:ex=01;32:*.tar=01;31:*.tgz=01;31:*.arc=01;31:*.arj=01;31:*.taz=01;31:*.lha=01;31:*.lz4=01;31:*.lzh=01;31:*.lzma=01;31:*.tlz=01;31:*.txz=01;31:*.tzo=01;31:*.t7z=01;31:*.zip=01;31:*.z=01;31:*.dz=01;31:*.gz=01;31:*.lrz=01;31:*.lz=01;31:*.lzo=01;31:*.xz=01;31:*.zst=01;31:*.tzst=01;31:*.bz2=01;31:*.bz=01;31:*.tbz=01;31:*.tbz2=01;31:*.tz=01;31:*.deb=01;31:*.rpm=01;31:*.jar=01;31:*.war=01;31:*.ear=01;31:*.sar=01;31:*.rar=01;31:*.alz=01;31:*.ace=01;31:*.zoo=01;31:*.cpio=01;31:*.7z=01;31:*.rz=01;31:*.cab=01;31:*.wim=01;31:*.swm=01;31:*.dwm=01;31:*.esd=01;31:*.avif=01;35:*.jpg=01;35:*.jpeg=01;35:*.mjpg=01;35:*.mjpeg=01;35:*.gif=01;35:*.bmp=01;35:*.pbm=01;35:*.pgm=01;35:*.ppm=01;35:*.tga=01;35:*.xbm=01;35:*.xpm=01;35:*.tif=01;35:*.tiff=01;35:*.png=01;35:*.svg=01;35:*.svgz=01;35:*.mng=01;35:*.pcx=01;35:*.mov=01;35:*.mpg=01;35:*.mpeg=01;35:*.m2v=01;35:*.mkv=01;35:*.webm=01;35:*.webp=01;35:*.ogm=01;35:*.mp4=01;35:*.m4v=01;35:*.mp4v=01;35:*.vob=01;35:*.qt=01;35:*.nuv=01;35:*.wmv=01;35:*.asf=01;35:*.rm=01;35:*.rmvb=01;35:*.flc=01;35:*.avi=01;35:*.fli=01;35:*.flv=01;35:*.gl=01;35:*.dl=01;35:*.xcf=01;35:*.xwd=01;35:*.yuv=01;35:*.cgm=01;35:*.emf=01;35:*.ogv=01;35:*.ogx=01;35:*.aac=00;36:*.au=00;36:*.flac=00;36:*.m4a=00;36:*.mid=00;36:*.midi=00;36:*.mka=00;36:*.mp3=00;36:*.mpc=00;36:*.ogg=00;36:*.ra=00;36:*.wav=00;36:*.oga=00;36:*.opus=00;36:*.spx=00;36:*.xspf=00;36:*~=00;90:*#=00;90:*.bak=00;90:*.crdownload=00;90:*.dpkg-dist=00;90:*.dpkg-new=00;90:*.dpkg-old=00;90:*.dpkg-tmp=00;90:*.old=00;90:*.orig=00;90:*.part=00;90:*.rej=00;90:*.rpmnew=00;90:*.rpmorig=00;90:*.rpmsave=00;90:*.swp=00;90:*.tmp=00;90:*.ucf-dist=00;90:*.ucf-new=00;90:*.ucf-old=00;90:", "LANG=en_US.UTF-8", "LESSCLOSE=/usr/bin/lesspipe %s %s", "SSH_CONNECTION=100.95.84.5 50454 100.82.112.7 22", "TMUX_PANE=%2", "LESSOPEN=| /usr/bin/lesspipe %s", "JULIA_PKG_PRECOMPILE_AUTO=0", "XDG_DATA_DIRS=/usr/share/gnome:/usr/local/share:/usr/share:/var/lib/snapd/desktop", "XDG_SESSION_ID=1677", "PATH=/home/ian/.juliaup/bin:/home/ian/.local/bin:/usr/local/sbin:/usr/local/bin:/usr/sbin:/usr/bin:/sbin:/bin:/usr/games:/usr/local/games:/snap/bin", "SSH_TTY=/dev/pts/1", "LOGNAME=ian", "TERM_PROGRAM_VERSION=3.4", "HUSHLOGIN=FALSE", "XDG_SESSION_TYPE=tty", "DEBUGINFOD_URLS=https://debuginfod.ubuntu.com ", "PWD", "OPENBLAS_DEFAULT_NUM_THREADS=1", "REMOTEHOST=100.104.183.53", "HOME=/home/ian", "JULIA_NUM_THREADS=1", "JULIA_PRECOMP_REPORT_TIMING=1", "DBUS_SESSION_BUS_ADDRESS=unix:path=/run/user/1000/bus", "XDG_SESSION_CLASS=user"]): no such file or directory (ENOENT)
Many shells expand '~' to the home directory in unquoted strings. To replicate this behavior, call `expanduser` to expand the '~' character to the user’s home directory.

AbstractTrees 
IOError: could not spawn setenv(`/home/ian/.julia/juliaup/julia-pr62725/bin/julia -C native -J/home/ian/.julia/juliaup/julia-pr62725/lib/julia/sys.so -g1 --startup-file=no --output-o /tmp/julia-ttfx-depot/compiled/v1.14/AbstractTrees/jl_8BHZEq --output-ji /tmp/julia-ttfx-depot/compiled/v1.14/AbstractTrees/jl_O5cMzM --output-incremental=yes --startup-file=no --history-file=no --warn-overwrite=yes --color=auto -`,["TERM=tmux-256color", "TTFX_DEPOT_PATH=/tmp/julia-ttfx-depot", "OPENBLAS_NUM_THREADS=1", "OPENBLAS_MAIN_FREE=1", "SHELL=/bin/bash", "SSH_CLIENT=100.104.183.53 58167 22", "JULIA_DEPOT_PATH=/tmp/julia-ttfx-depot:", "OLDPWD=/home/ian/Documents/GitHub/julia", "TMUX=/tmp/tmux-1000/default,1292951,2", "LC_TERMINAL_VERSION=3.6.11", "XDG_RUNTIME_DIR=/run/user/1000", "JULIA_PRECOMPILE_JOBSERVER=/jl_pc_3749826_1", "USER=ian", "LC_TERMINAL=iTerm2", "SHLVL=2", "MAIL=/var/mail/ian", "TERM_PROGRAM=tmux", "LD_LIBRARY_PATH=/usr/local/cuda/lib64:", "_=/home/ian/.juliaup/bin/julia", "LS_COLORS=rs=0:di=01;34:ln=01;36:mh=00:pi=40;33:so=01;35:do=01;35:bd=40;33;01:cd=40;33;01:or=40;31;01:mi=00:su=37;41:sg=30;43:ca=00:tw=30;42:ow=34;42:st=37;44:ex=01;32:*.tar=01;31:*.tgz=01;31:*.arc=01;31:*.arj=01;31:*.taz=01;31:*.lha=01;31:*.lz4=01;31:*.lzh=01;31:*.lzma=01;31:*.tlz=01;31:*.txz=01;31:*.tzo=01;31:*.t7z=01;31:*.zip=01;31:*.z=01;31:*.dz=01;31:*.gz=01;31:*.lrz=01;31:*.lz=01;31:*.lzo=01;31:*.xz=01;31:*.zst=01;31:*.tzst=01;31:*.bz2=01;31:*.bz=01;31:*.tbz=01;31:*.tbz2=01;31:*.tz=01;31:*.deb=01;31:*.rpm=01;31:*.jar=01;31:*.war=01;31:*.ear=01;31:*.sar=01;31:*.rar=01;31:*.alz=01;31:*.ace=01;31:*.zoo=01;31:*.cpio=01;31:*.7z=01;31:*.rz=01;31:*.cab=01;31:*.wim=01;31:*.swm=01;31:*.dwm=01;31:*.esd=01;31:*.avif=01;35:*.jpg=01;35:*.jpeg=01;35:*.mjpg=01;35:*.mjpeg=01;35:*.gif=01;35:*.bmp=01;35:*.pbm=01;35:*.pgm=01;35:*.ppm=01;35:*.tga=01;35:*.xbm=01;35:*.xpm=01;35:*.tif=01;35:*.tiff=01;35:*.png=01;35:*.svg=01;35:*.svgz=01;35:*.mng=01;35:*.pcx=01;35:*.mov=01;35:*.mpg=01;35:*.mpeg=01;35:*.m2v=01;35:*.mkv=01;35:*.webm=01;35:*.webp=01;35:*.ogm=01;35:*.mp4=01;35:*.m4v=01;35:*.mp4v=01;35:*.vob=01;35:*.qt=01;35:*.nuv=01;35:*.wmv=01;35:*.asf=01;35:*.rm=01;35:*.rmvb=01;35:*.flc=01;35:*.avi=01;35:*.fli=01;35:*.flv=01;35:*.gl=01;35:*.dl=01;35:*.xcf=01;35:*.xwd=01;35:*.yuv=01;35:*.cgm=01;35:*.emf=01;35:*.ogv=01;35:*.ogx=01;35:*.aac=00;36:*.au=00;36:*.flac=00;36:*.m4a=00;36:*.mid=00;36:*.midi=00;36:*.mka=00;36:*.mp3=00;36:*.mpc=00;36:*.ogg=00;36:*.ra=00;36:*.wav=00;36:*.oga=00;36:*.opus=00;36:*.spx=00;36:*.xspf=00;36:*~=00;90:*#=00;90:*.bak=00;90:*.crdownload=00;90:*.dpkg-dist=00;90:*.dpkg-new=00;90:*.dpkg-old=00;90:*.dpkg-tmp=00;90:*.old=00;90:*.orig=00;90:*.part=00;90:*.rej=00;90:*.rpmnew=00;90:*.rpmorig=00;90:*.rpmsave=00;90:*.swp=00;90:*.tmp=00;90:*.ucf-dist=00;90:*.ucf-new=00;90:*.ucf-old=00;90:", "LANG=en_US.UTF-8", "LESSCLOSE=/usr/bin/lesspipe %s %s", "SSH_CONNECTION=100.95.84.5 50454 100.82.112.7 22", "TMUX_PANE=%2", "LESSOPEN=| /usr/bin/lesspipe %s", "JULIA_PKG_PRECOMPILE_AUTO=0", "XDG_DATA_DIRS=/usr/share/gnome:/usr/local/share:/usr/share:/var/lib/snapd/desktop", "XDG_SESSION_ID=1677", "PATH=/home/ian/.juliaup/bin:/home/ian/.local/bin:/usr/local/sbin:/usr/local/bin:/usr/sbin:/usr/bin:/sbin:/bin:/usr/games:/usr/local/games:/snap/bin", "SSH_TTY=/dev/pts/1", "LOGNAME=ian", "TERM_PROGRAM_VERSION=3.4", "HUSHLOGIN=FALSE", "XDG_SESSION_TYPE=tty", "DEBUGINFOD_URLS=https://debuginfod.ubuntu.com ", "PWD", "OPENBLAS_DEFAULT_NUM_THREADS=1", "REMOTEHOST=100.104.183.53", "HOME=/home/ian", "JULIA_NUM_THREADS=1", "JULIA_PRECOMP_REPORT_TIMING=1", "DBUS_SESSION_BUS_ADDRESS=unix:path=/run/user/1000/bus", "XDG_SESSION_CLASS=user"]): no such file or directory (ENOENT)
Many shells expand '~' to the home directory in unquoted strings. To replicate this behavior, call `expanduser` to expand the '~' character to the user’s home directory.

LoggingExtras 
Failed to precompile LoggingExtras [e6f89c97-d47a-5376-807f-9c37f3926c36] to "/tmp/julia-ttfx-depot/compiled/v1.14/LoggingExtras/jl_j8InEd" (ProcessExited(1)).

DelayEmbeddings 
Failed to precompile DelayEmbeddings [5732040d-69e3-5649-938a-b6b4f237613f] to "/tmp/julia-ttfx-depot/compiled/v1.14/DelayEmbeddings/jl_AiWRUO" (ProcessExited(1)).

IntelOpenMP_jll 
IOError: could not spawn setenv(`/home/ian/.julia/juliaup/julia-pr62725/bin/julia -C native -J/home/ian/.julia/juliaup/julia-pr62725/lib/julia/sys.so -g1 --startup-file=no --compiled-modules=strict --output-o /tmp/julia-ttfx-depot/compiled/v1.14/IntelOpenMP_jll/jl_Cycd6X --output-ji /tmp/julia-ttfx-depot/compiled/v1.14/IntelOpenMP_jll/jl_ScMuic --output-incremental=yes --startup-file=no --history-file=no --warn-overwrite=yes --color=auto -`,["TERM=tmux-256color", "TTFX_DEPOT_PATH=/tmp/julia-ttfx-depot", "OPENBLAS_NUM_THREADS=1", "OPENBLAS_MAIN_FREE=1", "SHELL=/bin/bash", "SSH_CLIENT=100.104.183.53 58167 22", "JULIA_DEPOT_PATH=/tmp/julia-ttfx-depot:", "OLDPWD=/home/ian/Documents/GitHub/julia", "TMUX=/tmp/tmux-1000/default,1292951,2", "LC_TERMINAL_VERSION=3.6.11", "XDG_RUNTIME_DIR=/run/user/1000", "JULIA_PRECOMPILE_JOBSERVER=/jl_pc_3749826_1", "USER=ian", "LC_TERMINAL=iTerm2", "SHLVL=2", "MAIL=/var/mail/ian", "TERM_PROGRAM=tmux", "LD_LIBRARY_PATH=/usr/local/cuda/lib64:", "_=/home/ian/.juliaup/bin/julia", "LS_COLORS=rs=0:di=01;34:ln=01;36:mh=00:pi=40;33:so=01;35:do=01;35:bd=40;33;01:cd=40;33;01:or=40;31;01:mi=00:su=37;41:sg=30;43:ca=00:tw=30;42:ow=34;42:st=37;44:ex=01;32:*.tar=01;31:*.tgz=01;31:*.arc=01;31:*.arj=01;31:*.taz=01;31:*.lha=01;31:*.lz4=01;31:*.lzh=01;31:*.lzma=01;31:*.tlz=01;31:*.txz=01;31:*.tzo=01;31:*.t7z=01;31:*.zip=01;31:*.z=01;31:*.dz=01;31:*.gz=01;31:*.lrz=01;31:*.lz=01;31:*.lzo=01;31:*.xz=01;31:*.zst=01;31:*.tzst=01;31:*.bz2=01;31:*.bz=01;31:*.tbz=01;31:*.tbz2=01;31:*.tz=01;31:*.deb=01;31:*.rpm=01;31:*.jar=01;31:*.war=01;31:*.ear=01;31:*.sar=01;31:*.rar=01;31:*.alz=01;31:*.ace=01;31:*.zoo=01;31:*.cpio=01;31:*.7z=01;31:*.rz=01;31:*.cab=01;31:*.wim=01;31:*.swm=01;31:*.dwm=01;31:*.esd=01;31:*.avif=01;35:*.jpg=01;35:*.jpeg=01;35:*.mjpg=01;35:*.mjpeg=01;35:*.gif=01;35:*.bmp=01;35:*.pbm=01;35:*.pgm=01;35:*.ppm=01;35:*.tga=01;35:*.xbm=01;35:*.xpm=01;35:*.tif=01;35:*.tiff=01;35:*.png=01;35:*.svg=01;35:*.svgz=01;35:*.mng=01;35:*.pcx=01;35:*.mov=01;35:*.mpg=01;35:*.mpeg=01;35:*.m2v=01;35:*.mkv=01;35:*.webm=01;35:*.webp=01;35:*.ogm=01;35:*.mp4=01;35:*.m4v=01;35:*.mp4v=01;35:*.vob=01;35:*.qt=01;35:*.nuv=01;35:*.wmv=01;35:*.asf=01;35:*.rm=01;35:*.rmvb=01;35:*.flc=01;35:*.avi=01;35:*.fli=01;35:*.flv=01;35:*.gl=01;35:*.dl=01;35:*.xcf=01;35:*.xwd=01;35:*.yuv=01;35:*.cgm=01;35:*.emf=01;35:*.ogv=01;35:*.ogx=01;35:*.aac=00;36:*.au=00;36:*.flac=00;36:*.m4a=00;36:*.mid=00;36:*.midi=00;36:*.mka=00;36:*.mp3=00;36:*.mpc=00;36:*.ogg=00;36:*.ra=00;36:*.wav=00;36:*.oga=00;36:*.opus=00;36:*.spx=00;36:*.xspf=00;36:*~=00;90:*#=00;90:*.bak=00;90:*.crdownload=00;90:*.dpkg-dist=00;90:*.dpkg-new=00;90:*.dpkg-old=00;90:*.dpkg-tmp=00;90:*.old=00;90:*.orig=00;90:*.part=00;90:*.rej=00;90:*.rpmnew=00;90:*.rpmorig=00;90:*.rpmsave=00;90:*.swp=00;90:*.tmp=00;90:*.ucf-dist=00;90:*.ucf-new=00;90:*.ucf-old=00;90:", "LANG=en_US.UTF-8", "LESSCLOSE=/usr/bin/lesspipe %s %s", "SSH_CONNECTION=100.95.84.5 50454 100.82.112.7 22", "TMUX_PANE=%2", "LESSOPEN=| /usr/bin/lesspipe %s", "JULIA_PKG_PRECOMPILE_AUTO=0", "XDG_DATA_DIRS=/usr/share/gnome:/usr/local/share:/usr/share:/var/lib/snapd/desktop", "XDG_SESSION_ID=1677", "PATH=/home/ian/.juliaup/bin:/home/ian/.local/bin:/usr/local/sbin:/usr/local/bin:/usr/sbin:/usr/bin:/sbin:/bin:/usr/games:/usr/local/games:/snap/bin", "SSH_TTY=/dev/pts/1", "LOGNAME=ian", "TERM_PROGRAM_VERSION=3.4", "HUSHLOGIN=FALSE", "XDG_SESSION_TYPE=tty", "DEBUGINFOD_URLS=https://debuginfod.ubuntu.com ", "PWD", "OPENBLAS_DEFAULT_NUM_THREADS=1", "REMOTEHOST=100.104.183.53", "HOME=/home/ian", "JULIA_NUM_THREADS=1", "JULIA_PRECOMP_REPORT_TIMING=1", "DBUS_SESSION_BUS_ADDRESS=unix:path=/run/user/1000/bus", "XDG_SESSION_CLASS=user"]): no such file or directory (ENOENT)
Many shells expand '~' to the home directory in unquoted strings. To replicate this behavior, call `expanduser` to expand the '~' character to the user’s home directory.

ADTypes 
IOError: could not spawn setenv(`/home/ian/.julia/juliaup/julia-pr62725/bin/julia -C native -J/home/ian/.julia/juliaup/julia-pr62725/lib/julia/sys.so -g1 --startup-file=no --output-o /tmp/julia-ttfx-depot/compiled/v1.14/ADTypes/jl_v3aswn --output-ji /tmp/julia-ttfx-depot/compiled/v1.14/ADTypes/jl_yelUFX --output-incremental=yes --startup-file=no --history-file=no --warn-overwrite=yes --color=auto -`,["TERM=tmux-256color", "TTFX_DEPOT_PATH=/tmp/julia-ttfx-depot", "OPENBLAS_NUM_THREADS=1", "OPENBLAS_MAIN_FREE=1", "SHELL=/bin/bash", "SSH_CLIENT=100.104.183.53 58167 22", "JULIA_DEPOT_PATH=/tmp/julia-ttfx-depot:", "OLDPWD=/home/ian/Documents/GitHub/julia", "TMUX=/tmp/tmux-1000/default,1292951,2", "LC_TERMINAL_VERSION=3.6.11", "XDG_RUNTIME_DIR=/run/user/1000", "JULIA_PRECOMPILE_JOBSERVER=/jl_pc_3749826_1", "USER=ian", "LC_TERMINAL=iTerm2", "SHLVL=2", "MAIL=/var/mail/ian", "TERM_PROGRAM=tmux", "LD_LIBRARY_PATH=/usr/local/cuda/lib64:", "_=/home/ian/.juliaup/bin/julia", "LS_COLORS=rs=0:di=01;34:ln=01;36:mh=00:pi=40;33:so=01;35:do=01;35:bd=40;33;01:cd=40;33;01:or=40;31;01:mi=00:su=37;41:sg=30;43:ca=00:tw=30;42:ow=34;42:st=37;44:ex=01;32:*.tar=01;31:*.tgz=01;31:*.arc=01;31:*.arj=01;31:*.taz=01;31:*.lha=01;31:*.lz4=01;31:*.lzh=01;31:*.lzma=01;31:*.tlz=01;31:*.txz=01;31:*.tzo=01;31:*.t7z=01;31:*.zip=01;31:*.z=01;31:*.dz=01;31:*.gz=01;31:*.lrz=01;31:*.lz=01;31:*.lzo=01;31:*.xz=01;31:*.zst=01;31:*.tzst=01;31:*.bz2=01;31:*.bz=01;31:*.tbz=01;31:*.tbz2=01;31:*.tz=01;31:*.deb=01;31:*.rpm=01;31:*.jar=01;31:*.war=01;31:*.ear=01;31:*.sar=01;31:*.rar=01;31:*.alz=01;31:*.ace=01;31:*.zoo=01;31:*.cpio=01;31:*.7z=01;31:*.rz=01;31:*.cab=01;31:*.wim=01;31:*.swm=01;31:*.dwm=01;31:*.esd=01;31:*.avif=01;35:*.jpg=01;35:*.jpeg=01;35:*.mjpg=01;35:*.mjpeg=01;35:*.gif=01;35:*.bmp=01;35:*.pbm=01;35:*.pgm=01;35:*.ppm=01;35:*.tga=01;35:*.xbm=01;35:*.xpm=01;35:*.tif=01;35:*.tiff=01;35:*.png=01;35:*.svg=01;35:*.svgz=01;35:*.mng=01;35:*.pcx=01;35:*.mov=01;35:*.mpg=01;35:*.mpeg=01;35:*.m2v=01;35:*.mkv=01;35:*.webm=01;35:*.webp=01;35:*.ogm=01;35:*.mp4=01;35:*.m4v=01;35:*.mp4v=01;35:*.vob=01;35:*.qt=01;35:*.nuv=01;35:*.wmv=01;35:*.asf=01;35:*.rm=01;35:*.rmvb=01;35:*.flc=01;35:*.avi=01;35:*.fli=01;35:*.flv=01;35:*.gl=01;35:*.dl=01;35:*.xcf=01;35:*.xwd=01;35:*.yuv=01;35:*.cgm=01;35:*.emf=01;35:*.ogv=01;35:*.ogx=01;35:*.aac=00;36:*.au=00;36:*.flac=00;36:*.m4a=00;36:*.mid=00;36:*.midi=00;36:*.mka=00;36:*.mp3=00;36:*.mpc=00;36:*.ogg=00;36:*.ra=00;36:*.wav=00;36:*.oga=00;36:*.opus=00;36:*.spx=00;36:*.xspf=00;36:*~=00;90:*#=00;90:*.bak=00;90:*.crdownload=00;90:*.dpkg-dist=00;90:*.dpkg-new=00;90:*.dpkg-old=00;90:*.dpkg-tmp=00;90:*.old=00;90:*.orig=00;90:*.part=00;90:*.rej=00;90:*.rpmnew=00;90:*.rpmorig=00;90:*.rpmsave=00;90:*.swp=00;90:*.tmp=00;90:*.ucf-dist=00;90:*.ucf-new=00;90:*.ucf-old=00;90:", "LANG=en_US.UTF-8", "LESSCLOSE=/usr/bin/lesspipe %s %s", "SSH_CONNECTION=100.95.84.5 50454 100.82.112.7 22", "TMUX_PANE=%2", "LESSOPEN=| /usr/bin/lesspipe %s", "JULIA_PKG_PRECOMPILE_AUTO=0", "XDG_DATA_DIRS=/usr/share/gnome:/usr/local/share:/usr/share:/var/lib/snapd/desktop", "XDG_SESSION_ID=1677", "PATH=/home/ian/.juliaup/bin:/home/ian/.local/bin:/usr/local/sbin:/usr/local/bin:/usr/sbin:/usr/bin:/sbin:/bin:/usr/games:/usr/local/games:/snap/bin", "SSH_TTY=/dev/pts/1", "LOGNAME=ian", "TERM_PROGRAM_VERSION=3.4", "HUSHLOGIN=FALSE", "XDG_SESSION_TYPE=tty", "DEBUGINFOD_URLS=https://debuginfod.ubuntu.com ", "PWD", "OPENBLAS_DEFAULT_NUM_THREADS=1", "REMOTEHOST=100.104.183.53", "HOME=/home/ian", "JULIA_NUM_THREADS=1", "JULIA_PRECOMP_REPORT_TIMING=1", "DBUS_SESSION_BUS_ADDRESS=unix:path=/run/user/1000/bus", "XDG_SESSION_CLASS=user"]): no such file or directory (ENOENT)
Many shells expand '~' to the home directory in unquoted strings. To replicate this behavior, call `expanduser` to expand the '~' character to the user’s home directory.

StaticArrays 
IOError: could not spawn setenv(`/home/ian/.julia/juliaup/julia-pr62725/bin/julia -C native -J/home/ian/.julia/juliaup/julia-pr62725/lib/julia/sys.so -g1 --startup-file=no --compiled-modules=strict --output-o /tmp/julia-ttfx-depot/compiled/v1.14/StaticArrays/jl_QvN48C --output-ji /tmp/julia-ttfx-depot/compiled/v1.14/StaticArrays/jl_fzJ9Zo --output-incremental=yes --startup-file=no --history-file=no --warn-overwrite=yes --color=auto -`,["TERM=tmux-256color", "TTFX_DEPOT_PATH=/tmp/julia-ttfx-depot", "OPENBLAS_NUM_THREADS=1", "OPENBLAS_MAIN_FREE=1", "SHELL=/bin/bash", "SSH_CLIENT=100.104.183.53 58167 22", "JULIA_DEPOT_PATH=/tmp/julia-ttfx-depot:", "OLDPWD=/home/ian/Documents/GitHub/julia", "TMUX=/tmp/tmux-1000/default,1292951,2", "LC_TERMINAL_VERSION=3.6.11", "XDG_RUNTIME_DIR=/run/user/1000", "JULIA_PRECOMPILE_JOBSERVER=/jl_pc_3749826_1", "USER=ian", "LC_TERMINAL=iTerm2", "SHLVL=2", "MAIL=/var/mail/ian", "TERM_PROGRAM=tmux", "LD_LIBRARY_PATH=/usr/local/cuda/lib64:", "_=/home/ian/.juliaup/bin/julia", "LS_COLORS=rs=0:di=01;34:ln=01;36:mh=00:pi=40;33:so=01;35:do=01;35:bd=40;33;01:cd=40;33;01:or=40;31;01:mi=00:su=37;41:sg=30;43:ca=00:tw=30;42:ow=34;42:st=37;44:ex=01;32:*.tar=01;31:*.tgz=01;31:*.arc=01;31:*.arj=01;31:*.taz=01;31:*.lha=01;31:*.lz4=01;31:*.lzh=01;31:*.lzma=01;31:*.tlz=01;31:*.txz=01;31:*.tzo=01;31:*.t7z=01;31:*.zip=01;31:*.z=01;31:*.dz=01;31:*.gz=01;31:*.lrz=01;31:*.lz=01;31:*.lzo=01;31:*.xz=01;31:*.zst=01;31:*.tzst=01;31:*.bz2=01;31:*.bz=01;31:*.tbz=01;31:*.tbz2=01;31:*.tz=01;31:*.deb=01;31:*.rpm=01;31:*.jar=01;31:*.war=01;31:*.ear=01;31:*.sar=01;31:*.rar=01;31:*.alz=01;31:*.ace=01;31:*.zoo=01;31:*.cpio=01;31:*.7z=01;31:*.rz=01;31:*.cab=01;31:*.wim=01;31:*.swm=01;31:*.dwm=01;31:*.esd=01;31:*.avif=01;35:*.jpg=01;35:*.jpeg=01;35:*.mjpg=01;35:*.mjpeg=01;35:*.gif=01;35:*.bmp=01;35:*.pbm=01;35:*.pgm=01;35:*.ppm=01;35:*.tga=01;35:*.xbm=01;35:*.xpm=01;35:*.tif=01;35:*.tiff=01;35:*.png=01;35:*.svg=01;35:*.svgz=01;35:*.mng=01;35:*.pcx=01;35:*.mov=01;35:*.mpg=01;35:*.mpeg=01;35:*.m2v=01;35:*.mkv=01;35:*.webm=01;35:*.webp=01;35:*.ogm=01;35:*.mp4=01;35:*.m4v=01;35:*.mp4v=01;35:*.vob=01;35:*.qt=01;35:*.nuv=01;35:*.wmv=01;35:*.asf=01;35:*.rm=01;35:*.rmvb=01;35:*.flc=01;35:*.avi=01;35:*.fli=01;35:*.flv=01;35:*.gl=01;35:*.dl=01;35:*.xcf=01;35:*.xwd=01;35:*.yuv=01;35:*.cgm=01;35:*.emf=01;35:*.ogv=01;35:*.ogx=01;35:*.aac=00;36:*.au=00;36:*.flac=00;36:*.m4a=00;36:*.mid=00;36:*.midi=00;36:*.mka=00;36:*.mp3=00;36:*.mpc=00;36:*.ogg=00;36:*.ra=00;36:*.wav=00;36:*.oga=00;36:*.opus=00;36:*.spx=00;36:*.xspf=00;36:*~=00;90:*#=00;90:*.bak=00;90:*.crdownload=00;90:*.dpkg-dist=00;90:*.dpkg-new=00;90:*.dpkg-old=00;90:*.dpkg-tmp=00;90:*.old=00;90:*.orig=00;90:*.part=00;90:*.rej=00;90:*.rpmnew=00;90:*.rpmorig=00;90:*.rpmsave=00;90:*.swp=00;90:*.tmp=00;90:*.ucf-dist=00;90:*.ucf-new=00;90:*.ucf-old=00;90:", "LANG=en_US.UTF-8", "LESSCLOSE=/usr/bin/lesspipe %s %s", "SSH_CONNECTION=100.95.84.5 50454 100.82.112.7 22", "TMUX_PANE=%2", "LESSOPEN=| /usr/bin/lesspipe %s", "JULIA_PKG_PRECOMPILE_AUTO=0", "XDG_DATA_DIRS=/usr/share/gnome:/usr/local/share:/usr/share:/var/lib/snapd/desktop", "XDG_SESSION_ID=1677", "PATH=/home/ian/.juliaup/bin:/home/ian/.local/bin:/usr/local/sbin:/usr/local/bin:/usr/sbin:/usr/bin:/sbin:/bin:/usr/games:/usr/local/games:/snap/bin", "SSH_TTY=/dev/pts/1", "LOGNAME=ian", "TERM_PROGRAM_VERSION=3.4", "HUSHLOGIN=FALSE", "XDG_SESSION_TYPE=tty", "DEBUGINFOD_URLS=https://debuginfod.ubuntu.com ", "PWD", "OPENBLAS_DEFAULT_NUM_THREADS=1", "REMOTEHOST=100.104.183.53", "HOME=/home/ian", "JULIA_NUM_THREADS=1", "JULIA_PRECOMP_REPORT_TIMING=1", "DBUS_SESSION_BUS_ADDRESS=unix:path=/run/user/1000/bus", "XDG_SESSION_CLASS=user"]): no such file or directory (ENOENT)
Many shells expand '~' to the home directory in unquoted strings. To replicate this behavior, call `expanduser` to expand the '~' character to the user’s home directory.

Neighborhood 
IOError: could not spawn setenv(`/home/ian/.julia/juliaup/julia-pr62725/bin/julia -C native -J/home/ian/.julia/juliaup/julia-pr62725/lib/julia/sys.so -g1 --startup-file=no --compiled-modules=strict --output-o /tmp/julia-ttfx-depot/compiled/v1.14/Neighborhood/jl_ZS1thl --output-ji /tmp/julia-ttfx-depot/compiled/v1.14/Neighborhood/jl_VQO8zj --output-incremental=yes --startup-file=no --history-file=no --warn-overwrite=yes --color=auto -`,["TERM=tmux-256color", "TTFX_DEPOT_PATH=/tmp/julia-ttfx-depot", "OPENBLAS_NUM_THREADS=1", "OPENBLAS_MAIN_FREE=1", "SHELL=/bin/bash", "SSH_CLIENT=100.104.183.53 58167 22", "JULIA_DEPOT_PATH=/tmp/julia-ttfx-depot:", "OLDPWD=/home/ian/Documents/GitHub/julia", "TMUX=/tmp/tmux-1000/default,1292951,2", "LC_TERMINAL_VERSION=3.6.11", "XDG_RUNTIME_DIR=/run/user/1000", "JULIA_PRECOMPILE_JOBSERVER=/jl_pc_3749826_1", "USER=ian", "LC_TERMINAL=iTerm2", "SHLVL=2", "MAIL=/var/mail/ian", "TERM_PROGRAM=tmux", "LD_LIBRARY_PATH=/usr/local/cuda/lib64:", "_=/home/ian/.juliaup/bin/julia", "LS_COLORS=rs=0:di=01;34:ln=01;36:mh=00:pi=40;33:so=01;35:do=01;35:bd=40;33;01:cd=40;33;01:or=40;31;01:mi=00:su=37;41:sg=30;43:ca=00:tw=30;42:ow=34;42:st=37;44:ex=01;32:*.tar=01;31:*.tgz=01;31:*.arc=01;31:*.arj=01;31:*.taz=01;31:*.lha=01;31:*.lz4=01;31:*.lzh=01;31:*.lzma=01;31:*.tlz=01;31:*.txz=01;31:*.tzo=01;31:*.t7z=01;31:*.zip=01;31:*.z=01;31:*.dz=01;31:*.gz=01;31:*.lrz=01;31:*.lz=01;31:*.lzo=01;31:*.xz=01;31:*.zst=01;31:*.tzst=01;31:*.bz2=01;31:*.bz=01;31:*.tbz=01;31:*.tbz2=01;31:*.tz=01;31:*.deb=01;31:*.rpm=01;31:*.jar=01;31:*.war=01;31:*.ear=01;31:*.sar=01;31:*.rar=01;31:*.alz=01;31:*.ace=01;31:*.zoo=01;31:*.cpio=01;31:*.7z=01;31:*.rz=01;31:*.cab=01;31:*.wim=01;31:*.swm=01;31:*.dwm=01;31:*.esd=01;31:*.avif=01;35:*.jpg=01;35:*.jpeg=01;35:*.mjpg=01;35:*.mjpeg=01;35:*.gif=01;35:*.bmp=01;35:*.pbm=01;35:*.pgm=01;35:*.ppm=01;35:*.tga=01;35:*.xbm=01;35:*.xpm=01;35:*.tif=01;35:*.tiff=01;35:*.png=01;35:*.svg=01;35:*.svgz=01;35:*.mng=01;35:*.pcx=01;35:*.mov=01;35:*.mpg=01;35:*.mpeg=01;35:*.m2v=01;35:*.mkv=01;35:*.webm=01;35:*.webp=01;35:*.ogm=01;35:*.mp4=01;35:*.m4v=01;35:*.mp4v=01;35:*.vob=01;35:*.qt=01;35:*.nuv=01;35:*.wmv=01;35:*.asf=01;35:*.rm=01;35:*.rmvb=01;35:*.flc=01;35:*.avi=01;35:*.fli=01;35:*.flv=01;35:*.gl=01;35:*.dl=01;35:*.xcf=01;35:*.xwd=01;35:*.yuv=01;35:*.cgm=01;35:*.emf=01;35:*.ogv=01;35:*.ogx=01;35:*.aac=00;36:*.au=00;36:*.flac=00;36:*.m4a=00;36:*.mid=00;36:*.midi=00;36:*.mka=00;36:*.mp3=00;36:*.mpc=00;36:*.ogg=00;36:*.ra=00;36:*.wav=00;36:*.oga=00;36:*.opus=00;36:*.spx=00;36:*.xspf=00;36:*~=00;90:*#=00;90:*.bak=00;90:*.crdownload=00;90:*.dpkg-dist=00;90:*.dpkg-new=00;90:*.dpkg-old=00;90:*.dpkg-tmp=00;90:*.old=00;90:*.orig=00;90:*.part=00;90:*.rej=00;90:*.rpmnew=00;90:*.rpmorig=00;90:*.rpmsave=00;90:*.swp=00;90:*.tmp=00;90:*.ucf-dist=00;90:*.ucf-new=00;90:*.ucf-old=00;90:", "LANG=en_US.UTF-8", "LESSCLOSE=/usr/bin/lesspipe %s %s", "SSH_CONNECTION=100.95.84.5 50454 100.82.112.7 22", "TMUX_PANE=%2", "LESSOPEN=| /usr/bin/lesspipe %s", "JULIA_PKG_PRECOMPILE_AUTO=0", "XDG_DATA_DIRS=/usr/share/gnome:/usr/local/share:/usr/share:/var/lib/snapd/desktop", "XDG_SESSION_ID=1677", "PATH=/home/ian/.juliaup/bin:/home/ian/.local/bin:/usr/local/sbin:/usr/local/bin:/usr/sbin:/usr/bin:/sbin:/bin:/usr/games:/usr/local/games:/snap/bin", "SSH_TTY=/dev/pts/1", "LOGNAME=ian", "TERM_PROGRAM_VERSION=3.4", "HUSHLOGIN=FALSE", "XDG_SESSION_TYPE=tty", "DEBUGINFOD_URLS=https://debuginfod.ubuntu.com ", "PWD", "OPENBLAS_DEFAULT_NUM_THREADS=1", "REMOTEHOST=100.104.183.53", "HOME=/home/ian", "JULIA_NUM_THREADS=1", "JULIA_PRECOMP_REPORT_TIMING=1", "DBUS_SESSION_BUS_ADDRESS=unix:path=/run/user/1000/bus", "XDG_SESSION_CLASS=user"]): no such file or directory (ENOENT)
Many shells expand '~' to the home directory in unquoted strings. To replicate this behavior, call `expanduser` to expand the '~' character to the user’s home directory.

RuntimeGeneratedFunctions 
IOError: could not spawn setenv(`/home/ian/.julia/juliaup/julia-pr62725/bin/julia -C native -J/home/ian/.julia/juliaup/julia-pr62725/lib/julia/sys.so -g1 --startup-file=no --compiled-modules=strict --output-o /tmp/julia-ttfx-depot/compiled/v1.14/RuntimeGeneratedFunctions/jl_YhXYkx --output-ji /tmp/julia-ttfx-depot/compiled/v1.14/RuntimeGeneratedFunctions/jl_cfPO06 --output-incremental=yes --startup-file=no --history-file=no --warn-overwrite=yes --color=auto -`,["TERM=tmux-256color", "TTFX_DEPOT_PATH=/tmp/julia-ttfx-depot", "OPENBLAS_NUM_THREADS=1", "OPENBLAS_MAIN_FREE=1", "SHELL=/bin/bash", "SSH_CLIENT=100.104.183.53 58167 22", "JULIA_DEPOT_PATH=/tmp/julia-ttfx-depot:", "OLDPWD=/home/ian/Documents/GitHub/julia", "TMUX=/tmp/tmux-1000/default,1292951,2", "LC_TERMINAL_VERSION=3.6.11", "XDG_RUNTIME_DIR=/run/user/1000", "JULIA_PRECOMPILE_JOBSERVER=/jl_pc_3749826_1", "USER=ian", "LC_TERMINAL=iTerm2", "SHLVL=2", "MAIL=/var/mail/ian", "TERM_PROGRAM=tmux", "LD_LIBRARY_PATH=/usr/local/cuda/lib64:", "_=/home/ian/.juliaup/bin/julia", "LS_COLORS=rs=0:di=01;34:ln=01;36:mh=00:pi=40;33:so=01;35:do=01;35:bd=40;33;01:cd=40;33;01:or=40;31;01:mi=00:su=37;41:sg=30;43:ca=00:tw=30;42:ow=34;42:st=37;44:ex=01;32:*.tar=01;31:*.tgz=01;31:*.arc=01;31:*.arj=01;31:*.taz=01;31:*.lha=01;31:*.lz4=01;31:*.lzh=01;31:*.lzma=01;31:*.tlz=01;31:*.txz=01;31:*.tzo=01;31:*.t7z=01;31:*.zip=01;31:*.z=01;31:*.dz=01;31:*.gz=01;31:*.lrz=01;31:*.lz=01;31:*.lzo=01;31:*.xz=01;31:*.zst=01;31:*.tzst=01;31:*.bz2=01;31:*.bz=01;31:*.tbz=01;31:*.tbz2=01;31:*.tz=01;31:*.deb=01;31:*.rpm=01;31:*.jar=01;31:*.war=01;31:*.ear=01;31:*.sar=01;31:*.rar=01;31:*.alz=01;31:*.ace=01;31:*.zoo=01;31:*.cpio=01;31:*.7z=01;31:*.rz=01;31:*.cab=01;31:*.wim=01;31:*.swm=01;31:*.dwm=01;31:*.esd=01;31:*.avif=01;35:*.jpg=01;35:*.jpeg=01;35:*.mjpg=01;35:*.mjpeg=01;35:*.gif=01;35:*.bmp=01;35:*.pbm=01;35:*.pgm=01;35:*.ppm=01;35:*.tga=01;35:*.xbm=01;35:*.xpm=01;35:*.tif=01;35:*.tiff=01;35:*.png=01;35:*.svg=01;35:*.svgz=01;35:*.mng=01;35:*.pcx=01;35:*.mov=01;35:*.mpg=01;35:*.mpeg=01;35:*.m2v=01;35:*.mkv=01;35:*.webm=01;35:*.webp=01;35:*.ogm=01;35:*.mp4=01;35:*.m4v=01;35:*.mp4v=01;35:*.vob=01;35:*.qt=01;35:*.nuv=01;35:*.wmv=01;35:*.asf=01;35:*.rm=01;35:*.rmvb=01;35:*.flc=01;35:*.avi=01;35:*.fli=01;35:*.flv=01;35:*.gl=01;35:*.dl=01;35:*.xcf=01;35:*.xwd=01;35:*.yuv=01;35:*.cgm=01;35:*.emf=01;35:*.ogv=01;35:*.ogx=01;35:*.aac=00;36:*.au=00;36:*.flac=00;36:*.m4a=00;36:*.mid=00;36:*.midi=00;36:*.mka=00;36:*.mp3=00;36:*.mpc=00;36:*.ogg=00;36:*.ra=00;36:*.wav=00;36:*.oga=00;36:*.opus=00;36:*.spx=00;36:*.xspf=00;36:*~=00;90:*#=00;90:*.bak=00;90:*.crdownload=00;90:*.dpkg-dist=00;90:*.dpkg-new=00;90:*.dpkg-old=00;90:*.dpkg-tmp=00;90:*.old=00;90:*.orig=00;90:*.part=00;90:*.rej=00;90:*.rpmnew=00;90:*.rpmorig=00;90:*.rpmsave=00;90:*.swp=00;90:*.tmp=00;90:*.ucf-dist=00;90:*.ucf-new=00;90:*.ucf-old=00;90:", "LANG=en_US.UTF-8", "LESSCLOSE=/usr/bin/lesspipe %s %s", "SSH_CONNECTION=100.95.84.5 50454 100.82.112.7 22", "TMUX_PANE=%2", "LESSOPEN=| /usr/bin/lesspipe %s", "JULIA_PKG_PRECOMPILE_AUTO=0", "XDG_DATA_DIRS=/usr/share/gnome:/usr/local/share:/usr/share:/var/lib/snapd/desktop", "XDG_SESSION_ID=1677", "PATH=/home/ian/.juliaup/bin:/home/ian/.local/bin:/usr/local/sbin:/usr/local/bin:/usr/sbin:/usr/bin:/sbin:/bin:/usr/games:/usr/local/games:/snap/bin", "SSH_TTY=/dev/pts/1", "LOGNAME=ian", "TERM_PROGRAM_VERSION=3.4", "HUSHLOGIN=FALSE", "XDG_SESSION_TYPE=tty", "DEBUGINFOD_URLS=https://debuginfod.ubuntu.com ", "PWD", "OPENBLAS_DEFAULT_NUM_THREADS=1", "REMOTEHOST=100.104.183.53", "HOME=/home/ian", "JULIA_NUM_THREADS=1", "JULIA_PRECOMP_REPORT_TIMING=1", "DBUS_SESSION_BUS_ADDRESS=unix:path=/run/user/1000/bus", "XDG_SESSION_CLASS=user"]): no such file or directory (ENOENT)
Many shells expand '~' to the home directory in unquoted strings. To replicate this behavior, call `expanduser` to expand the '~' character to the user’s home directory.

SimpleTraits 
IOError: could not spawn setenv(`/home/ian/.julia/juliaup/julia-pr62725/bin/julia -C native -J/home/ian/.julia/juliaup/julia-pr62725/lib/julia/sys.so -g1 --startup-file=no --compiled-modules=strict --output-o /tmp/julia-ttfx-depot/compiled/v1.14/SimpleTraits/jl_1bxZJ4 --output-ji /tmp/julia-ttfx-depot/compiled/v1.14/SimpleTraits/jl_mjLMss --output-incremental=yes --startup-file=no --history-file=no --warn-overwrite=yes --color=auto -`,["TERM=tmux-256color", "TTFX_DEPOT_PATH=/tmp/julia-ttfx-depot", "OPENBLAS_NUM_THREADS=1", "OPENBLAS_MAIN_FREE=1", "SHELL=/bin/bash", "SSH_CLIENT=100.104.183.53 58167 22", "JULIA_DEPOT_PATH=/tmp/julia-ttfx-depot:", "OLDPWD=/home/ian/Documents/GitHub/julia", "TMUX=/tmp/tmux-1000/default,1292951,2", "LC_TERMINAL_VERSION=3.6.11", "XDG_RUNTIME_DIR=/run/user/1000", "JULIA_PRECOMPILE_JOBSERVER=/jl_pc_3749826_1", "USER=ian", "LC_TERMINAL=iTerm2", "SHLVL=2", "MAIL=/var/mail/ian", "TERM_PROGRAM=tmux", "LD_LIBRARY_PATH=/usr/local/cuda/lib64:", "_=/home/ian/.juliaup/bin/julia", "LS_COLORS=rs=0:di=01;34:ln=01;36:mh=00:pi=40;33:so=01;35:do=01;35:bd=40;33;01:cd=40;33;01:or=40;31;01:mi=00:su=37;41:sg=30;43:ca=00:tw=30;42:ow=34;42:st=37;44:ex=01;32:*.tar=01;31:*.tgz=01;31:*.arc=01;31:*.arj=01;31:*.taz=01;31:*.lha=01;31:*.lz4=01;31:*.lzh=01;31:*.lzma=01;31:*.tlz=01;31:*.txz=01;31:*.tzo=01;31:*.t7z=01;31:*.zip=01;31:*.z=01;31:*.dz=01;31:*.gz=01;31:*.lrz=01;31:*.lz=01;31:*.lzo=01;31:*.xz=01;31:*.zst=01;31:*.tzst=01;31:*.bz2=01;31:*.bz=01;31:*.tbz=01;31:*.tbz2=01;31:*.tz=01;31:*.deb=01;31:*.rpm=01;31:*.jar=01;31:*.war=01;31:*.ear=01;31:*.sar=01;31:*.rar=01;31:*.alz=01;31:*.ace=01;31:*.zoo=01;31:*.cpio=01;31:*.7z=01;31:*.rz=01;31:*.cab=01;31:*.wim=01;31:*.swm=01;31:*.dwm=01;31:*.esd=01;31:*.avif=01;35:*.jpg=01;35:*.jpeg=01;35:*.mjpg=01;35:*.mjpeg=01;35:*.gif=01;35:*.bmp=01;35:*.pbm=01;35:*.pgm=01;35:*.ppm=01;35:*.tga=01;35:*.xbm=01;35:*.xpm=01;35:*.tif=01;35:*.tiff=01;35:*.png=01;35:*.svg=01;35:*.svgz=01;35:*.mng=01;35:*.pcx=01;35:*.mov=01;35:*.mpg=01;35:*.mpeg=01;35:*.m2v=01;35:*.mkv=01;35:*.webm=01;35:*.webp=01;35:*.ogm=01;35:*.mp4=01;35:*.m4v=01;35:*.mp4v=01;35:*.vob=01;35:*.qt=01;35:*.nuv=01;35:*.wmv=01;35:*.asf=01;35:*.rm=01;35:*.rmvb=01;35:*.flc=01;35:*.avi=01;35:*.fli=01;35:*.flv=01;35:*.gl=01;35:*.dl=01;35:*.xcf=01;35:*.xwd=01;35:*.yuv=01;35:*.cgm=01;35:*.emf=01;35:*.ogv=01;35:*.ogx=01;35:*.aac=00;36:*.au=00;36:*.flac=00;36:*.m4a=00;36:*.mid=00;36:*.midi=00;36:*.mka=00;36:*.mp3=00;36:*.mpc=00;36:*.ogg=00;36:*.ra=00;36:*.wav=00;36:*.oga=00;36:*.opus=00;36:*.spx=00;36:*.xspf=00;36:*~=00;90:*#=00;90:*.bak=00;90:*.crdownload=00;90:*.dpkg-dist=00;90:*.dpkg-new=00;90:*.dpkg-old=00;90:*.dpkg-tmp=00;90:*.old=00;90:*.orig=00;90:*.part=00;90:*.rej=00;90:*.rpmnew=00;90:*.rpmorig=00;90:*.rpmsave=00;90:*.swp=00;90:*.tmp=00;90:*.ucf-dist=00;90:*.ucf-new=00;90:*.ucf-old=00;90:", "LANG=en_US.UTF-8", "LESSCLOSE=/usr/bin/lesspipe %s %s", "SSH_CONNECTION=100.95.84.5 50454 100.82.112.7 22", "TMUX_PANE=%2", "LESSOPEN=| /usr/bin/lesspipe %s", "JULIA_PKG_PRECOMPILE_AUTO=0", "XDG_DATA_DIRS=/usr/share/gnome:/usr/local/share:/usr/share:/var/lib/snapd/desktop", "XDG_SESSION_ID=1677", "PATH=/home/ian/.juliaup/bin:/home/ian/.local/bin:/usr/local/sbin:/usr/local/bin:/usr/sbin:/usr/bin:/sbin:/bin:/usr/games:/usr/local/games:/snap/bin", "SSH_TTY=/dev/pts/1", "LOGNAME=ian", "TERM_PROGRAM_VERSION=3.4", "HUSHLOGIN=FALSE", "XDG_SESSION_TYPE=tty", "DEBUGINFOD_URLS=https://debuginfod.ubuntu.com ", "PWD", "OPENBLAS_DEFAULT_NUM_THREADS=1", "REMOTEHOST=100.104.183.53", "HOME=/home/ian", "JULIA_NUM_THREADS=1", "JULIA_PRECOMP_REPORT_TIMING=1", "DBUS_SESSION_BUS_ADDRESS=unix:path=/run/user/1000/bus", "XDG_SESSION_CLASS=user"]): no such file or directory (ENOENT)
Many shells expand '~' to the home directory in unquoted strings. To replicate this behavior, call `expanduser` to expand the '~' character to the user’s home directory.

LogExpFunctions → LogExpFunctionsInverseFunctionsExt 
IOError: could not spawn setenv(`/home/ian/.julia/juliaup/julia-pr62725/bin/julia -C native -J/home/ian/.julia/juliaup/julia-pr62725/lib/julia/sys.so -g1 --startup-file=no --compiled-modules=strict --output-o /tmp/julia-ttfx-depot/compiled/v1.14/LogExpFunctionsInverseFunctionsExt/jl_SZ41Hf --output-ji /tmp/julia-ttfx-depot/compiled/v1.14/LogExpFunctionsInverseFunctionsExt/jl_ytAOCB --output-incremental=yes --startup-file=no --history-file=no --warn-overwrite=yes --color=auto -`,["TERM=tmux-256color", "TTFX_DEPOT_PATH=/tmp/julia-ttfx-depot", "OPENBLAS_NUM_THREADS=1", "OPENBLAS_MAIN_FREE=1", "SHELL=/bin/bash", "SSH_CLIENT=100.104.183.53 58167 22", "JULIA_DEPOT_PATH=/tmp/julia-ttfx-depot:", "OLDPWD=/home/ian/Documents/GitHub/julia", "TMUX=/tmp/tmux-1000/default,1292951,2", "LC_TERMINAL_VERSION=3.6.11", "XDG_RUNTIME_DIR=/run/user/1000", "JULIA_PRECOMPILE_JOBSERVER=/jl_pc_3749826_1", "USER=ian", "LC_TERMINAL=iTerm2", "SHLVL=2", "MAIL=/var/mail/ian", "TERM_PROGRAM=tmux", "LD_LIBRARY_PATH=/usr/local/cuda/lib64:", "_=/home/ian/.juliaup/bin/julia", "LS_COLORS=rs=0:di=01;34:ln=01;36:mh=00:pi=40;33:so=01;35:do=01;35:bd=40;33;01:cd=40;33;01:or=40;31;01:mi=00:su=37;41:sg=30;43:ca=00:tw=30;42:ow=34;42:st=37;44:ex=01;32:*.tar=01;31:*.tgz=01;31:*.arc=01;31:*.arj=01;31:*.taz=01;31:*.lha=01;31:*.lz4=01;31:*.lzh=01;31:*.lzma=01;31:*.tlz=01;31:*.txz=01;31:*.tzo=01;31:*.t7z=01;31:*.zip=01;31:*.z=01;31:*.dz=01;31:*.gz=01;31:*.lrz=01;31:*.lz=01;31:*.lzo=01;31:*.xz=01;31:*.zst=01;31:*.tzst=01;31:*.bz2=01;31:*.bz=01;31:*.tbz=01;31:*.tbz2=01;31:*.tz=01;31:*.deb=01;31:*.rpm=01;31:*.jar=01;31:*.war=01;31:*.ear=01;31:*.sar=01;31:*.rar=01;31:*.alz=01;31:*.ace=01;31:*.zoo=01;31:*.cpio=01;31:*.7z=01;31:*.rz=01;31:*.cab=01;31:*.wim=01;31:*.swm=01;31:*.dwm=01;31:*.esd=01;31:*.avif=01;35:*.jpg=01;35:*.jpeg=01;35:*.mjpg=01;35:*.mjpeg=01;35:*.gif=01;35:*.bmp=01;35:*.pbm=01;35:*.pgm=01;35:*.ppm=01;35:*.tga=01;35:*.xbm=01;35:*.xpm=01;35:*.tif=01;35:*.tiff=01;35:*.png=01;35:*.svg=01;35:*.svgz=01;35:*.mng=01;35:*.pcx=01;35:*.mov=01;35:*.mpg=01;35:*.mpeg=01;35:*.m2v=01;35:*.mkv=01;35:*.webm=01;35:*.webp=01;35:*.ogm=01;35:*.mp4=01;35:*.m4v=01;35:*.mp4v=01;35:*.vob=01;35:*.qt=01;35:*.nuv=01;35:*.wmv=01;35:*.asf=01;35:*.rm=01;35:*.rmvb=01;35:*.flc=01;35:*.avi=01;35:*.fli=01;35:*.flv=01;35:*.gl=01;35:*.dl=01;35:*.xcf=01;35:*.xwd=01;35:*.yuv=01;35:*.cgm=01;35:*.emf=01;35:*.ogv=01;35:*.ogx=01;35:*.aac=00;36:*.au=00;36:*.flac=00;36:*.m4a=00;36:*.mid=00;36:*.midi=00;36:*.mka=00;36:*.mp3=00;36:*.mpc=00;36:*.ogg=00;36:*.ra=00;36:*.wav=00;36:*.oga=00;36:*.opus=00;36:*.spx=00;36:*.xspf=00;36:*~=00;90:*#=00;90:*.bak=00;90:*.crdownload=00;90:*.dpkg-dist=00;90:*.dpkg-new=00;90:*.dpkg-old=00;90:*.dpkg-tmp=00;90:*.old=00;90:*.orig=00;90:*.part=00;90:*.rej=00;90:*.rpmnew=00;90:*.rpmorig=00;90:*.rpmsave=00;90:*.swp=00;90:*.tmp=00;90:*.ucf-dist=00;90:*.ucf-new=00;90:*.ucf-old=00;90:", "LANG=en_US.UTF-8", "LESSCLOSE=/usr/bin/lesspipe %s %s", "SSH_CONNECTION=100.95.84.5 50454 100.82.112.7 22", "TMUX_PANE=%2", "LESSOPEN=| /usr/bin/lesspipe %s", "JULIA_PKG_PRECOMPILE_AUTO=0", "XDG_DATA_DIRS=/usr/share/gnome:/usr/local/share:/usr/share:/var/lib/snapd/desktop", "XDG_SESSION_ID=1677", "PATH=/home/ian/.juliaup/bin:/home/ian/.local/bin:/usr/local/sbin:/usr/local/bin:/usr/sbin:/usr/bin:/sbin:/bin:/usr/games:/usr/local/games:/snap/bin", "SSH_TTY=/dev/pts/1", "LOGNAME=ian", "TERM_PROGRAM_VERSION=3.4", "HUSHLOGIN=FALSE", "XDG_SESSION_TYPE=tty", "DEBUGINFOD_URLS=https://debuginfod.ubuntu.com ", "PWD", "OPENBLAS_DEFAULT_NUM_THREADS=1", "REMOTEHOST=100.104.183.53", "HOME=/home/ian", "JULIA_NUM_THREADS=1", "JULIA_PRECOMP_REPORT_TIMING=1", "DBUS_SESSION_BUS_ADDRESS=unix:path=/run/user/1000/bus", "XDG_SESSION_CLASS=user"]): no such file or directory (ENOENT)
Many shells expand '~' to the home directory in unquoted strings. To replicate this behavior, call `expanduser` to expand the '~' character to the user’s home directory.

PreallocationTools 
IOError: could not spawn setenv(`/home/ian/.julia/juliaup/julia-pr62725/bin/julia -C native -J/home/ian/.julia/juliaup/julia-pr62725/lib/julia/sys.so -g1 --startup-file=no --compiled-modules=strict --output-o /tmp/julia-ttfx-depot/compiled/v1.14/PreallocationTools/jl_RPYbuO --output-ji /tmp/julia-ttfx-depot/compiled/v1.14/PreallocationTools/jl_F4ly7G --output-incremental=yes --startup-file=no --history-file=no --warn-overwrite=yes --color=auto -`,["TERM=tmux-256color", "TTFX_DEPOT_PATH=/tmp/julia-ttfx-depot", "OPENBLAS_NUM_THREADS=1", "OPENBLAS_MAIN_FREE=1", "SHELL=/bin/bash", "SSH_CLIENT=100.104.183.53 58167 22", "JULIA_DEPOT_PATH=/tmp/julia-ttfx-depot:", "OLDPWD=/home/ian/Documents/GitHub/julia", "TMUX=/tmp/tmux-1000/default,1292951,2", "LC_TERMINAL_VERSION=3.6.11", "XDG_RUNTIME_DIR=/run/user/1000", "JULIA_PRECOMPILE_JOBSERVER=/jl_pc_3749826_1", "USER=ian", "LC_TERMINAL=iTerm2", "SHLVL=2", "MAIL=/var/mail/ian", "TERM_PROGRAM=tmux", "LD_LIBRARY_PATH=/usr/local/cuda/lib64:", "_=/home/ian/.juliaup/bin/julia", "LS_COLORS=rs=0:di=01;34:ln=01;36:mh=00:pi=40;33:so=01;35:do=01;35:bd=40;33;01:cd=40;33;01:or=40;31;01:mi=00:su=37;41:sg=30;43:ca=00:tw=30;42:ow=34;42:st=37;44:ex=01;32:*.tar=01;31:*.tgz=01;31:*.arc=01;31:*.arj=01;31:*.taz=01;31:*.lha=01;31:*.lz4=01;31:*.lzh=01;31:*.lzma=01;31:*.tlz=01;31:*.txz=01;31:*.tzo=01;31:*.t7z=01;31:*.zip=01;31:*.z=01;31:*.dz=01;31:*.gz=01;31:*.lrz=01;31:*.lz=01;31:*.lzo=01;31:*.xz=01;31:*.zst=01;31:*.tzst=01;31:*.bz2=01;31:*.bz=01;31:*.tbz=01;31:*.tbz2=01;31:*.tz=01;31:*.deb=01;31:*.rpm=01;31:*.jar=01;31:*.war=01;31:*.ear=01;31:*.sar=01;31:*.rar=01;31:*.alz=01;31:*.ace=01;31:*.zoo=01;31:*.cpio=01;31:*.7z=01;31:*.rz=01;31:*.cab=01;31:*.wim=01;31:*.swm=01;31:*.dwm=01;31:*.esd=01;31:*.avif=01;35:*.jpg=01;35:*.jpeg=01;35:*.mjpg=01;35:*.mjpeg=01;35:*.gif=01;35:*.bmp=01;35:*.pbm=01;35:*.pgm=01;35:*.ppm=01;35:*.tga=01;35:*.xbm=01;35:*.xpm=01;35:*.tif=01;35:*.tiff=01;35:*.png=01;35:*.svg=01;35:*.svgz=01;35:*.mng=01;35:*.pcx=01;35:*.mov=01;35:*.mpg=01;35:*.mpeg=01;35:*.m2v=01;35:*.mkv=01;35:*.webm=01;35:*.webp=01;35:*.ogm=01;35:*.mp4=01;35:*.m4v=01;35:*.mp4v=01;35:*.vob=01;35:*.qt=01;35:*.nuv=01;35:*.wmv=01;35:*.asf=01;35:*.rm=01;35:*.rmvb=01;35:*.flc=01;35:*.avi=01;35:*.fli=01;35:*.flv=01;35:*.gl=01;35:*.dl=01;35:*.xcf=01;35:*.xwd=01;35:*.yuv=01;35:*.cgm=01;35:*.emf=01;35:*.ogv=01;35:*.ogx=01;35:*.aac=00;36:*.au=00;36:*.flac=00;36:*.m4a=00;36:*.mid=00;36:*.midi=00;36:*.mka=00;36:*.mp3=00;36:*.mpc=00;36:*.ogg=00;36:*.ra=00;36:*.wav=00;36:*.oga=00;36:*.opus=00;36:*.spx=00;36:*.xspf=00;36:*~=00;90:*#=00;90:*.bak=00;90:*.crdownload=00;90:*.dpkg-dist=00;90:*.dpkg-new=00;90:*.dpkg-old=00;90:*.dpkg-tmp=00;90:*.old=00;90:*.orig=00;90:*.part=00;90:*.rej=00;90:*.rpmnew=00;90:*.rpmorig=00;90:*.rpmsave=00;90:*.swp=00;90:*.tmp=00;90:*.ucf-dist=00;90:*.ucf-new=00;90:*.ucf-old=00;90:", "LANG=en_US.UTF-8", "LESSCLOSE=/usr/bin/lesspipe %s %s", "SSH_CONNECTION=100.95.84.5 50454 100.82.112.7 22", "TMUX_PANE=%2", "LESSOPEN=| /usr/bin/lesspipe %s", "JULIA_PKG_PRECOMPILE_AUTO=0", "XDG_DATA_DIRS=/usr/share/gnome:/usr/local/share:/usr/share:/var/lib/snapd/desktop", "XDG_SESSION_ID=1677", "PATH=/home/ian/.juliaup/bin:/home/ian/.local/bin:/usr/local/sbin:/usr/local/bin:/usr/sbin:/usr/bin:/sbin:/bin:/usr/games:/usr/local/games:/snap/bin", "SSH_TTY=/dev/pts/1", "LOGNAME=ian", "TERM_PROGRAM_VERSION=3.4", "HUSHLOGIN=FALSE", "XDG_SESSION_TYPE=tty", "DEBUGINFOD_URLS=https://debuginfod.ubuntu.com ", "PWD", "OPENBLAS_DEFAULT_NUM_THREADS=1", "REMOTEHOST=100.104.183.53", "HOME=/home/ian", "JULIA_NUM_THREADS=1", "JULIA_PRECOMP_REPORT_TIMING=1", "DBUS_SESSION_BUS_ADDRESS=unix:path=/run/user/1000/bus", "XDG_SESSION_CLASS=user"]): no such file or directory (ENOENT)
Many shells expand '~' to the home directory in unquoted strings. To replicate this behavior, call `expanduser` to expand the '~' character to the user’s home directory.

ArnoldiMethod 
IOError: could not spawn setenv(`/home/ian/.julia/juliaup/julia-pr62725/bin/julia -C native -J/home/ian/.julia/juliaup/julia-pr62725/lib/julia/sys.so -g1 --startup-file=no --compiled-modules=strict --output-o /tmp/julia-ttfx-depot/compiled/v1.14/ArnoldiMethod/jl_5qI7UD --output-ji /tmp/julia-ttfx-depot/compiled/v1.14/ArnoldiMethod/jl_6LmA9j --output-incremental=yes --startup-file=no --history-file=no --warn-overwrite=yes --color=auto -`,["TERM=tmux-256color", "TTFX_DEPOT_PATH=/tmp/julia-ttfx-depot", "OPENBLAS_NUM_THREADS=1", "OPENBLAS_MAIN_FREE=1", "SHELL=/bin/bash", "SSH_CLIENT=100.104.183.53 58167 22", "JULIA_DEPOT_PATH=/tmp/julia-ttfx-depot:", "OLDPWD=/home/ian/Documents/GitHub/julia", "TMUX=/tmp/tmux-1000/default,1292951,2", "LC_TERMINAL_VERSION=3.6.11", "XDG_RUNTIME_DIR=/run/user/1000", "JULIA_PRECOMPILE_JOBSERVER=/jl_pc_3749826_1", "USER=ian", "LC_TERMINAL=iTerm2", "SHLVL=2", "MAIL=/var/mail/ian", "TERM_PROGRAM=tmux", "LD_LIBRARY_PATH=/usr/local/cuda/lib64:", "_=/home/ian/.juliaup/bin/julia", "LS_COLORS=rs=0:di=01;34:ln=01;36:mh=00:pi=40;33:so=01;35:do=01;35:bd=40;33;01:cd=40;33;01:or=40;31;01:mi=00:su=37;41:sg=30;43:ca=00:tw=30;42:ow=34;42:st=37;44:ex=01;32:*.tar=01;31:*.tgz=01;31:*.arc=01;31:*.arj=01;31:*.taz=01;31:*.lha=01;31:*.lz4=01;31:*.lzh=01;31:*.lzma=01;31:*.tlz=01;31:*.txz=01;31:*.tzo=01;31:*.t7z=01;31:*.zip=01;31:*.z=01;31:*.dz=01;31:*.gz=01;31:*.lrz=01;31:*.lz=01;31:*.lzo=01;31:*.xz=01;31:*.zst=01;31:*.tzst=01;31:*.bz2=01;31:*.bz=01;31:*.tbz=01;31:*.tbz2=01;31:*.tz=01;31:*.deb=01;31:*.rpm=01;31:*.jar=01;31:*.war=01;31:*.ear=01;31:*.sar=01;31:*.rar=01;31:*.alz=01;31:*.ace=01;31:*.zoo=01;31:*.cpio=01;31:*.7z=01;31:*.rz=01;31:*.cab=01;31:*.wim=01;31:*.swm=01;31:*.dwm=01;31:*.esd=01;31:*.avif=01;35:*.jpg=01;35:*.jpeg=01;35:*.mjpg=01;35:*.mjpeg=01;35:*.gif=01;35:*.bmp=01;35:*.pbm=01;35:*.pgm=01;35:*.ppm=01;35:*.tga=01;35:*.xbm=01;35:*.xpm=01;35:*.tif=01;35:*.tiff=01;35:*.png=01;35:*.svg=01;35:*.svgz=01;35:*.mng=01;35:*.pcx=01;35:*.mov=01;35:*.mpg=01;35:*.mpeg=01;35:*.m2v=01;35:*.mkv=01;35:*.webm=01;35:*.webp=01;35:*.ogm=01;35:*.mp4=01;35:*.m4v=01;35:*.mp4v=01;35:*.vob=01;35:*.qt=01;35:*.nuv=01;35:*.wmv=01;35:*.asf=01;35:*.rm=01;35:*.rmvb=01;35:*.flc=01;35:*.avi=01;35:*.fli=01;35:*.flv=01;35:*.gl=01;35:*.dl=01;35:*.xcf=01;35:*.xwd=01;35:*.yuv=01;35:*.cgm=01;35:*.emf=01;35:*.ogv=01;35:*.ogx=01;35:*.aac=00;36:*.au=00;36:*.flac=00;36:*.m4a=00;36:*.mid=00;36:*.midi=00;36:*.mka=00;36:*.mp3=00;36:*.mpc=00;36:*.ogg=00;36:*.ra=00;36:*.wav=00;36:*.oga=00;36:*.opus=00;36:*.spx=00;36:*.xspf=00;36:*~=00;90:*#=00;90:*.bak=00;90:*.crdownload=00;90:*.dpkg-dist=00;90:*.dpkg-new=00;90:*.dpkg-old=00;90:*.dpkg-tmp=00;90:*.old=00;90:*.orig=00;90:*.part=00;90:*.rej=00;90:*.rpmnew=00;90:*.rpmorig=00;90:*.rpmsave=00;90:*.swp=00;90:*.tmp=00;90:*.ucf-dist=00;90:*.ucf-new=00;90:*.ucf-old=00;90:", "LANG=en_US.UTF-8", "LESSCLOSE=/usr/bin/lesspipe %s %s", "SSH_CONNECTION=100.95.84.5 50454 100.82.112.7 22", "TMUX_PANE=%2", "LESSOPEN=| /usr/bin/lesspipe %s", "JULIA_PKG_PRECOMPILE_AUTO=0", "XDG_DATA_DIRS=/usr/share/gnome:/usr/local/share:/usr/share:/var/lib/snapd/desktop", "XDG_SESSION_ID=1677", "PATH=/home/ian/.juliaup/bin:/home/ian/.local/bin:/usr/local/sbin:/usr/local/bin:/usr/sbin:/usr/bin:/sbin:/bin:/usr/games:/usr/local/games:/snap/bin", "SSH_TTY=/dev/pts/1", "LOGNAME=ian", "TERM_PROGRAM_VERSION=3.4", "HUSHLOGIN=FALSE", "XDG_SESSION_TYPE=tty", "DEBUGINFOD_URLS=https://debuginfod.ubuntu.com ", "PWD", "OPENBLAS_DEFAULT_NUM_THREADS=1", "REMOTEHOST=100.104.183.53", "HOME=/home/ian", "JULIA_NUM_THREADS=1", "JULIA_PRECOMP_REPORT_TIMING=1", "DBUS_SESSION_BUS_ADDRESS=unix:path=/run/user/1000/bus", "XDG_SESSION_CLASS=user"]): no such file or directory (ENOENT)
Many shells expand '~' to the home directory in unquoted strings. To replicate this behavior, call `expanduser` to expand the '~' character to the user’s home directory.

StateSpaceSets 
IOError: could not spawn setenv(`/home/ian/.julia/juliaup/julia-pr62725/bin/julia -C native -J/home/ian/.julia/juliaup/julia-pr62725/lib/julia/sys.so -g1 --startup-file=no --compiled-modules=strict --output-o /tmp/julia-ttfx-depot/compiled/v1.14/StateSpaceSets/jl_IYx29v --output-ji /tmp/julia-ttfx-depot/compiled/v1.14/StateSpaceSets/jl_UlF4KC --output-incremental=yes --startup-file=no --history-file=no --warn-overwrite=yes --color=auto -`,["TERM=tmux-256color", "TTFX_DEPOT_PATH=/tmp/julia-ttfx-depot", "OPENBLAS_NUM_THREADS=1", "OPENBLAS_MAIN_FREE=1", "SHELL=/bin/bash", "SSH_CLIENT=100.104.183.53 58167 22", "JULIA_DEPOT_PATH=/tmp/julia-ttfx-depot:", "OLDPWD=/home/ian/Documents/GitHub/julia", "TMUX=/tmp/tmux-1000/default,1292951,2", "LC_TERMINAL_VERSION=3.6.11", "XDG_RUNTIME_DIR=/run/user/1000", "JULIA_PRECOMPILE_JOBSERVER=/jl_pc_3749826_1", "USER=ian", "LC_TERMINAL=iTerm2", "SHLVL=2", "MAIL=/var/mail/ian", "TERM_PROGRAM=tmux", "LD_LIBRARY_PATH=/usr/local/cuda/lib64:", "_=/home/ian/.juliaup/bin/julia", "LS_COLORS=rs=0:di=01;34:ln=01;36:mh=00:pi=40;33:so=01;35:do=01;35:bd=40;33;01:cd=40;33;01:or=40;31;01:mi=00:su=37;41:sg=30;43:ca=00:tw=30;42:ow=34;42:st=37;44:ex=01;32:*.tar=01;31:*.tgz=01;31:*.arc=01;31:*.arj=01;31:*.taz=01;31:*.lha=01;31:*.lz4=01;31:*.lzh=01;31:*.lzma=01;31:*.tlz=01;31:*.txz=01;31:*.tzo=01;31:*.t7z=01;31:*.zip=01;31:*.z=01;31:*.dz=01;31:*.gz=01;31:*.lrz=01;31:*.lz=01;31:*.lzo=01;31:*.xz=01;31:*.zst=01;31:*.tzst=01;31:*.bz2=01;31:*.bz=01;31:*.tbz=01;31:*.tbz2=01;31:*.tz=01;31:*.deb=01;31:*.rpm=01;31:*.jar=01;31:*.war=01;31:*.ear=01;31:*.sar=01;31:*.rar=01;31:*.alz=01;31:*.ace=01;31:*.zoo=01;31:*.cpio=01;31:*.7z=01;31:*.rz=01;31:*.cab=01;31:*.wim=01;31:*.swm=01;31:*.dwm=01;31:*.esd=01;31:*.avif=01;35:*.jpg=01;35:*.jpeg=01;35:*.mjpg=01;35:*.mjpeg=01;35:*.gif=01;35:*.bmp=01;35:*.pbm=01;35:*.pgm=01;35:*.ppm=01;35:*.tga=01;35:*.xbm=01;35:*.xpm=01;35:*.tif=01;35:*.tiff=01;35:*.png=01;35:*.svg=01;35:*.svgz=01;35:*.mng=01;35:*.pcx=01;35:*.mov=01;35:*.mpg=01;35:*.mpeg=01;35:*.m2v=01;35:*.mkv=01;35:*.webm=01;35:*.webp=01;35:*.ogm=01;35:*.mp4=01;35:*.m4v=01;35:*.mp4v=01;35:*.vob=01;35:*.qt=01;35:*.nuv=01;35:*.wmv=01;35:*.asf=01;35:*.rm=01;35:*.rmvb=01;35:*.flc=01;35:*.avi=01;35:*.fli=01;35:*.flv=01;35:*.gl=01;35:*.dl=01;35:*.xcf=01;35:*.xwd=01;35:*.yuv=01;35:*.cgm=01;35:*.emf=01;35:*.ogv=01;35:*.ogx=01;35:*.aac=00;36:*.au=00;36:*.flac=00;36:*.m4a=00;36:*.mid=00;36:*.midi=00;36:*.mka=00;36:*.mp3=00;36:*.mpc=00;36:*.ogg=00;36:*.ra=00;36:*.wav=00;36:*.oga=00;36:*.opus=00;36:*.spx=00;36:*.xspf=00;36:*~=00;90:*#=00;90:*.bak=00;90:*.crdownload=00;90:*.dpkg-dist=00;90:*.dpkg-new=00;90:*.dpkg-old=00;90:*.dpkg-tmp=00;90:*.old=00;90:*.orig=00;90:*.part=00;90:*.rej=00;90:*.rpmnew=00;90:*.rpmorig=00;90:*.rpmsave=00;90:*.swp=00;90:*.tmp=00;90:*.ucf-dist=00;90:*.ucf-new=00;90:*.ucf-old=00;90:", "LANG=en_US.UTF-8", "LESSCLOSE=/usr/bin/lesspipe %s %s", "SSH_CONNECTION=100.95.84.5 50454 100.82.112.7 22", "TMUX_PANE=%2", "LESSOPEN=| /usr/bin/lesspipe %s", "JULIA_PKG_PRECOMPILE_AUTO=0", "XDG_DATA_DIRS=/usr/share/gnome:/usr/local/share:/usr/share:/var/lib/snapd/desktop", "XDG_SESSION_ID=1677", "PATH=/home/ian/.juliaup/bin:/home/ian/.local/bin:/usr/local/sbin:/usr/local/bin:/usr/sbin:/usr/bin:/sbin:/bin:/usr/games:/usr/local/games:/snap/bin", "SSH_TTY=/dev/pts/1", "LOGNAME=ian", "TERM_PROGRAM_VERSION=3.4", "HUSHLOGIN=FALSE", "XDG_SESSION_TYPE=tty", "DEBUGINFOD_URLS=https://debuginfod.ubuntu.com ", "PWD", "OPENBLAS_DEFAULT_NUM_THREADS=1", "REMOTEHOST=100.104.183.53", "HOME=/home/ian", "JULIA_NUM_THREADS=1", "JULIA_PRECOMP_REPORT_TIMING=1", "DBUS_SESSION_BUS_ADDRESS=unix:path=/run/user/1000/bus", "XDG_SESSION_CLASS=user"]): no such file or directory (ENOENT)
Many shells expand '~' to the home directory in unquoted strings. To replicate this behavior, call `expanduser` to expand the '~' character to the user’s home directory.

PrettyTables 
Failed to precompile PrettyTables [08abe8d2-0d0c-5749-adfa-8a2ac140af0d] to "/tmp/julia-ttfx-depot/compiled/v1.14/PrettyTables/jl_mlX0ht" (ProcessExited(1)).

Attractors 
Failed to precompile Attractors [f3fd9213-ca85-4dba-9dfd-7fc91308fec7] to "/tmp/julia-ttfx-depot/compiled/v1.14/Attractors/jl_DWWd3q" (ProcessExited(1)).

ADTypes → ADTypesEnzymeCoreExt 
IOError: could not spawn setenv(`/home/ian/.julia/juliaup/julia-pr62725/bin/julia -C native -J/home/ian/.julia/juliaup/julia-pr62725/lib/julia/sys.so -g1 --startup-file=no --compiled-modules=strict --output-o /tmp/julia-ttfx-depot/compiled/v1.14/ADTypesEnzymeCoreExt/jl_yDOBTe --output-ji /tmp/julia-ttfx-depot/compiled/v1.14/ADTypesEnzymeCoreExt/jl_JXEVPG --output-incremental=yes --startup-file=no --history-file=no --warn-overwrite=yes --color=auto -`,["TERM=tmux-256color", "TTFX_DEPOT_PATH=/tmp/julia-ttfx-depot", "OPENBLAS_NUM_THREADS=1", "OPENBLAS_MAIN_FREE=1", "SHELL=/bin/bash", "SSH_CLIENT=100.104.183.53 58167 22", "JULIA_DEPOT_PATH=/tmp/julia-ttfx-depot:", "OLDPWD=/home/ian/Documents/GitHub/julia", "TMUX=/tmp/tmux-1000/default,1292951,2", "LC_TERMINAL_VERSION=3.6.11", "XDG_RUNTIME_DIR=/run/user/1000", "JULIA_PRECOMPILE_JOBSERVER=/jl_pc_3749826_1", "USER=ian", "LC_TERMINAL=iTerm2", "SHLVL=2", "MAIL=/var/mail/ian", "TERM_PROGRAM=tmux", "LD_LIBRARY_PATH=/usr/local/cuda/lib64:", "_=/home/ian/.juliaup/bin/julia", "LS_COLORS=rs=0:di=01;34:ln=01;36:mh=00:pi=40;33:so=01;35:do=01;35:bd=40;33;01:cd=40;33;01:or=40;31;01:mi=00:su=37;41:sg=30;43:ca=00:tw=30;42:ow=34;42:st=37;44:ex=01;32:*.tar=01;31:*.tgz=01;31:*.arc=01;31:*.arj=01;31:*.taz=01;31:*.lha=01;31:*.lz4=01;31:*.lzh=01;31:*.lzma=01;31:*.tlz=01;31:*.txz=01;31:*.tzo=01;31:*.t7z=01;31:*.zip=01;31:*.z=01;31:*.dz=01;31:*.gz=01;31:*.lrz=01;31:*.lz=01;31:*.lzo=01;31:*.xz=01;31:*.zst=01;31:*.tzst=01;31:*.bz2=01;31:*.bz=01;31:*.tbz=01;31:*.tbz2=01;31:*.tz=01;31:*.deb=01;31:*.rpm=01;31:*.jar=01;31:*.war=01;31:*.ear=01;31:*.sar=01;31:*.rar=01;31:*.alz=01;31:*.ace=01;31:*.zoo=01;31:*.cpio=01;31:*.7z=01;31:*.rz=01;31:*.cab=01;31:*.wim=01;31:*.swm=01;31:*.dwm=01;31:*.esd=01;31:*.avif=01;35:*.jpg=01;35:*.jpeg=01;35:*.mjpg=01;35:*.mjpeg=01;35:*.gif=01;35:*.bmp=01;35:*.pbm=01;35:*.pgm=01;35:*.ppm=01;35:*.tga=01;35:*.xbm=01;35:*.xpm=01;35:*.tif=01;35:*.tiff=01;35:*.png=01;35:*.svg=01;35:*.svgz=01;35:*.mng=01;35:*.pcx=01;35:*.mov=01;35:*.mpg=01;35:*.mpeg=01;35:*.m2v=01;35:*.mkv=01;35:*.webm=01;35:*.webp=01;35:*.ogm=01;35:*.mp4=01;35:*.m4v=01;35:*.mp4v=01;35:*.vob=01;35:*.qt=01;35:*.nuv=01;35:*.wmv=01;35:*.asf=01;35:*.rm=01;35:*.rmvb=01;35:*.flc=01;35:*.avi=01;35:*.fli=01;35:*.flv=01;35:*.gl=01;35:*.dl=01;35:*.xcf=01;35:*.xwd=01;35:*.yuv=01;35:*.cgm=01;35:*.emf=01;35:*.ogv=01;35:*.ogx=01;35:*.aac=00;36:*.au=00;36:*.flac=00;36:*.m4a=00;36:*.mid=00;36:*.midi=00;36:*.mka=00;36:*.mp3=00;36:*.mpc=00;36:*.ogg=00;36:*.ra=00;36:*.wav=00;36:*.oga=00;36:*.opus=00;36:*.spx=00;36:*.xspf=00;36:*~=00;90:*#=00;90:*.bak=00;90:*.crdownload=00;90:*.dpkg-dist=00;90:*.dpkg-new=00;90:*.dpkg-old=00;90:*.dpkg-tmp=00;90:*.old=00;90:*.orig=00;90:*.part=00;90:*.rej=00;90:*.rpmnew=00;90:*.rpmorig=00;90:*.rpmsave=00;90:*.swp=00;90:*.tmp=00;90:*.ucf-dist=00;90:*.ucf-new=00;90:*.ucf-old=00;90:", "LANG=en_US.UTF-8", "LESSCLOSE=/usr/bin/lesspipe %s %s", "SSH_CONNECTION=100.95.84.5 50454 100.82.112.7 22", "TMUX_PANE=%2", "LESSOPEN=| /usr/bin/lesspipe %s", "JULIA_PKG_PRECOMPILE_AUTO=0", "XDG_DATA_DIRS=/usr/share/gnome:/usr/local/share:/usr/share:/var/lib/snapd/desktop", "XDG_SESSION_ID=1677", "PATH=/home/ian/.juliaup/bin:/home/ian/.local/bin:/usr/local/sbin:/usr/local/bin:/usr/sbin:/usr/bin:/sbin:/bin:/usr/games:/usr/local/games:/snap/bin", "SSH_TTY=/dev/pts/1", "LOGNAME=ian", "TERM_PROGRAM_VERSION=3.4", "HUSHLOGIN=FALSE", "XDG_SESSION_TYPE=tty", "DEBUGINFOD_URLS=https://debuginfod.ubuntu.com ", "PWD", "OPENBLAS_DEFAULT_NUM_THREADS=1", "REMOTEHOST=100.104.183.53", "HOME=/home/ian", "JULIA_NUM_THREADS=1", "JULIA_PRECOMP_REPORT_TIMING=1", "DBUS_SESSION_BUS_ADDRESS=unix:path=/run/user/1000/bus", "XDG_SESSION_CLASS=user"]): no such file or directory (ENOENT)
Many shells expand '~' to the home directory in unquoted strings. To replicate this behavior, call `expanduser` to expand the '~' character to the user’s home directory.

DynamicalSystemsBase 
Failed to precompile DynamicalSystemsBase [6e36e845-645a-534a-86f2-f5d4aa5a06b4] to "/tmp/julia-ttfx-depot/compiled/v1.14/DynamicalSystemsBase/jl_q6P3yc" (ProcessExited(1)).

TruncatedStacktraces 
IOError: could not spawn setenv(`/home/ian/.julia/juliaup/julia-pr62725/bin/julia -C native -J/home/ian/.julia/juliaup/julia-pr62725/lib/julia/sys.so -g1 --startup-file=no --compiled-modules=strict --output-o /tmp/julia-ttfx-depot/compiled/v1.14/TruncatedStacktraces/jl_yplfOa --output-ji /tmp/julia-ttfx-depot/compiled/v1.14/TruncatedStacktraces/jl_E5yGTe --output-incremental=yes --startup-file=no --history-file=no --warn-overwrite=yes --color=auto -`,["TERM=tmux-256color", "TTFX_DEPOT_PATH=/tmp/julia-ttfx-depot", "OPENBLAS_NUM_THREADS=1", "OPENBLAS_MAIN_FREE=1", "SHELL=/bin/bash", "SSH_CLIENT=100.104.183.53 58167 22", "JULIA_DEPOT_PATH=/tmp/julia-ttfx-depot:", "OLDPWD=/home/ian/Documents/GitHub/julia", "TMUX=/tmp/tmux-1000/default,1292951,2", "LC_TERMINAL_VERSION=3.6.11", "XDG_RUNTIME_DIR=/run/user/1000", "JULIA_PRECOMPILE_JOBSERVER=/jl_pc_3749826_1", "USER=ian", "LC_TERMINAL=iTerm2", "SHLVL=2", "MAIL=/var/mail/ian", "TERM_PROGRAM=tmux", "LD_LIBRARY_PATH=/usr/local/cuda/lib64:", "_=/home/ian/.juliaup/bin/julia", "LS_COLORS=rs=0:di=01;34:ln=01;36:mh=00:pi=40;33:so=01;35:do=01;35:bd=40;33;01:cd=40;33;01:or=40;31;01:mi=00:su=37;41:sg=30;43:ca=00:tw=30;42:ow=34;42:st=37;44:ex=01;32:*.tar=01;31:*.tgz=01;31:*.arc=01;31:*.arj=01;31:*.taz=01;31:*.lha=01;31:*.lz4=01;31:*.lzh=01;31:*.lzma=01;31:*.tlz=01;31:*.txz=01;31:*.tzo=01;31:*.t7z=01;31:*.zip=01;31:*.z=01;31:*.dz=01;31:*.gz=01;31:*.lrz=01;31:*.lz=01;31:*.lzo=01;31:*.xz=01;31:*.zst=01;31:*.tzst=01;31:*.bz2=01;31:*.bz=01;31:*.tbz=01;31:*.tbz2=01;31:*.tz=01;31:*.deb=01;31:*.rpm=01;31:*.jar=01;31:*.war=01;31:*.ear=01;31:*.sar=01;31:*.rar=01;31:*.alz=01;31:*.ace=01;31:*.zoo=01;31:*.cpio=01;31:*.7z=01;31:*.rz=01;31:*.cab=01;31:*.wim=01;31:*.swm=01;31:*.dwm=01;31:*.esd=01;31:*.avif=01;35:*.jpg=01;35:*.jpeg=01;35:*.mjpg=01;35:*.mjpeg=01;35:*.gif=01;35:*.bmp=01;35:*.pbm=01;35:*.pgm=01;35:*.ppm=01;35:*.tga=01;35:*.xbm=01;35:*.xpm=01;35:*.tif=01;35:*.tiff=01;35:*.png=01;35:*.svg=01;35:*.svgz=01;35:*.mng=01;35:*.pcx=01;35:*.mov=01;35:*.mpg=01;35:*.mpeg=01;35:*.m2v=01;35:*.mkv=01;35:*.webm=01;35:*.webp=01;35:*.ogm=01;35:*.mp4=01;35:*.m4v=01;35:*.mp4v=01;35:*.vob=01;35:*.qt=01;35:*.nuv=01;35:*.wmv=01;35:*.asf=01;35:*.rm=01;35:*.rmvb=01;35:*.flc=01;35:*.avi=01;35:*.fli=01;35:*.flv=01;35:*.gl=01;35:*.dl=01;35:*.xcf=01;35:*.xwd=01;35:*.yuv=01;35:*.cgm=01;35:*.emf=01;35:*.ogv=01;35:*.ogx=01;35:*.aac=00;36:*.au=00;36:*.flac=00;36:*.m4a=00;36:*.mid=00;36:*.midi=00;36:*.mka=00;36:*.mp3=00;36:*.mpc=00;36:*.ogg=00;36:*.ra=00;36:*.wav=00;36:*.oga=00;36:*.opus=00;36:*.spx=00;36:*.xspf=00;36:*~=00;90:*#=00;90:*.bak=00;90:*.crdownload=00;90:*.dpkg-dist=00;90:*.dpkg-new=00;90:*.dpkg-old=00;90:*.dpkg-tmp=00;90:*.old=00;90:*.orig=00;90:*.part=00;90:*.rej=00;90:*.rpmnew=00;90:*.rpmorig=00;90:*.rpmsave=00;90:*.swp=00;90:*.tmp=00;90:*.ucf-dist=00;90:*.ucf-new=00;90:*.ucf-old=00;90:", "LANG=en_US.UTF-8", "LESSCLOSE=/usr/bin/lesspipe %s %s", "SSH_CONNECTION=100.95.84.5 50454 100.82.112.7 22", "TMUX_PANE=%2", "LESSOPEN=| /usr/bin/lesspipe %s", "JULIA_PKG_PRECOMPILE_AUTO=0", "XDG_DATA_DIRS=/usr/share/gnome:/usr/local/share:/usr/share:/var/lib/snapd/desktop", "XDG_SESSION_ID=1677", "PATH=/home/ian/.juliaup/bin:/home/ian/.local/bin:/usr/local/sbin:/usr/local/bin:/usr/sbin:/usr/bin:/sbin:/bin:/usr/games:/usr/local/games:/snap/bin", "SSH_TTY=/dev/pts/1", "LOGNAME=ian", "TERM_PROGRAM_VERSION=3.4", "HUSHLOGIN=FALSE", "XDG_SESSION_TYPE=tty", "DEBUGINFOD_URLS=https://debuginfod.ubuntu.com ", "PWD", "OPENBLAS_DEFAULT_NUM_THREADS=1", "REMOTEHOST=100.104.183.53", "HOME=/home/ian", "JULIA_NUM_THREADS=1", "JULIA_PRECOMP_REPORT_TIMING=1", "DBUS_SESSION_BUS_ADDRESS=unix:path=/run/user/1000/bus", "XDG_SESSION_CLASS=user"]): no such file or directory (ENOENT)
Many shells expand '~' to the home directory in unquoted strings. To replicate this behavior, call `expanduser` to expand the '~' character to the user’s home directory.

JLLWrappers 
IOError: could not spawn setenv(`/home/ian/.julia/juliaup/julia-pr62725/bin/julia -C native -J/home/ian/.julia/juliaup/julia-pr62725/lib/julia/sys.so -g1 --startup-file=no --compiled-modules=strict --output-o /tmp/julia-ttfx-depot/compiled/v1.14/JLLWrappers/jl_KYIoxn --output-ji /tmp/julia-ttfx-depot/compiled/v1.14/JLLWrappers/jl_N6nDEU --output-incremental=yes --startup-file=no --history-file=no --warn-overwrite=yes --color=auto -`,["TERM=tmux-256color", "TTFX_DEPOT_PATH=/tmp/julia-ttfx-depot", "OPENBLAS_NUM_THREADS=1", "OPENBLAS_MAIN_FREE=1", "SHELL=/bin/bash", "SSH_CLIENT=100.104.183.53 58167 22", "JULIA_DEPOT_PATH=/tmp/julia-ttfx-depot:", "OLDPWD=/home/ian/Documents/GitHub/julia", "TMUX=/tmp/tmux-1000/default,1292951,2", "LC_TERMINAL_VERSION=3.6.11", "XDG_RUNTIME_DIR=/run/user/1000", "JULIA_PRECOMPILE_JOBSERVER=/jl_pc_3749826_1", "USER=ian", "LC_TERMINAL=iTerm2", "SHLVL=2", "MAIL=/var/mail/ian", "TERM_PROGRAM=tmux", "LD_LIBRARY_PATH=/usr/local/cuda/lib64:", "_=/home/ian/.juliaup/bin/julia", "LS_COLORS=rs=0:di=01;34:ln=01;36:mh=00:pi=40;33:so=01;35:do=01;35:bd=40;33;01:cd=40;33;01:or=40;31;01:mi=00:su=37;41:sg=30;43:ca=00:tw=30;42:ow=34;42:st=37;44:ex=01;32:*.tar=01;31:*.tgz=01;31:*.arc=01;31:*.arj=01;31:*.taz=01;31:*.lha=01;31:*.lz4=01;31:*.lzh=01;31:*.lzma=01;31:*.tlz=01;31:*.txz=01;31:*.tzo=01;31:*.t7z=01;31:*.zip=01;31:*.z=01;31:*.dz=01;31:*.gz=01;31:*.lrz=01;31:*.lz=01;31:*.lzo=01;31:*.xz=01;31:*.zst=01;31:*.tzst=01;31:*.bz2=01;31:*.bz=01;31:*.tbz=01;31:*.tbz2=01;31:*.tz=01;31:*.deb=01;31:*.rpm=01;31:*.jar=01;31:*.war=01;31:*.ear=01;31:*.sar=01;31:*.rar=01;31:*.alz=01;31:*.ace=01;31:*.zoo=01;31:*.cpio=01;31:*.7z=01;31:*.rz=01;31:*.cab=01;31:*.wim=01;31:*.swm=01;31:*.dwm=01;31:*.esd=01;31:*.avif=01;35:*.jpg=01;35:*.jpeg=01;35:*.mjpg=01;35:*.mjpeg=01;35:*.gif=01;35:*.bmp=01;35:*.pbm=01;35:*.pgm=01;35:*.ppm=01;35:*.tga=01;35:*.xbm=01;35:*.xpm=01;35:*.tif=01;35:*.tiff=01;35:*.png=01;35:*.svg=01;35:*.svgz=01;35:*.mng=01;35:*.pcx=01;35:*.mov=01;35:*.mpg=01;35:*.mpeg=01;35:*.m2v=01;35:*.mkv=01;35:*.webm=01;35:*.webp=01;35:*.ogm=01;35:*.mp4=01;35:*.m4v=01;35:*.mp4v=01;35:*.vob=01;35:*.qt=01;35:*.nuv=01;35:*.wmv=01;35:*.asf=01;35:*.rm=01;35:*.rmvb=01;35:*.flc=01;35:*.avi=01;35:*.fli=01;35:*.flv=01;35:*.gl=01;35:*.dl=01;35:*.xcf=01;35:*.xwd=01;35:*.yuv=01;35:*.cgm=01;35:*.emf=01;35:*.ogv=01;35:*.ogx=01;35:*.aac=00;36:*.au=00;36:*.flac=00;36:*.m4a=00;36:*.mid=00;36:*.midi=00;36:*.mka=00;36:*.mp3=00;36:*.mpc=00;36:*.ogg=00;36:*.ra=00;36:*.wav=00;36:*.oga=00;36:*.opus=00;36:*.spx=00;36:*.xspf=00;36:*~=00;90:*#=00;90:*.bak=00;90:*.crdownload=00;90:*.dpkg-dist=00;90:*.dpkg-new=00;90:*.dpkg-old=00;90:*.dpkg-tmp=00;90:*.old=00;90:*.orig=00;90:*.part=00;90:*.rej=00;90:*.rpmnew=00;90:*.rpmorig=00;90:*.rpmsave=00;90:*.swp=00;90:*.tmp=00;90:*.ucf-dist=00;90:*.ucf-new=00;90:*.ucf-old=00;90:", "LANG=en_US.UTF-8", "LESSCLOSE=/usr/bin/lesspipe %s %s", "SSH_CONNECTION=100.95.84.5 50454 100.82.112.7 22", "TMUX_PANE=%2", "LESSOPEN=| /usr/bin/lesspipe %s", "JULIA_PKG_PRECOMPILE_AUTO=0", "XDG_DATA_DIRS=/usr/share/gnome:/usr/local/share:/usr/share:/var/lib/snapd/desktop", "XDG_SESSION_ID=1677", "PATH=/home/ian/.juliaup/bin:/home/ian/.local/bin:/usr/local/sbin:/usr/local/bin:/usr/sbin:/usr/bin:/sbin:/bin:/usr/games:/usr/local/games:/snap/bin", "SSH_TTY=/dev/pts/1", "LOGNAME=ian", "TERM_PROGRAM_VERSION=3.4", "HUSHLOGIN=FALSE", "XDG_SESSION_TYPE=tty", "DEBUGINFOD_URLS=https://debuginfod.ubuntu.com ", "PWD", "OPENBLAS_DEFAULT_NUM_THREADS=1", "REMOTEHOST=100.104.183.53", "HOME=/home/ian", "JULIA_NUM_THREADS=1", "JULIA_PRECOMP_REPORT_TIMING=1", "DBUS_SESSION_BUS_ADDRESS=unix:path=/run/user/1000/bus", "XDG_SESSION_CLASS=user"]): no such file or directory (ENOENT)
Many shells expand '~' to the home directory in unquoted strings. To replicate this behavior, call `expanduser` to expand the '~' character to the user’s home directory.

PoissonRandom 
IOError: could not spawn setenv(`/home/ian/.julia/juliaup/julia-pr62725/bin/julia -C native -J/home/ian/.julia/juliaup/julia-pr62725/lib/julia/sys.so -g1 --startup-file=no --compiled-modules=strict --output-o /tmp/julia-ttfx-depot/compiled/v1.14/PoissonRandom/jl_I4Evlb --output-ji /tmp/julia-ttfx-depot/compiled/v1.14/PoissonRandom/jl_Tp0TXY --output-incremental=yes --startup-file=no --history-file=no --warn-overwrite=yes --color=auto -`,["TERM=tmux-256color", "TTFX_DEPOT_PATH=/tmp/julia-ttfx-depot", "OPENBLAS_NUM_THREADS=1", "OPENBLAS_MAIN_FREE=1", "SHELL=/bin/bash", "SSH_CLIENT=100.104.183.53 58167 22", "JULIA_DEPOT_PATH=/tmp/julia-ttfx-depot:", "OLDPWD=/home/ian/Documents/GitHub/julia", "TMUX=/tmp/tmux-1000/default,1292951,2", "LC_TERMINAL_VERSION=3.6.11", "XDG_RUNTIME_DIR=/run/user/1000", "JULIA_PRECOMPILE_JOBSERVER=/jl_pc_3749826_1", "USER=ian", "LC_TERMINAL=iTerm2", "SHLVL=2", "MAIL=/var/mail/ian", "TERM_PROGRAM=tmux", "LD_LIBRARY_PATH=/usr/local/cuda/lib64:", "_=/home/ian/.juliaup/bin/julia", "LS_COLORS=rs=0:di=01;34:ln=01;36:mh=00:pi=40;33:so=01;35:do=01;35:bd=40;33;01:cd=40;33;01:or=40;31;01:mi=00:su=37;41:sg=30;43:ca=00:tw=30;42:ow=34;42:st=37;44:ex=01;32:*.tar=01;31:*.tgz=01;31:*.arc=01;31:*.arj=01;31:*.taz=01;31:*.lha=01;31:*.lz4=01;31:*.lzh=01;31:*.lzma=01;31:*.tlz=01;31:*.txz=01;31:*.tzo=01;31:*.t7z=01;31:*.zip=01;31:*.z=01;31:*.dz=01;31:*.gz=01;31:*.lrz=01;31:*.lz=01;31:*.lzo=01;31:*.xz=01;31:*.zst=01;31:*.tzst=01;31:*.bz2=01;31:*.bz=01;31:*.tbz=01;31:*.tbz2=01;31:*.tz=01;31:*.deb=01;31:*.rpm=01;31:*.jar=01;31:*.war=01;31:*.ear=01;31:*.sar=01;31:*.rar=01;31:*.alz=01;31:*.ace=01;31:*.zoo=01;31:*.cpio=01;31:*.7z=01;31:*.rz=01;31:*.cab=01;31:*.wim=01;31:*.swm=01;31:*.dwm=01;31:*.esd=01;31:*.avif=01;35:*.jpg=01;35:*.jpeg=01;35:*.mjpg=01;35:*.mjpeg=01;35:*.gif=01;35:*.bmp=01;35:*.pbm=01;35:*.pgm=01;35:*.ppm=01;35:*.tga=01;35:*.xbm=01;35:*.xpm=01;35:*.tif=01;35:*.tiff=01;35:*.png=01;35:*.svg=01;35:*.svgz=01;35:*.mng=01;35:*.pcx=01;35:*.mov=01;35:*.mpg=01;35:*.mpeg=01;35:*.m2v=01;35:*.mkv=01;35:*.webm=01;35:*.webp=01;35:*.ogm=01;35:*.mp4=01;35:*.m4v=01;35:*.mp4v=01;35:*.vob=01;35:*.qt=01;35:*.nuv=01;35:*.wmv=01;35:*.asf=01;35:*.rm=01;35:*.rmvb=01;35:*.flc=01;35:*.avi=01;35:*.fli=01;35:*.flv=01;35:*.gl=01;35:*.dl=01;35:*.xcf=01;35:*.xwd=01;35:*.yuv=01;35:*.cgm=01;35:*.emf=01;35:*.ogv=01;35:*.ogx=01;35:*.aac=00;36:*.au=00;36:*.flac=00;36:*.m4a=00;36:*.mid=00;36:*.midi=00;36:*.mka=00;36:*.mp3=00;36:*.mpc=00;36:*.ogg=00;36:*.ra=00;36:*.wav=00;36:*.oga=00;36:*.opus=00;36:*.spx=00;36:*.xspf=00;36:*~=00;90:*#=00;90:*.bak=00;90:*.crdownload=00;90:*.dpkg-dist=00;90:*.dpkg-new=00;90:*.dpkg-old=00;90:*.dpkg-tmp=00;90:*.old=00;90:*.orig=00;90:*.part=00;90:*.rej=00;90:*.rpmnew=00;90:*.rpmorig=00;90:*.rpmsave=00;90:*.swp=00;90:*.tmp=00;90:*.ucf-dist=00;90:*.ucf-new=00;90:*.ucf-old=00;90:", "LANG=en_US.UTF-8", "LESSCLOSE=/usr/bin/lesspipe %s %s", "SSH_CONNECTION=100.95.84.5 50454 100.82.112.7 22", "TMUX_PANE=%2", "LESSOPEN=| /usr/bin/lesspipe %s", "JULIA_PKG_PRECOMPILE_AUTO=0", "XDG_DATA_DIRS=/usr/share/gnome:/usr/local/share:/usr/share:/var/lib/snapd/desktop", "XDG_SESSION_ID=1677", "PATH=/home/ian/.juliaup/bin:/home/ian/.local/bin:/usr/local/sbin:/usr/local/bin:/usr/sbin:/usr/bin:/sbin:/bin:/usr/games:/usr/local/games:/snap/bin", "SSH_TTY=/dev/pts/1", "LOGNAME=ian", "TERM_PROGRAM_VERSION=3.4", "HUSHLOGIN=FALSE", "XDG_SESSION_TYPE=tty", "DEBUGINFOD_URLS=https://debuginfod.ubuntu.com ", "PWD", "OPENBLAS_DEFAULT_NUM_THREADS=1", "REMOTEHOST=100.104.183.53", "HOME=/home/ian", "JULIA_NUM_THREADS=1", "JULIA_PRECOMP_REPORT_TIMING=1", "DBUS_SESSION_BUS_ADDRESS=unix:path=/run/user/1000/bus", "XDG_SESSION_CLASS=user"]): no such file or directory (ENOENT)
Many shells expand '~' to the home directory in unquoted strings. To replicate this behavior, call `expanduser` to expand the '~' character to the user’s home directory.

ArrayInterface 
IOError: could not spawn setenv(`/home/ian/.julia/juliaup/julia-pr62725/bin/julia -C native -J/home/ian/.julia/juliaup/julia-pr62725/lib/julia/sys.so -g1 --startup-file=no --compiled-modules=strict --output-o /tmp/julia-ttfx-depot/compiled/v1.14/ArrayInterface/jl_K2iYnX --output-ji /tmp/julia-ttfx-depot/compiled/v1.14/ArrayInterface/jl_v2Vek0 --output-incremental=yes --startup-file=no --history-file=no --warn-overwrite=yes --color=auto -`,["TERM=tmux-256color", "TTFX_DEPOT_PATH=/tmp/julia-ttfx-depot", "OPENBLAS_NUM_THREADS=1", "OPENBLAS_MAIN_FREE=1", "SHELL=/bin/bash", "SSH_CLIENT=100.104.183.53 58167 22", "JULIA_DEPOT_PATH=/tmp/julia-ttfx-depot:", "OLDPWD=/home/ian/Documents/GitHub/julia", "TMUX=/tmp/tmux-1000/default,1292951,2", "LC_TERMINAL_VERSION=3.6.11", "XDG_RUNTIME_DIR=/run/user/1000", "JULIA_PRECOMPILE_JOBSERVER=/jl_pc_3749826_1", "USER=ian", "LC_TERMINAL=iTerm2", "SHLVL=2", "MAIL=/var/mail/ian", "TERM_PROGRAM=tmux", "LD_LIBRARY_PATH=/usr/local/cuda/lib64:", "_=/home/ian/.juliaup/bin/julia", "LS_COLORS=rs=0:di=01;34:ln=01;36:mh=00:pi=40;33:so=01;35:do=01;35:bd=40;33;01:cd=40;33;01:or=40;31;01:mi=00:su=37;41:sg=30;43:ca=00:tw=30;42:ow=34;42:st=37;44:ex=01;32:*.tar=01;31:*.tgz=01;31:*.arc=01;31:*.arj=01;31:*.taz=01;31:*.lha=01;31:*.lz4=01;31:*.lzh=01;31:*.lzma=01;31:*.tlz=01;31:*.txz=01;31:*.tzo=01;31:*.t7z=01;31:*.zip=01;31:*.z=01;31:*.dz=01;31:*.gz=01;31:*.lrz=01;31:*.lz=01;31:*.lzo=01;31:*.xz=01;31:*.zst=01;31:*.tzst=01;31:*.bz2=01;31:*.bz=01;31:*.tbz=01;31:*.tbz2=01;31:*.tz=01;31:*.deb=01;31:*.rpm=01;31:*.jar=01;31:*.war=01;31:*.ear=01;31:*.sar=01;31:*.rar=01;31:*.alz=01;31:*.ace=01;31:*.zoo=01;31:*.cpio=01;31:*.7z=01;31:*.rz=01;31:*.cab=01;31:*.wim=01;31:*.swm=01;31:*.dwm=01;31:*.esd=01;31:*.avif=01;35:*.jpg=01;35:*.jpeg=01;35:*.mjpg=01;35:*.mjpeg=01;35:*.gif=01;35:*.bmp=01;35:*.pbm=01;35:*.pgm=01;35:*.ppm=01;35:*.tga=01;35:*.xbm=01;35:*.xpm=01;35:*.tif=01;35:*.tiff=01;35:*.png=01;35:*.svg=01;35:*.svgz=01;35:*.mng=01;35:*.pcx=01;35:*.mov=01;35:*.mpg=01;35:*.mpeg=01;35:*.m2v=01;35:*.mkv=01;35:*.webm=01;35:*.webp=01;35:*.ogm=01;35:*.mp4=01;35:*.m4v=01;35:*.mp4v=01;35:*.vob=01;35:*.qt=01;35:*.nuv=01;35:*.wmv=01;35:*.asf=01;35:*.rm=01;35:*.rmvb=01;35:*.flc=01;35:*.avi=01;35:*.fli=01;35:*.flv=01;35:*.gl=01;35:*.dl=01;35:*.xcf=01;35:*.xwd=01;35:*.yuv=01;35:*.cgm=01;35:*.emf=01;35:*.ogv=01;35:*.ogx=01;35:*.aac=00;36:*.au=00;36:*.flac=00;36:*.m4a=00;36:*.mid=00;36:*.midi=00;36:*.mka=00;36:*.mp3=00;36:*.mpc=00;36:*.ogg=00;36:*.ra=00;36:*.wav=00;36:*.oga=00;36:*.opus=00;36:*.spx=00;36:*.xspf=00;36:*~=00;90:*#=00;90:*.bak=00;90:*.crdownload=00;90:*.dpkg-dist=00;90:*.dpkg-new=00;90:*.dpkg-old=00;90:*.dpkg-tmp=00;90:*.old=00;90:*.orig=00;90:*.part=00;90:*.rej=00;90:*.rpmnew=00;90:*.rpmorig=00;90:*.rpmsave=00;90:*.swp=00;90:*.tmp=00;90:*.ucf-dist=00;90:*.ucf-new=00;90:*.ucf-old=00;90:", "LANG=en_US.UTF-8", "LESSCLOSE=/usr/bin/lesspipe %s %s", "SSH_CONNECTION=100.95.84.5 50454 100.82.112.7 22", "TMUX_PANE=%2", "LESSOPEN=| /usr/bin/lesspipe %s", "JULIA_PKG_PRECOMPILE_AUTO=0", "XDG_DATA_DIRS=/usr/share/gnome:/usr/local/share:/usr/share:/var/lib/snapd/desktop", "XDG_SESSION_ID=1677", "PATH=/home/ian/.juliaup/bin:/home/ian/.local/bin:/usr/local/sbin:/usr/local/bin:/usr/sbin:/usr/bin:/sbin:/bin:/usr/games:/usr/local/games:/snap/bin", "SSH_TTY=/dev/pts/1", "LOGNAME=ian", "TERM_PROGRAM_VERSION=3.4", "HUSHLOGIN=FALSE", "XDG_SESSION_TYPE=tty", "DEBUGINFOD_URLS=https://debuginfod.ubuntu.com ", "PWD", "OPENBLAS_DEFAULT_NUM_THREADS=1", "REMOTEHOST=100.104.183.53", "HOME=/home/ian", "JULIA_NUM_THREADS=1", "JULIA_PRECOMP_REPORT_TIMING=1", "DBUS_SESSION_BUS_ADDRESS=unix:path=/run/user/1000/bus", "XDG_SESSION_CLASS=user"]): no such file or directory (ENOENT)
Many shells expand '~' to the home directory in unquoted strings. To replicate this behavior, call `expanduser` to expand the '~' character to the user’s home directory.

SpecialFunctions 
IOError: could not spawn setenv(`/home/ian/.julia/juliaup/julia-pr62725/bin/julia -C native -J/home/ian/.julia/juliaup/julia-pr62725/lib/julia/sys.so -g1 --startup-file=no --compiled-modules=strict --output-o /tmp/julia-ttfx-depot/compiled/v1.14/SpecialFunctions/jl_p9t3mN --output-ji /tmp/julia-ttfx-depot/compiled/v1.14/SpecialFunctions/jl_uzC6AB --output-incremental=yes --startup-file=no --history-file=no --warn-overwrite=yes --color=auto -`,["TERM=tmux-256color", "TTFX_DEPOT_PATH=/tmp/julia-ttfx-depot", "OPENBLAS_NUM_THREADS=1", "OPENBLAS_MAIN_FREE=1", "SHELL=/bin/bash", "SSH_CLIENT=100.104.183.53 58167 22", "JULIA_DEPOT_PATH=/tmp/julia-ttfx-depot:", "OLDPWD=/home/ian/Documents/GitHub/julia", "TMUX=/tmp/tmux-1000/default,1292951,2", "LC_TERMINAL_VERSION=3.6.11", "XDG_RUNTIME_DIR=/run/user/1000", "JULIA_PRECOMPILE_JOBSERVER=/jl_pc_3749826_1", "USER=ian", "LC_TERMINAL=iTerm2", "SHLVL=2", "MAIL=/var/mail/ian", "TERM_PROGRAM=tmux", "LD_LIBRARY_PATH=/usr/local/cuda/lib64:", "_=/home/ian/.juliaup/bin/julia", "LS_COLORS=rs=0:di=01;34:ln=01;36:mh=00:pi=40;33:so=01;35:do=01;35:bd=40;33;01:cd=40;33;01:or=40;31;01:mi=00:su=37;41:sg=30;43:ca=00:tw=30;42:ow=34;42:st=37;44:ex=01;32:*.tar=01;31:*.tgz=01;31:*.arc=01;31:*.arj=01;31:*.taz=01;31:*.lha=01;31:*.lz4=01;31:*.lzh=01;31:*.lzma=01;31:*.tlz=01;31:*.txz=01;31:*.tzo=01;31:*.t7z=01;31:*.zip=01;31:*.z=01;31:*.dz=01;31:*.gz=01;31:*.lrz=01;31:*.lz=01;31:*.lzo=01;31:*.xz=01;31:*.zst=01;31:*.tzst=01;31:*.bz2=01;31:*.bz=01;31:*.tbz=01;31:*.tbz2=01;31:*.tz=01;31:*.deb=01;31:*.rpm=01;31:*.jar=01;31:*.war=01;31:*.ear=01;31:*.sar=01;31:*.rar=01;31:*.alz=01;31:*.ace=01;31:*.zoo=01;31:*.cpio=01;31:*.7z=01;31:*.rz=01;31:*.cab=01;31:*.wim=01;31:*.swm=01;31:*.dwm=01;31:*.esd=01;31:*.avif=01;35:*.jpg=01;35:*.jpeg=01;35:*.mjpg=01;35:*.mjpeg=01;35:*.gif=01;35:*.bmp=01;35:*.pbm=01;35:*.pgm=01;35:*.ppm=01;35:*.tga=01;35:*.xbm=01;35:*.xpm=01;35:*.tif=01;35:*.tiff=01;35:*.png=01;35:*.svg=01;35:*.svgz=01;35:*.mng=01;35:*.pcx=01;35:*.mov=01;35:*.mpg=01;35:*.mpeg=01;35:*.m2v=01;35:*.mkv=01;35:*.webm=01;35:*.webp=01;35:*.ogm=01;35:*.mp4=01;35:*.m4v=01;35:*.mp4v=01;35:*.vob=01;35:*.qt=01;35:*.nuv=01;35:*.wmv=01;35:*.asf=01;35:*.rm=01;35:*.rmvb=01;35:*.flc=01;35:*.avi=01;35:*.fli=01;35:*.flv=01;35:*.gl=01;35:*.dl=01;35:*.xcf=01;35:*.xwd=01;35:*.yuv=01;35:*.cgm=01;35:*.emf=01;35:*.ogv=01;35:*.ogx=01;35:*.aac=00;36:*.au=00;36:*.flac=00;36:*.m4a=00;36:*.mid=00;36:*.midi=00;36:*.mka=00;36:*.mp3=00;36:*.mpc=00;36:*.ogg=00;36:*.ra=00;36:*.wav=00;36:*.oga=00;36:*.opus=00;36:*.spx=00;36:*.xspf=00;36:*~=00;90:*#=00;90:*.bak=00;90:*.crdownload=00;90:*.dpkg-dist=00;90:*.dpkg-new=00;90:*.dpkg-old=00;90:*.dpkg-tmp=00;90:*.old=00;90:*.orig=00;90:*.part=00;90:*.rej=00;90:*.rpmnew=00;90:*.rpmorig=00;90:*.rpmsave=00;90:*.swp=00;90:*.tmp=00;90:*.ucf-dist=00;90:*.ucf-new=00;90:*.ucf-old=00;90:", "LANG=en_US.UTF-8", "LESSCLOSE=/usr/bin/lesspipe %s %s", "SSH_CONNECTION=100.95.84.5 50454 100.82.112.7 22", "TMUX_PANE=%2", "LESSOPEN=| /usr/bin/lesspipe %s", "JULIA_PKG_PRECOMPILE_AUTO=0", "XDG_DATA_DIRS=/usr/share/gnome:/usr/local/share:/usr/share:/var/lib/snapd/desktop", "XDG_SESSION_ID=1677", "PATH=/home/ian/.juliaup/bin:/home/ian/.local/bin:/usr/local/sbin:/usr/local/bin:/usr/sbin:/usr/bin:/sbin:/bin:/usr/games:/usr/local/games:/snap/bin", "SSH_TTY=/dev/pts/1", "LOGNAME=ian", "TERM_PROGRAM_VERSION=3.4", "HUSHLOGIN=FALSE", "XDG_SESSION_TYPE=tty", "DEBUGINFOD_URLS=https://debuginfod.ubuntu.com ", "PWD", "OPENBLAS_DEFAULT_NUM_THREADS=1", "REMOTEHOST=100.104.183.53", "HOME=/home/ian", "JULIA_NUM_THREADS=1", "JULIA_PRECOMP_REPORT_TIMING=1", "DBUS_SESSION_BUS_ADDRESS=unix:path=/run/user/1000/bus", "XDG_SESSION_CLASS=user"]): no such file or directory (ENOENT)
Many shells expand '~' to the home directory in unquoted strings. To replicate this behavior, call `expanduser` to expand the '~' character to the user’s home directory.

ResettableStacks 
IOError: could not spawn setenv(`/home/ian/.julia/juliaup/julia-pr62725/bin/julia -C native -J/home/ian/.julia/juliaup/julia-pr62725/lib/julia/sys.so -g1 --startup-file=no --compiled-modules=strict --output-o /tmp/julia-ttfx-depot/compiled/v1.14/ResettableStacks/jl_KHwTs0 --output-ji /tmp/julia-ttfx-depot/compiled/v1.14/ResettableStacks/jl_DDYFha --output-incremental=yes --startup-file=no --history-file=no --warn-overwrite=yes --color=auto -`,["TERM=tmux-256color", "TTFX_DEPOT_PATH=/tmp/julia-ttfx-depot", "OPENBLAS_NUM_THREADS=1", "OPENBLAS_MAIN_FREE=1", "SHELL=/bin/bash", "SSH_CLIENT=100.104.183.53 58167 22", "JULIA_DEPOT_PATH=/tmp/julia-ttfx-depot:", "OLDPWD=/home/ian/Documents/GitHub/julia", "TMUX=/tmp/tmux-1000/default,1292951,2", "LC_TERMINAL_VERSION=3.6.11", "XDG_RUNTIME_DIR=/run/user/1000", "JULIA_PRECOMPILE_JOBSERVER=/jl_pc_3749826_1", "USER=ian", "LC_TERMINAL=iTerm2", "SHLVL=2", "MAIL=/var/mail/ian", "TERM_PROGRAM=tmux", "LD_LIBRARY_PATH=/usr/local/cuda/lib64:", "_=/home/ian/.juliaup/bin/julia", "LS_COLORS=rs=0:di=01;34:ln=01;36:mh=00:pi=40;33:so=01;35:do=01;35:bd=40;33;01:cd=40;33;01:or=40;31;01:mi=00:su=37;41:sg=30;43:ca=00:tw=30;42:ow=34;42:st=37;44:ex=01;32:*.tar=01;31:*.tgz=01;31:*.arc=01;31:*.arj=01;31:*.taz=01;31:*.lha=01;31:*.lz4=01;31:*.lzh=01;31:*.lzma=01;31:*.tlz=01;31:*.txz=01;31:*.tzo=01;31:*.t7z=01;31:*.zip=01;31:*.z=01;31:*.dz=01;31:*.gz=01;31:*.lrz=01;31:*.lz=01;31:*.lzo=01;31:*.xz=01;31:*.zst=01;31:*.tzst=01;31:*.bz2=01;31:*.bz=01;31:*.tbz=01;31:*.tbz2=01;31:*.tz=01;31:*.deb=01;31:*.rpm=01;31:*.jar=01;31:*.war=01;31:*.ear=01;31:*.sar=01;31:*.rar=01;31:*.alz=01;31:*.ace=01;31:*.zoo=01;31:*.cpio=01;31:*.7z=01;31:*.rz=01;31:*.cab=01;31:*.wim=01;31:*.swm=01;31:*.dwm=01;31:*.esd=01;31:*.avif=01;35:*.jpg=01;35:*.jpeg=01;35:*.mjpg=01;35:*.mjpeg=01;35:*.gif=01;35:*.bmp=01;35:*.pbm=01;35:*.pgm=01;35:*.ppm=01;35:*.tga=01;35:*.xbm=01;35:*.xpm=01;35:*.tif=01;35:*.tiff=01;35:*.png=01;35:*.svg=01;35:*.svgz=01;35:*.mng=01;35:*.pcx=01;35:*.mov=01;35:*.mpg=01;35:*.mpeg=01;35:*.m2v=01;35:*.mkv=01;35:*.webm=01;35:*.webp=01;35:*.ogm=01;35:*.mp4=01;35:*.m4v=01;35:*.mp4v=01;35:*.vob=01;35:*.qt=01;35:*.nuv=01;35:*.wmv=01;35:*.asf=01;35:*.rm=01;35:*.rmvb=01;35:*.flc=01;35:*.avi=01;35:*.fli=01;35:*.flv=01;35:*.gl=01;35:*.dl=01;35:*.xcf=01;35:*.xwd=01;35:*.yuv=01;35:*.cgm=01;35:*.emf=01;35:*.ogv=01;35:*.ogx=01;35:*.aac=00;36:*.au=00;36:*.flac=00;36:*.m4a=00;36:*.mid=00;36:*.midi=00;36:*.mka=00;36:*.mp3=00;36:*.mpc=00;36:*.ogg=00;36:*.ra=00;36:*.wav=00;36:*.oga=00;36:*.opus=00;36:*.spx=00;36:*.xspf=00;36:*~=00;90:*#=00;90:*.bak=00;90:*.crdownload=00;90:*.dpkg-dist=00;90:*.dpkg-new=00;90:*.dpkg-old=00;90:*.dpkg-tmp=00;90:*.old=00;90:*.orig=00;90:*.part=00;90:*.rej=00;90:*.rpmnew=00;90:*.rpmorig=00;90:*.rpmsave=00;90:*.swp=00;90:*.tmp=00;90:*.ucf-dist=00;90:*.ucf-new=00;90:*.ucf-old=00;90:", "LANG=en_US.UTF-8", "LESSCLOSE=/usr/bin/lesspipe %s %s", "SSH_CONNECTION=100.95.84.5 50454 100.82.112.7 22", "TMUX_PANE=%2", "LESSOPEN=| /usr/bin/lesspipe %s", "JULIA_PKG_PRECOMPILE_AUTO=0", "XDG_DATA_DIRS=/usr/share/gnome:/usr/local/share:/usr/share:/var/lib/snapd/desktop", "XDG_SESSION_ID=1677", "PATH=/home/ian/.juliaup/bin:/home/ian/.local/bin:/usr/local/sbin:/usr/local/bin:/usr/sbin:/usr/bin:/sbin:/bin:/usr/games:/usr/local/games:/snap/bin", "SSH_TTY=/dev/pts/1", "LOGNAME=ian", "TERM_PROGRAM_VERSION=3.4", "HUSHLOGIN=FALSE", "XDG_SESSION_TYPE=tty", "DEBUGINFOD_URLS=https://debuginfod.ubuntu.com ", "PWD", "OPENBLAS_DEFAULT_NUM_THREADS=1", "REMOTEHOST=100.104.183.53", "HOME=/home/ian", "JULIA_NUM_THREADS=1", "JULIA_PRECOMP_REPORT_TIMING=1", "DBUS_SESSION_BUS_ADDRESS=unix:path=/run/user/1000/bus", "XDG_SESSION_CLASS=user"]): no such file or directory (ENOENT)
Many shells expand '~' to the home directory in unquoted strings. To replicate this behavior, call `expanduser` to expand the '~' character to the user’s home directory.

Accessors → TestExt 
IOError: could not spawn setenv(`/home/ian/.julia/juliaup/julia-pr62725/bin/julia -C native -J/home/ian/.julia/juliaup/julia-pr62725/lib/julia/sys.so -g1 --startup-file=no --compiled-modules=strict --output-o /tmp/julia-ttfx-depot/compiled/v1.14/TestExt/jl_oo5ZiA --output-ji /tmp/julia-ttfx-depot/compiled/v1.14/TestExt/jl_K7P68M --output-incremental=yes --startup-file=no --history-file=no --warn-overwrite=yes --color=auto -`,["TERM=tmux-256color", "TTFX_DEPOT_PATH=/tmp/julia-ttfx-depot", "OPENBLAS_NUM_THREADS=1", "OPENBLAS_MAIN_FREE=1", "SHELL=/bin/bash", "SSH_CLIENT=100.104.183.53 58167 22", "JULIA_DEPOT_PATH=/tmp/julia-ttfx-depot:", "OLDPWD=/home/ian/Documents/GitHub/julia", "TMUX=/tmp/tmux-1000/default,1292951,2", "LC_TERMINAL_VERSION=3.6.11", "XDG_RUNTIME_DIR=/run/user/1000", "JULIA_PRECOMPILE_JOBSERVER=/jl_pc_3749826_1", "USER=ian", "LC_TERMINAL=iTerm2", "SHLVL=2", "MAIL=/var/mail/ian", "TERM_PROGRAM=tmux", "LD_LIBRARY_PATH=/usr/local/cuda/lib64:", "_=/home/ian/.juliaup/bin/julia", "LS_COLORS=rs=0:di=01;34:ln=01;36:mh=00:pi=40;33:so=01;35:do=01;35:bd=40;33;01:cd=40;33;01:or=40;31;01:mi=00:su=37;41:sg=30;43:ca=00:tw=30;42:ow=34;42:st=37;44:ex=01;32:*.tar=01;31:*.tgz=01;31:*.arc=01;31:*.arj=01;31:*.taz=01;31:*.lha=01;31:*.lz4=01;31:*.lzh=01;31:*.lzma=01;31:*.tlz=01;31:*.txz=01;31:*.tzo=01;31:*.t7z=01;31:*.zip=01;31:*.z=01;31:*.dz=01;31:*.gz=01;31:*.lrz=01;31:*.lz=01;31:*.lzo=01;31:*.xz=01;31:*.zst=01;31:*.tzst=01;31:*.bz2=01;31:*.bz=01;31:*.tbz=01;31:*.tbz2=01;31:*.tz=01;31:*.deb=01;31:*.rpm=01;31:*.jar=01;31:*.war=01;31:*.ear=01;31:*.sar=01;31:*.rar=01;31:*.alz=01;31:*.ace=01;31:*.zoo=01;31:*.cpio=01;31:*.7z=01;31:*.rz=01;31:*.cab=01;31:*.wim=01;31:*.swm=01;31:*.dwm=01;31:*.esd=01;31:*.avif=01;35:*.jpg=01;35:*.jpeg=01;35:*.mjpg=01;35:*.mjpeg=01;35:*.gif=01;35:*.bmp=01;35:*.pbm=01;35:*.pgm=01;35:*.ppm=01;35:*.tga=01;35:*.xbm=01;35:*.xpm=01;35:*.tif=01;35:*.tiff=01;35:*.png=01;35:*.svg=01;35:*.svgz=01;35:*.mng=01;35:*.pcx=01;35:*.mov=01;35:*.mpg=01;35:*.mpeg=01;35:*.m2v=01;35:*.mkv=01;35:*.webm=01;35:*.webp=01;35:*.ogm=01;35:*.mp4=01;35:*.m4v=01;35:*.mp4v=01;35:*.vob=01;35:*.qt=01;35:*.nuv=01;35:*.wmv=01;35:*.asf=01;35:*.rm=01;35:*.rmvb=01;35:*.flc=01;35:*.avi=01;35:*.fli=01;35:*.flv=01;35:*.gl=01;35:*.dl=01;35:*.xcf=01;35:*.xwd=01;35:*.yuv=01;35:*.cgm=01;35:*.emf=01;35:*.ogv=01;35:*.ogx=01;35:*.aac=00;36:*.au=00;36:*.flac=00;36:*.m4a=00;36:*.mid=00;36:*.midi=00;36:*.mka=00;36:*.mp3=00;36:*.mpc=00;36:*.ogg=00;36:*.ra=00;36:*.wav=00;36:*.oga=00;36:*.opus=00;36:*.spx=00;36:*.xspf=00;36:*~=00;90:*#=00;90:*.bak=00;90:*.crdownload=00;90:*.dpkg-dist=00;90:*.dpkg-new=00;90:*.dpkg-old=00;90:*.dpkg-tmp=00;90:*.old=00;90:*.orig=00;90:*.part=00;90:*.rej=00;90:*.rpmnew=00;90:*.rpmorig=00;90:*.rpmsave=00;90:*.swp=00;90:*.tmp=00;90:*.ucf-dist=00;90:*.ucf-new=00;90:*.ucf-old=00;90:", "LANG=en_US.UTF-8", "LESSCLOSE=/usr/bin/lesspipe %s %s", "SSH_CONNECTION=100.95.84.5 50454 100.82.112.7 22", "TMUX_PANE=%2", "LESSOPEN=| /usr/bin/lesspipe %s", "JULIA_PKG_PRECOMPILE_AUTO=0", "XDG_DATA_DIRS=/usr/share/gnome:/usr/local/share:/usr/share:/var/lib/snapd/desktop", "XDG_SESSION_ID=1677", "PATH=/home/ian/.juliaup/bin:/home/ian/.local/bin:/usr/local/sbin:/usr/local/bin:/usr/sbin:/usr/bin:/sbin:/bin:/usr/games:/usr/local/games:/snap/bin", "SSH_TTY=/dev/pts/1", "LOGNAME=ian", "TERM_PROGRAM_VERSION=3.4", "HUSHLOGIN=FALSE", "XDG_SESSION_TYPE=tty", "DEBUGINFOD_URLS=https://debuginfod.ubuntu.com ", "PWD", "OPENBLAS_DEFAULT_NUM_THREADS=1", "REMOTEHOST=100.104.183.53", "HOME=/home/ian", "JULIA_NUM_THREADS=1", "JULIA_PRECOMP_REPORT_TIMING=1", "DBUS_SESSION_BUS_ADDRESS=unix:path=/run/user/1000/bus", "XDG_SESSION_CLASS=user"]): no such file or directory (ENOENT)
Many shells expand '~' to the home directory in unquoted strings. To replicate this behavior, call `expanduser` to expand the '~' character to the user’s home directory.

NLSolversBase 
IOError: could not spawn setenv(`/home/ian/.julia/juliaup/julia-pr62725/bin/julia -C native -J/home/ian/.julia/juliaup/julia-pr62725/lib/julia/sys.so -g1 --startup-file=no --compiled-modules=strict --output-o /tmp/julia-ttfx-depot/compiled/v1.14/NLSolversBase/jl_NQLI6D --output-ji /tmp/julia-ttfx-depot/compiled/v1.14/NLSolversBase/jl_GMdvVN --output-incremental=yes --startup-file=no --history-file=no --warn-overwrite=yes --color=auto -`,["TERM=tmux-256color", "TTFX_DEPOT_PATH=/tmp/julia-ttfx-depot", "OPENBLAS_NUM_THREADS=1", "OPENBLAS_MAIN_FREE=1", "SHELL=/bin/bash", "SSH_CLIENT=100.104.183.53 58167 22", "JULIA_DEPOT_PATH=/tmp/julia-ttfx-depot:", "OLDPWD=/home/ian/Documents/GitHub/julia", "TMUX=/tmp/tmux-1000/default,1292951,2", "LC_TERMINAL_VERSION=3.6.11", "XDG_RUNTIME_DIR=/run/user/1000", "JULIA_PRECOMPILE_JOBSERVER=/jl_pc_3749826_1", "USER=ian", "LC_TERMINAL=iTerm2", "SHLVL=2", "MAIL=/var/mail/ian", "TERM_PROGRAM=tmux", "LD_LIBRARY_PATH=/usr/local/cuda/lib64:", "_=/home/ian/.juliaup/bin/julia", "LS_COLORS=rs=0:di=01;34:ln=01;36:mh=00:pi=40;33:so=01;35:do=01;35:bd=40;33;01:cd=40;33;01:or=40;31;01:mi=00:su=37;41:sg=30;43:ca=00:tw=30;42:ow=34;42:st=37;44:ex=01;32:*.tar=01;31:*.tgz=01;31:*.arc=01;31:*.arj=01;31:*.taz=01;31:*.lha=01;31:*.lz4=01;31:*.lzh=01;31:*.lzma=01;31:*.tlz=01;31:*.txz=01;31:*.tzo=01;31:*.t7z=01;31:*.zip=01;31:*.z=01;31:*.dz=01;31:*.gz=01;31:*.lrz=01;31:*.lz=01;31:*.lzo=01;31:*.xz=01;31:*.zst=01;31:*.tzst=01;31:*.bz2=01;31:*.bz=01;31:*.tbz=01;31:*.tbz2=01;31:*.tz=01;31:*.deb=01;31:*.rpm=01;31:*.jar=01;31:*.war=01;31:*.ear=01;31:*.sar=01;31:*.rar=01;31:*.alz=01;31:*.ace=01;31:*.zoo=01;31:*.cpio=01;31:*.7z=01;31:*.rz=01;31:*.cab=01;31:*.wim=01;31:*.swm=01;31:*.dwm=01;31:*.esd=01;31:*.avif=01;35:*.jpg=01;35:*.jpeg=01;35:*.mjpg=01;35:*.mjpeg=01;35:*.gif=01;35:*.bmp=01;35:*.pbm=01;35:*.pgm=01;35:*.ppm=01;35:*.tga=01;35:*.xbm=01;35:*.xpm=01;35:*.tif=01;35:*.tiff=01;35:*.png=01;35:*.svg=01;35:*.svgz=01;35:*.mng=01;35:*.pcx=01;35:*.mov=01;35:*.mpg=01;35:*.mpeg=01;35:*.m2v=01;35:*.mkv=01;35:*.webm=01;35:*.webp=01;35:*.ogm=01;35:*.mp4=01;35:*.m4v=01;35:*.mp4v=01;35:*.vob=01;35:*.qt=01;35:*.nuv=01;35:*.wmv=01;35:*.asf=01;35:*.rm=01;35:*.rmvb=01;35:*.flc=01;35:*.avi=01;35:*.fli=01;35:*.flv=01;35:*.gl=01;35:*.dl=01;35:*.xcf=01;35:*.xwd=01;35:*.yuv=01;35:*.cgm=01;35:*.emf=01;35:*.ogv=01;35:*.ogx=01;35:*.aac=00;36:*.au=00;36:*.flac=00;36:*.m4a=00;36:*.mid=00;36:*.midi=00;36:*.mka=00;36:*.mp3=00;36:*.mpc=00;36:*.ogg=00;36:*.ra=00;36:*.wav=00;36:*.oga=00;36:*.opus=00;36:*.spx=00;36:*.xspf=00;36:*~=00;90:*#=00;90:*.bak=00;90:*.crdownload=00;90:*.dpkg-dist=00;90:*.dpkg-new=00;90:*.dpkg-old=00;90:*.dpkg-tmp=00;90:*.old=00;90:*.orig=00;90:*.part=00;90:*.rej=00;90:*.rpmnew=00;90:*.rpmorig=00;90:*.rpmsave=00;90:*.swp=00;90:*.tmp=00;90:*.ucf-dist=00;90:*.ucf-new=00;90:*.ucf-old=00;90:", "LANG=en_US.UTF-8", "LESSCLOSE=/usr/bin/lesspipe %s %s", "SSH_CONNECTION=100.95.84.5 50454 100.82.112.7 22", "TMUX_PANE=%2", "LESSOPEN=| /usr/bin/lesspipe %s", "JULIA_PKG_PRECOMPILE_AUTO=0", "XDG_DATA_DIRS=/usr/share/gnome:/usr/local/share:/usr/share:/var/lib/snapd/desktop", "XDG_SESSION_ID=1677", "PATH=/home/ian/.juliaup/bin:/home/ian/.local/bin:/usr/local/sbin:/usr/local/bin:/usr/sbin:/usr/bin:/sbin:/bin:/usr/games:/usr/local/games:/snap/bin", "SSH_TTY=/dev/pts/1", "LOGNAME=ian", "TERM_PROGRAM_VERSION=3.4", "HUSHLOGIN=FALSE", "XDG_SESSION_TYPE=tty", "DEBUGINFOD_URLS=https://debuginfod.ubuntu.com ", "PWD", "OPENBLAS_DEFAULT_NUM_THREADS=1", "REMOTEHOST=100.104.183.53", "HOME=/home/ian", "JULIA_NUM_THREADS=1", "JULIA_PRECOMP_REPORT_TIMING=1", "DBUS_SESSION_BUS_ADDRESS=unix:path=/run/user/1000/bus", "XDG_SESSION_CLASS=user"]): no such file or directory (ENOENT)
Many shells expand '~' to the home directory in unquoted strings. To replicate this behavior, call `expanduser` to expand the '~' character to the user’s home directory.

DifferentiationInterface → DifferentiationInterfaceSparseArraysExt 
IOError: could not spawn setenv(`/home/ian/.julia/juliaup/julia-pr62725/bin/julia -C native -J/home/ian/.julia/juliaup/julia-pr62725/lib/julia/sys.so -g1 --startup-file=no --compiled-modules=strict --output-o /tmp/julia-ttfx-depot/compiled/v1.14/DifferentiationInterfaceSparseArraysExt/jl_kEdjKc --output-ji /tmp/julia-ttfx-depot/compiled/v1.14/DifferentiationInterfaceSparseArraysExt/jl_Ssj5HR --output-incremental=yes --startup-file=no --history-file=no --warn-overwrite=yes --color=auto -`,["TERM=tmux-256color", "TTFX_DEPOT_PATH=/tmp/julia-ttfx-depot", "OPENBLAS_NUM_THREADS=1", "OPENBLAS_MAIN_FREE=1", "SHELL=/bin/bash", "SSH_CLIENT=100.104.183.53 58167 22", "JULIA_DEPOT_PATH=/tmp/julia-ttfx-depot:", "OLDPWD=/home/ian/Documents/GitHub/julia", "TMUX=/tmp/tmux-1000/default,1292951,2", "LC_TERMINAL_VERSION=3.6.11", "XDG_RUNTIME_DIR=/run/user/1000", "JULIA_PRECOMPILE_JOBSERVER=/jl_pc_3749826_1", "USER=ian", "LC_TERMINAL=iTerm2", "SHLVL=2", "MAIL=/var/mail/ian", "TERM_PROGRAM=tmux", "LD_LIBRARY_PATH=/usr/local/cuda/lib64:", "_=/home/ian/.juliaup/bin/julia", "LS_COLORS=rs=0:di=01;34:ln=01;36:mh=00:pi=40;33:so=01;35:do=01;35:bd=40;33;01:cd=40;33;01:or=40;31;01:mi=00:su=37;41:sg=30;43:ca=00:tw=30;42:ow=34;42:st=37;44:ex=01;32:*.tar=01;31:*.tgz=01;31:*.arc=01;31:*.arj=01;31:*.taz=01;31:*.lha=01;31:*.lz4=01;31:*.lzh=01;31:*.lzma=01;31:*.tlz=01;31:*.txz=01;31:*.tzo=01;31:*.t7z=01;31:*.zip=01;31:*.z=01;31:*.dz=01;31:*.gz=01;31:*.lrz=01;31:*.lz=01;31:*.lzo=01;31:*.xz=01;31:*.zst=01;31:*.tzst=01;31:*.bz2=01;31:*.bz=01;31:*.tbz=01;31:*.tbz2=01;31:*.tz=01;31:*.deb=01;31:*.rpm=01;31:*.jar=01;31:*.war=01;31:*.ear=01;31:*.sar=01;31:*.rar=01;31:*.alz=01;31:*.ace=01;31:*.zoo=01;31:*.cpio=01;31:*.7z=01;31:*.rz=01;31:*.cab=01;31:*.wim=01;31:*.swm=01;31:*.dwm=01;31:*.esd=01;31:*.avif=01;35:*.jpg=01;35:*.jpeg=01;35:*.mjpg=01;35:*.mjpeg=01;35:*.gif=01;35:*.bmp=01;35:*.pbm=01;35:*.pgm=01;35:*.ppm=01;35:*.tga=01;35:*.xbm=01;35:*.xpm=01;35:*.tif=01;35:*.tiff=01;35:*.png=01;35:*.svg=01;35:*.svgz=01;35:*.mng=01;35:*.pcx=01;35:*.mov=01;35:*.mpg=01;35:*.mpeg=01;35:*.m2v=01;35:*.mkv=01;35:*.webm=01;35:*.webp=01;35:*.ogm=01;35:*.mp4=01;35:*.m4v=01;35:*.mp4v=01;35:*.vob=01;35:*.qt=01;35:*.nuv=01;35:*.wmv=01;35:*.asf=01;35:*.rm=01;35:*.rmvb=01;35:*.flc=01;35:*.avi=01;35:*.fli=01;35:*.flv=01;35:*.gl=01;35:*.dl=01;35:*.xcf=01;35:*.xwd=01;35:*.yuv=01;35:*.cgm=01;35:*.emf=01;35:*.ogv=01;35:*.ogx=01;35:*.aac=00;36:*.au=00;36:*.flac=00;36:*.m4a=00;36:*.mid=00;36:*.midi=00;36:*.mka=00;36:*.mp3=00;36:*.mpc=00;36:*.ogg=00;36:*.ra=00;36:*.wav=00;36:*.oga=00;36:*.opus=00;36:*.spx=00;36:*.xspf=00;36:*~=00;90:*#=00;90:*.bak=00;90:*.crdownload=00;90:*.dpkg-dist=00;90:*.dpkg-new=00;90:*.dpkg-old=00;90:*.dpkg-tmp=00;90:*.old=00;90:*.orig=00;90:*.part=00;90:*.rej=00;90:*.rpmnew=00;90:*.rpmorig=00;90:*.rpmsave=00;90:*.swp=00;90:*.tmp=00;90:*.ucf-dist=00;90:*.ucf-new=00;90:*.ucf-old=00;90:", "LANG=en_US.UTF-8", "LESSCLOSE=/usr/bin/lesspipe %s %s", "SSH_CONNECTION=100.95.84.5 50454 100.82.112.7 22", "TMUX_PANE=%2", "LESSOPEN=| /usr/bin/lesspipe %s", "JULIA_PKG_PRECOMPILE_AUTO=0", "XDG_DATA_DIRS=/usr/share/gnome:/usr/local/share:/usr/share:/var/lib/snapd/desktop", "XDG_SESSION_ID=1677", "PATH=/home/ian/.juliaup/bin:/home/ian/.local/bin:/usr/local/sbin:/usr/local/bin:/usr/sbin:/usr/bin:/sbin:/bin:/usr/games:/usr/local/games:/snap/bin", "SSH_TTY=/dev/pts/1", "LOGNAME=ian", "TERM_PROGRAM_VERSION=3.4", "HUSHLOGIN=FALSE", "XDG_SESSION_TYPE=tty", "DEBUGINFOD_URLS=https://debuginfod.ubuntu.com ", "PWD", "OPENBLAS_DEFAULT_NUM_THREADS=1", "REMOTEHOST=100.104.183.53", "HOME=/home/ian", "JULIA_NUM_THREADS=1", "JULIA_PRECOMP_REPORT_TIMING=1", "DBUS_SESSION_BUS_ADDRESS=unix:path=/run/user/1000/bus", "XDG_SESSION_CLASS=user"]): no such file or directory (ENOENT)
Many shells expand '~' to the home directory in unquoted strings. To replicate this behavior, call `expanduser` to expand the '~' character to the user’s home directory.

Polynomials → PolynomialsFFTWExt 
IOError: could not spawn setenv(`/home/ian/.julia/juliaup/julia-pr62725/bin/julia -C native -J/home/ian/.julia/juliaup/julia-pr62725/lib/julia/sys.so -g1 --startup-file=no --compiled-modules=strict --output-o /tmp/julia-ttfx-depot/compiled/v1.14/PolynomialsFFTWExt/jl_Q66Btw --output-ji /tmp/julia-ttfx-depot/compiled/v1.14/PolynomialsFFTWExt/jl_z7eP9X --output-incremental=yes --startup-file=no --history-file=no --warn-overwrite=yes --color=auto -`,["TERM=tmux-256color", "TTFX_DEPOT_PATH=/tmp/julia-ttfx-depot", "OPENBLAS_NUM_THREADS=1", "OPENBLAS_MAIN_FREE=1", "SHELL=/bin/bash", "SSH_CLIENT=100.104.183.53 58167 22", "JULIA_DEPOT_PATH=/tmp/julia-ttfx-depot:", "OLDPWD=/home/ian/Documents/GitHub/julia", "TMUX=/tmp/tmux-1000/default,1292951,2", "LC_TERMINAL_VERSION=3.6.11", "XDG_RUNTIME_DIR=/run/user/1000", "JULIA_PRECOMPILE_JOBSERVER=/jl_pc_3749826_1", "USER=ian", "LC_TERMINAL=iTerm2", "SHLVL=2", "MAIL=/var/mail/ian", "TERM_PROGRAM=tmux", "LD_LIBRARY_PATH=/usr/local/cuda/lib64:", "_=/home/ian/.juliaup/bin/julia", "LS_COLORS=rs=0:di=01;34:ln=01;36:mh=00:pi=40;33:so=01;35:do=01;35:bd=40;33;01:cd=40;33;01:or=40;31;01:mi=00:su=37;41:sg=30;43:ca=00:tw=30;42:ow=34;42:st=37;44:ex=01;32:*.tar=01;31:*.tgz=01;31:*.arc=01;31:*.arj=01;31:*.taz=01;31:*.lha=01;31:*.lz4=01;31:*.lzh=01;31:*.lzma=01;31:*.tlz=01;31:*.txz=01;31:*.tzo=01;31:*.t7z=01;31:*.zip=01;31:*.z=01;31:*.dz=01;31:*.gz=01;31:*.lrz=01;31:*.lz=01;31:*.lzo=01;31:*.xz=01;31:*.zst=01;31:*.tzst=01;31:*.bz2=01;31:*.bz=01;31:*.tbz=01;31:*.tbz2=01;31:*.tz=01;31:*.deb=01;31:*.rpm=01;31:*.jar=01;31:*.war=01;31:*.ear=01;31:*.sar=01;31:*.rar=01;31:*.alz=01;31:*.ace=01;31:*.zoo=01;31:*.cpio=01;31:*.7z=01;31:*.rz=01;31:*.cab=01;31:*.wim=01;31:*.swm=01;31:*.dwm=01;31:*.esd=01;31:*.avif=01;35:*.jpg=01;35:*.jpeg=01;35:*.mjpg=01;35:*.mjpeg=01;35:*.gif=01;35:*.bmp=01;35:*.pbm=01;35:*.pgm=01;35:*.ppm=01;35:*.tga=01;35:*.xbm=01;35:*.xpm=01;35:*.tif=01;35:*.tiff=01;35:*.png=01;35:*.svg=01;35:*.svgz=01;35:*.mng=01;35:*.pcx=01;35:*.mov=01;35:*.mpg=01;35:*.mpeg=01;35:*.m2v=01;35:*.mkv=01;35:*.webm=01;35:*.webp=01;35:*.ogm=01;35:*.mp4=01;35:*.m4v=01;35:*.mp4v=01;35:*.vob=01;35:*.qt=01;35:*.nuv=01;35:*.wmv=01;35:*.asf=01;35:*.rm=01;35:*.rmvb=01;35:*.flc=01;35:*.avi=01;35:*.fli=01;35:*.flv=01;35:*.gl=01;35:*.dl=01;35:*.xcf=01;35:*.xwd=01;35:*.yuv=01;35:*.cgm=01;35:*.emf=01;35:*.ogv=01;35:*.ogx=01;35:*.aac=00;36:*.au=00;36:*.flac=00;36:*.m4a=00;36:*.mid=00;36:*.midi=00;36:*.mka=00;36:*.mp3=00;36:*.mpc=00;36:*.ogg=00;36:*.ra=00;36:*.wav=00;36:*.oga=00;36:*.opus=00;36:*.spx=00;36:*.xspf=00;36:*~=00;90:*#=00;90:*.bak=00;90:*.crdownload=00;90:*.dpkg-dist=00;90:*.dpkg-new=00;90:*.dpkg-old=00;90:*.dpkg-tmp=00;90:*.old=00;90:*.orig=00;90:*.part=00;90:*.rej=00;90:*.rpmnew=00;90:*.rpmorig=00;90:*.rpmsave=00;90:*.swp=00;90:*.tmp=00;90:*.ucf-dist=00;90:*.ucf-new=00;90:*.ucf-old=00;90:", "LANG=en_US.UTF-8", "LESSCLOSE=/usr/bin/lesspipe %s %s", "SSH_CONNECTION=100.95.84.5 50454 100.82.112.7 22", "TMUX_PANE=%2", "LESSOPEN=| /usr/bin/lesspipe %s", "JULIA_PKG_PRECOMPILE_AUTO=0", "XDG_DATA_DIRS=/usr/share/gnome:/usr/local/share:/usr/share:/var/lib/snapd/desktop", "XDG_SESSION_ID=1677", "PATH=/home/ian/.juliaup/bin:/home/ian/.local/bin:/usr/local/sbin:/usr/local/bin:/usr/sbin:/usr/bin:/sbin:/bin:/usr/games:/usr/local/games:/snap/bin", "SSH_TTY=/dev/pts/1", "LOGNAME=ian", "TERM_PROGRAM_VERSION=3.4", "HUSHLOGIN=FALSE", "XDG_SESSION_TYPE=tty", "DEBUGINFOD_URLS=https://debuginfod.ubuntu.com ", "PWD", "OPENBLAS_DEFAULT_NUM_THREADS=1", "REMOTEHOST=100.104.183.53", "HOME=/home/ian", "JULIA_NUM_THREADS=1", "JULIA_PRECOMP_REPORT_TIMING=1", "DBUS_SESSION_BUS_ADDRESS=unix:path=/run/user/1000/bus", "XDG_SESSION_CLASS=user"]): no such file or directory (ENOENT)
Many shells expand '~' to the home directory in unquoted strings. To replicate this behavior, call `expanduser` to expand the '~' character to the user’s home directory.

SymbolicIndexingInterface 
IOError: could not spawn setenv(`/home/ian/.julia/juliaup/julia-pr62725/bin/julia -C native -J/home/ian/.julia/juliaup/julia-pr62725/lib/julia/sys.so -g1 --startup-file=no --compiled-modules=strict --output-o /tmp/julia-ttfx-depot/compiled/v1.14/SymbolicIndexingInterface/jl_xx2Jpd --output-ji /tmp/julia-ttfx-depot/compiled/v1.14/SymbolicIndexingInterface/jl_U3GZG3 --output-incremental=yes --startup-file=no --history-file=no --warn-overwrite=yes --color=auto -`,["TERM=tmux-256color", "TTFX_DEPOT_PATH=/tmp/julia-ttfx-depot", "OPENBLAS_NUM_THREADS=1", "OPENBLAS_MAIN_FREE=1", "SHELL=/bin/bash", "SSH_CLIENT=100.104.183.53 58167 22", "JULIA_DEPOT_PATH=/tmp/julia-ttfx-depot:", "OLDPWD=/home/ian/Documents/GitHub/julia", "TMUX=/tmp/tmux-1000/default,1292951,2", "LC_TERMINAL_VERSION=3.6.11", "XDG_RUNTIME_DIR=/run/user/1000", "JULIA_PRECOMPILE_JOBSERVER=/jl_pc_3749826_1", "USER=ian", "LC_TERMINAL=iTerm2", "SHLVL=2", "MAIL=/var/mail/ian", "TERM_PROGRAM=tmux", "LD_LIBRARY_PATH=/usr/local/cuda/lib64:", "_=/home/ian/.juliaup/bin/julia", "LS_COLORS=rs=0:di=01;34:ln=01;36:mh=00:pi=40;33:so=01;35:do=01;35:bd=40;33;01:cd=40;33;01:or=40;31;01:mi=00:su=37;41:sg=30;43:ca=00:tw=30;42:ow=34;42:st=37;44:ex=01;32:*.tar=01;31:*.tgz=01;31:*.arc=01;31:*.arj=01;31:*.taz=01;31:*.lha=01;31:*.lz4=01;31:*.lzh=01;31:*.lzma=01;31:*.tlz=01;31:*.txz=01;31:*.tzo=01;31:*.t7z=01;31:*.zip=01;31:*.z=01;31:*.dz=01;31:*.gz=01;31:*.lrz=01;31:*.lz=01;31:*.lzo=01;31:*.xz=01;31:*.zst=01;31:*.tzst=01;31:*.bz2=01;31:*.bz=01;31:*.tbz=01;31:*.tbz2=01;31:*.tz=01;31:*.deb=01;31:*.rpm=01;31:*.jar=01;31:*.war=01;31:*.ear=01;31:*.sar=01;31:*.rar=01;31:*.alz=01;31:*.ace=01;31:*.zoo=01;31:*.cpio=01;31:*.7z=01;31:*.rz=01;31:*.cab=01;31:*.wim=01;31:*.swm=01;31:*.dwm=01;31:*.esd=01;31:*.avif=01;35:*.jpg=01;35:*.jpeg=01;35:*.mjpg=01;35:*.mjpeg=01;35:*.gif=01;35:*.bmp=01;35:*.pbm=01;35:*.pgm=01;35:*.ppm=01;35:*.tga=01;35:*.xbm=01;35:*.xpm=01;35:*.tif=01;35:*.tiff=01;35:*.png=01;35:*.svg=01;35:*.svgz=01;35:*.mng=01;35:*.pcx=01;35:*.mov=01;35:*.mpg=01;35:*.mpeg=01;35:*.m2v=01;35:*.mkv=01;35:*.webm=01;35:*.webp=01;35:*.ogm=01;35:*.mp4=01;35:*.m4v=01;35:*.mp4v=01;35:*.vob=01;35:*.qt=01;35:*.nuv=01;35:*.wmv=01;35:*.asf=01;35:*.rm=01;35:*.rmvb=01;35:*.flc=01;35:*.avi=01;35:*.fli=01;35:*.flv=01;35:*.gl=01;35:*.dl=01;35:*.xcf=01;35:*.xwd=01;35:*.yuv=01;35:*.cgm=01;35:*.emf=01;35:*.ogv=01;35:*.ogx=01;35:*.aac=00;36:*.au=00;36:*.flac=00;36:*.m4a=00;36:*.mid=00;36:*.midi=00;36:*.mka=00;36:*.mp3=00;36:*.mpc=00;36:*.ogg=00;36:*.ra=00;36:*.wav=00;36:*.oga=00;36:*.opus=00;36:*.spx=00;36:*.xspf=00;36:*~=00;90:*#=00;90:*.bak=00;90:*.crdownload=00;90:*.dpkg-dist=00;90:*.dpkg-new=00;90:*.dpkg-old=00;90:*.dpkg-tmp=00;90:*.old=00;90:*.orig=00;90:*.part=00;90:*.rej=00;90:*.rpmnew=00;90:*.rpmorig=00;90:*.rpmsave=00;90:*.swp=00;90:*.tmp=00;90:*.ucf-dist=00;90:*.ucf-new=00;90:*.ucf-old=00;90:", "LANG=en_US.UTF-8", "LESSCLOSE=/usr/bin/lesspipe %s %s", "SSH_CONNECTION=100.95.84.5 50454 100.82.112.7 22", "TMUX_PANE=%2", "LESSOPEN=| /usr/bin/lesspipe %s", "JULIA_PKG_PRECOMPILE_AUTO=0", "XDG_DATA_DIRS=/usr/share/gnome:/usr/local/share:/usr/share:/var/lib/snapd/desktop", "XDG_SESSION_ID=1677", "PATH=/home/ian/.juliaup/bin:/home/ian/.local/bin:/usr/local/sbin:/usr/local/bin:/usr/sbin:/usr/bin:/sbin:/bin:/usr/games:/usr/local/games:/snap/bin", "SSH_TTY=/dev/pts/1", "LOGNAME=ian", "TERM_PROGRAM_VERSION=3.4", "HUSHLOGIN=FALSE", "XDG_SESSION_TYPE=tty", "DEBUGINFOD_URLS=https://debuginfod.ubuntu.com ", "PWD", "OPENBLAS_DEFAULT_NUM_THREADS=1", "REMOTEHOST=100.104.183.53", "HOME=/home/ian", "JULIA_NUM_THREADS=1", "JULIA_PRECOMP_REPORT_TIMING=1", "DBUS_SESSION_BUS_ADDRESS=unix:path=/run/user/1000/bus", "XDG_SESSION_CLASS=user"]): no such file or directory (ENOENT)
Many shells expand '~' to the home directory in unquoted strings. To replicate this behavior, call `expanduser` to expand the '~' character to the user’s home directory.

SimpleNonlinearSolve 
Failed to precompile SimpleNonlinearSolve [727e6d20-b764-4bd8-a329-72de5adea6c7] to "/tmp/julia-ttfx-depot/compiled/v1.14/SimpleNonlinearSolve/jl_VeYc70" (ProcessExited(1)).

AliasTables 
IOError: could not spawn setenv(`/home/ian/.julia/juliaup/julia-pr62725/bin/julia -C native -J/home/ian/.julia/juliaup/julia-pr62725/lib/julia/sys.so -g1 --startup-file=no --compiled-modules=strict --output-o /tmp/julia-ttfx-depot/compiled/v1.14/AliasTables/jl_1VzOyD --output-ji /tmp/julia-ttfx-depot/compiled/v1.14/AliasTables/jl_7g1eyO --output-incremental=yes --startup-file=no --history-file=no --warn-overwrite=yes --color=auto -`,["TERM=tmux-256color", "TTFX_DEPOT_PATH=/tmp/julia-ttfx-depot", "OPENBLAS_NUM_THREADS=1", "OPENBLAS_MAIN_FREE=1", "SHELL=/bin/bash", "SSH_CLIENT=100.104.183.53 58167 22", "JULIA_DEPOT_PATH=/tmp/julia-ttfx-depot:", "OLDPWD=/home/ian/Documents/GitHub/julia", "TMUX=/tmp/tmux-1000/default,1292951,2", "LC_TERMINAL_VERSION=3.6.11", "XDG_RUNTIME_DIR=/run/user/1000", "JULIA_PRECOMPILE_JOBSERVER=/jl_pc_3749826_1", "USER=ian", "LC_TERMINAL=iTerm2", "SHLVL=2", "MAIL=/var/mail/ian", "TERM_PROGRAM=tmux", "LD_LIBRARY_PATH=/usr/local/cuda/lib64:", "_=/home/ian/.juliaup/bin/julia", "LS_COLORS=rs=0:di=01;34:ln=01;36:mh=00:pi=40;33:so=01;35:do=01;35:bd=40;33;01:cd=40;33;01:or=40;31;01:mi=00:su=37;41:sg=30;43:ca=00:tw=30;42:ow=34;42:st=37;44:ex=01;32:*.tar=01;31:*.tgz=01;31:*.arc=01;31:*.arj=01;31:*.taz=01;31:*.lha=01;31:*.lz4=01;31:*.lzh=01;31:*.lzma=01;31:*.tlz=01;31:*.txz=01;31:*.tzo=01;31:*.t7z=01;31:*.zip=01;31:*.z=01;31:*.dz=01;31:*.gz=01;31:*.lrz=01;31:*.lz=01;31:*.lzo=01;31:*.xz=01;31:*.zst=01;31:*.tzst=01;31:*.bz2=01;31:*.bz=01;31:*.tbz=01;31:*.tbz2=01;31:*.tz=01;31:*.deb=01;31:*.rpm=01;31:*.jar=01;31:*.war=01;31:*.ear=01;31:*.sar=01;31:*.rar=01;31:*.alz=01;31:*.ace=01;31:*.zoo=01;31:*.cpio=01;31:*.7z=01;31:*.rz=01;31:*.cab=01;31:*.wim=01;31:*.swm=01;31:*.dwm=01;31:*.esd=01;31:*.avif=01;35:*.jpg=01;35:*.jpeg=01;35:*.mjpg=01;35:*.mjpeg=01;35:*.gif=01;35:*.bmp=01;35:*.pbm=01;35:*.pgm=01;35:*.ppm=01;35:*.tga=01;35:*.xbm=01;35:*.xpm=01;35:*.tif=01;35:*.tiff=01;35:*.png=01;35:*.svg=01;35:*.svgz=01;35:*.mng=01;35:*.pcx=01;35:*.mov=01;35:*.mpg=01;35:*.mpeg=01;35:*.m2v=01;35:*.mkv=01;35:*.webm=01;35:*.webp=01;35:*.ogm=01;35:*.mp4=01;35:*.m4v=01;35:*.mp4v=01;35:*.vob=01;35:*.qt=01;35:*.nuv=01;35:*.wmv=01;35:*.asf=01;35:*.rm=01;35:*.rmvb=01;35:*.flc=01;35:*.avi=01;35:*.fli=01;35:*.flv=01;35:*.gl=01;35:*.dl=01;35:*.xcf=01;35:*.xwd=01;35:*.yuv=01;35:*.cgm=01;35:*.emf=01;35:*.ogv=01;35:*.ogx=01;35:*.aac=00;36:*.au=00;36:*.flac=00;36:*.m4a=00;36:*.mid=00;36:*.midi=00;36:*.mka=00;36:*.mp3=00;36:*.mpc=00;36:*.ogg=00;36:*.ra=00;36:*.wav=00;36:*.oga=00;36:*.opus=00;36:*.spx=00;36:*.xspf=00;36:*~=00;90:*#=00;90:*.bak=00;90:*.crdownload=00;90:*.dpkg-dist=00;90:*.dpkg-new=00;90:*.dpkg-old=00;90:*.dpkg-tmp=00;90:*.old=00;90:*.orig=00;90:*.part=00;90:*.rej=00;90:*.rpmnew=00;90:*.rpmorig=00;90:*.rpmsave=00;90:*.swp=00;90:*.tmp=00;90:*.ucf-dist=00;90:*.ucf-new=00;90:*.ucf-old=00;90:", "LANG=en_US.UTF-8", "LESSCLOSE=/usr/bin/lesspipe %s %s", "SSH_CONNECTION=100.95.84.5 50454 100.82.112.7 22", "TMUX_PANE=%2", "LESSOPEN=| /usr/bin/lesspipe %s", "JULIA_PKG_PRECOMPILE_AUTO=0", "XDG_DATA_DIRS=/usr/share/gnome:/usr/local/share:/usr/share:/var/lib/snapd/desktop", "XDG_SESSION_ID=1677", "PATH=/home/ian/.juliaup/bin:/home/ian/.local/bin:/usr/local/sbin:/usr/local/bin:/usr/sbin:/usr/bin:/sbin:/bin:/usr/games:/usr/local/games:/snap/bin", "SSH_TTY=/dev/pts/1", "LOGNAME=ian", "TERM_PROGRAM_VERSION=3.4", "HUSHLOGIN=FALSE", "XDG_SESSION_TYPE=tty", "DEBUGINFOD_URLS=https://debuginfod.ubuntu.com ", "PWD", "OPENBLAS_DEFAULT_NUM_THREADS=1", "REMOTEHOST=100.104.183.53", "HOME=/home/ian", "JULIA_NUM_THREADS=1", "JULIA_PRECOMP_REPORT_TIMING=1", "DBUS_SESSION_BUS_ADDRESS=unix:path=/run/user/1000/bus", "XDG_SESSION_CLASS=user"]): no such file or directory (ENOENT)
Many shells expand '~' to the home directory in unquoted strings. To replicate this behavior, call `expanduser` to expand the '~' character to the user’s home directory.

ForwardDiff 
IOError: could not spawn setenv(`/home/ian/.julia/juliaup/julia-pr62725/bin/julia -C native -J/home/ian/.julia/juliaup/julia-pr62725/lib/julia/sys.so -g1 --startup-file=no --compiled-modules=strict --output-o /tmp/julia-ttfx-depot/compiled/v1.14/ForwardDiff/jl_z4Zwwh --output-ji /tmp/julia-ttfx-depot/compiled/v1.14/ForwardDiff/jl_vLnGTP --output-incremental=yes --startup-file=no --history-file=no --warn-overwrite=yes --color=auto -`,["TERM=tmux-256color", "TTFX_DEPOT_PATH=/tmp/julia-ttfx-depot", "OPENBLAS_NUM_THREADS=1", "OPENBLAS_MAIN_FREE=1", "SHELL=/bin/bash", "SSH_CLIENT=100.104.183.53 58167 22", "JULIA_DEPOT_PATH=/tmp/julia-ttfx-depot:", "OLDPWD=/home/ian/Documents/GitHub/julia", "TMUX=/tmp/tmux-1000/default,1292951,2", "LC_TERMINAL_VERSION=3.6.11", "XDG_RUNTIME_DIR=/run/user/1000", "JULIA_PRECOMPILE_JOBSERVER=/jl_pc_3749826_1", "USER=ian", "LC_TERMINAL=iTerm2", "SHLVL=2", "MAIL=/var/mail/ian", "TERM_PROGRAM=tmux", "LD_LIBRARY_PATH=/usr/local/cuda/lib64:", "_=/home/ian/.juliaup/bin/julia", "LS_COLORS=rs=0:di=01;34:ln=01;36:mh=00:pi=40;33:so=01;35:do=01;35:bd=40;33;01:cd=40;33;01:or=40;31;01:mi=00:su=37;41:sg=30;43:ca=00:tw=30;42:ow=34;42:st=37;44:ex=01;32:*.tar=01;31:*.tgz=01;31:*.arc=01;31:*.arj=01;31:*.taz=01;31:*.lha=01;31:*.lz4=01;31:*.lzh=01;31:*.lzma=01;31:*.tlz=01;31:*.txz=01;31:*.tzo=01;31:*.t7z=01;31:*.zip=01;31:*.z=01;31:*.dz=01;31:*.gz=01;31:*.lrz=01;31:*.lz=01;31:*.lzo=01;31:*.xz=01;31:*.zst=01;31:*.tzst=01;31:*.bz2=01;31:*.bz=01;31:*.tbz=01;31:*.tbz2=01;31:*.tz=01;31:*.deb=01;31:*.rpm=01;31:*.jar=01;31:*.war=01;31:*.ear=01;31:*.sar=01;31:*.rar=01;31:*.alz=01;31:*.ace=01;31:*.zoo=01;31:*.cpio=01;31:*.7z=01;31:*.rz=01;31:*.cab=01;31:*.wim=01;31:*.swm=01;31:*.dwm=01;31:*.esd=01;31:*.avif=01;35:*.jpg=01;35:*.jpeg=01;35:*.mjpg=01;35:*.mjpeg=01;35:*.gif=01;35:*.bmp=01;35:*.pbm=01;35:*.pgm=01;35:*.ppm=01;35:*.tga=01;35:*.xbm=01;35:*.xpm=01;35:*.tif=01;35:*.tiff=01;35:*.png=01;35:*.svg=01;35:*.svgz=01;35:*.mng=01;35:*.pcx=01;35:*.mov=01;35:*.mpg=01;35:*.mpeg=01;35:*.m2v=01;35:*.mkv=01;35:*.webm=01;35:*.webp=01;35:*.ogm=01;35:*.mp4=01;35:*.m4v=01;35:*.mp4v=01;35:*.vob=01;35:*.qt=01;35:*.nuv=01;35:*.wmv=01;35:*.asf=01;35:*.rm=01;35:*.rmvb=01;35:*.flc=01;35:*.avi=01;35:*.fli=01;35:*.flv=01;35:*.gl=01;35:*.dl=01;35:*.xcf=01;35:*.xwd=01;35:*.yuv=01;35:*.cgm=01;35:*.emf=01;35:*.ogv=01;35:*.ogx=01;35:*.aac=00;36:*.au=00;36:*.flac=00;36:*.m4a=00;36:*.mid=00;36:*.midi=00;36:*.mka=00;36:*.mp3=00;36:*.mpc=00;36:*.ogg=00;36:*.ra=00;36:*.wav=00;36:*.oga=00;36:*.opus=00;36:*.spx=00;36:*.xspf=00;36:*~=00;90:*#=00;90:*.bak=00;90:*.crdownload=00;90:*.dpkg-dist=00;90:*.dpkg-new=00;90:*.dpkg-old=00;90:*.dpkg-tmp=00;90:*.old=00;90:*.orig=00;90:*.part=00;90:*.rej=00;90:*.rpmnew=00;90:*.rpmorig=00;90:*.rpmsave=00;90:*.swp=00;90:*.tmp=00;90:*.ucf-dist=00;90:*.ucf-new=00;90:*.ucf-old=00;90:", "LANG=en_US.UTF-8", "LESSCLOSE=/usr/bin/lesspipe %s %s", "SSH_CONNECTION=100.95.84.5 50454 100.82.112.7 22", "TMUX_PANE=%2", "LESSOPEN=| /usr/bin/lesspipe %s", "JULIA_PKG_PRECOMPILE_AUTO=0", "XDG_DATA_DIRS=/usr/share/gnome:/usr/local/share:/usr/share:/var/lib/snapd/desktop", "XDG_SESSION_ID=1677", "PATH=/home/ian/.juliaup/bin:/home/ian/.local/bin:/usr/local/sbin:/usr/local/bin:/usr/sbin:/usr/bin:/sbin:/bin:/usr/games:/usr/local/games:/snap/bin", "SSH_TTY=/dev/pts/1", "LOGNAME=ian", "TERM_PROGRAM_VERSION=3.4", "HUSHLOGIN=FALSE", "XDG_SESSION_TYPE=tty", "DEBUGINFOD_URLS=https://debuginfod.ubuntu.com ", "PWD", "OPENBLAS_DEFAULT_NUM_THREADS=1", "REMOTEHOST=100.104.183.53", "HOME=/home/ian", "JULIA_NUM_THREADS=1", "JULIA_PRECOMP_REPORT_TIMING=1", "DBUS_SESSION_BUS_ADDRESS=unix:path=/run/user/1000/bus", "XDG_SESSION_CLASS=user"]): no such file or directory (ENOENT)
Many shells expand '~' to the home directory in unquoted strings. To replicate this behavior, call `expanduser` to expand the '~' character to the user’s home directory.

Adapt → AdaptStaticArraysExt 
IOError: could not spawn setenv(`/home/ian/.julia/juliaup/julia-pr62725/bin/julia -C native -J/home/ian/.julia/juliaup/julia-pr62725/lib/julia/sys.so -g1 --startup-file=no --compiled-modules=strict --output-o /tmp/julia-ttfx-depot/compiled/v1.14/AdaptStaticArraysExt/jl_2cjKEF --output-ji /tmp/julia-ttfx-depot/compiled/v1.14/AdaptStaticArraysExt/jl_Jz7KYG --output-incremental=yes --startup-file=no --history-file=no --warn-overwrite=yes --color=auto -`,["TERM=tmux-256color", "TTFX_DEPOT_PATH=/tmp/julia-ttfx-depot", "OPENBLAS_NUM_THREADS=1", "OPENBLAS_MAIN_FREE=1", "SHELL=/bin/bash", "SSH_CLIENT=100.104.183.53 58167 22", "JULIA_DEPOT_PATH=/tmp/julia-ttfx-depot:", "OLDPWD=/home/ian/Documents/GitHub/julia", "TMUX=/tmp/tmux-1000/default,1292951,2", "LC_TERMINAL_VERSION=3.6.11", "XDG_RUNTIME_DIR=/run/user/1000", "JULIA_PRECOMPILE_JOBSERVER=/jl_pc_3749826_1", "USER=ian", "LC_TERMINAL=iTerm2", "SHLVL=2", "MAIL=/var/mail/ian", "TERM_PROGRAM=tmux", "LD_LIBRARY_PATH=/usr/local/cuda/lib64:", "_=/home/ian/.juliaup/bin/julia", "LS_COLORS=rs=0:di=01;34:ln=01;36:mh=00:pi=40;33:so=01;35:do=01;35:bd=40;33;01:cd=40;33;01:or=40;31;01:mi=00:su=37;41:sg=30;43:ca=00:tw=30;42:ow=34;42:st=37;44:ex=01;32:*.tar=01;31:*.tgz=01;31:*.arc=01;31:*.arj=01;31:*.taz=01;31:*.lha=01;31:*.lz4=01;31:*.lzh=01;31:*.lzma=01;31:*.tlz=01;31:*.txz=01;31:*.tzo=01;31:*.t7z=01;31:*.zip=01;31:*.z=01;31:*.dz=01;31:*.gz=01;31:*.lrz=01;31:*.lz=01;31:*.lzo=01;31:*.xz=01;31:*.zst=01;31:*.tzst=01;31:*.bz2=01;31:*.bz=01;31:*.tbz=01;31:*.tbz2=01;31:*.tz=01;31:*.deb=01;31:*.rpm=01;31:*.jar=01;31:*.war=01;31:*.ear=01;31:*.sar=01;31:*.rar=01;31:*.alz=01;31:*.ace=01;31:*.zoo=01;31:*.cpio=01;31:*.7z=01;31:*.rz=01;31:*.cab=01;31:*.wim=01;31:*.swm=01;31:*.dwm=01;31:*.esd=01;31:*.avif=01;35:*.jpg=01;35:*.jpeg=01;35:*.mjpg=01;35:*.mjpeg=01;35:*.gif=01;35:*.bmp=01;35:*.pbm=01;35:*.pgm=01;35:*.ppm=01;35:*.tga=01;35:*.xbm=01;35:*.xpm=01;35:*.tif=01;35:*.tiff=01;35:*.png=01;35:*.svg=01;35:*.svgz=01;35:*.mng=01;35:*.pcx=01;35:*.mov=01;35:*.mpg=01;35:*.mpeg=01;35:*.m2v=01;35:*.mkv=01;35:*.webm=01;35:*.webp=01;35:*.ogm=01;35:*.mp4=01;35:*.m4v=01;35:*.mp4v=01;35:*.vob=01;35:*.qt=01;35:*.nuv=01;35:*.wmv=01;35:*.asf=01;35:*.rm=01;35:*.rmvb=01;35:*.flc=01;35:*.avi=01;35:*.fli=01;35:*.flv=01;35:*.gl=01;35:*.dl=01;35:*.xcf=01;35:*.xwd=01;35:*.yuv=01;35:*.cgm=01;35:*.emf=01;35:*.ogv=01;35:*.ogx=01;35:*.aac=00;36:*.au=00;36:*.flac=00;36:*.m4a=00;36:*.mid=00;36:*.midi=00;36:*.mka=00;36:*.mp3=00;36:*.mpc=00;36:*.ogg=00;36:*.ra=00;36:*.wav=00;36:*.oga=00;36:*.opus=00;36:*.spx=00;36:*.xspf=00;36:*~=00;90:*#=00;90:*.bak=00;90:*.crdownload=00;90:*.dpkg-dist=00;90:*.dpkg-new=00;90:*.dpkg-old=00;90:*.dpkg-tmp=00;90:*.old=00;90:*.orig=00;90:*.part=00;90:*.rej=00;90:*.rpmnew=00;90:*.rpmorig=00;90:*.rpmsave=00;90:*.swp=00;90:*.tmp=00;90:*.ucf-dist=00;90:*.ucf-new=00;90:*.ucf-old=00;90:", "LANG=en_US.UTF-8", "LESSCLOSE=/usr/bin/lesspipe %s %s", "SSH_CONNECTION=100.95.84.5 50454 100.82.112.7 22", "TMUX_PANE=%2", "LESSOPEN=| /usr/bin/lesspipe %s", "JULIA_PKG_PRECOMPILE_AUTO=0", "XDG_DATA_DIRS=/usr/share/gnome:/usr/local/share:/usr/share:/var/lib/snapd/desktop", "XDG_SESSION_ID=1677", "PATH=/home/ian/.juliaup/bin:/home/ian/.local/bin:/usr/local/sbin:/usr/local/bin:/usr/sbin:/usr/bin:/sbin:/bin:/usr/games:/usr/local/games:/snap/bin", "SSH_TTY=/dev/pts/1", "LOGNAME=ian", "TERM_PROGRAM_VERSION=3.4", "HUSHLOGIN=FALSE", "XDG_SESSION_TYPE=tty", "DEBUGINFOD_URLS=https://debuginfod.ubuntu.com ", "PWD", "OPENBLAS_DEFAULT_NUM_THREADS=1", "REMOTEHOST=100.104.183.53", "HOME=/home/ian", "JULIA_NUM_THREADS=1", "JULIA_PRECOMP_REPORT_TIMING=1", "DBUS_SESSION_BUS_ADDRESS=unix:path=/run/user/1000/bus", "XDG_SESSION_CLASS=user"]): no such file or directory (ENOENT)
Many shells expand '~' to the home directory in unquoted strings. To replicate this behavior, call `expanduser` to expand the '~' character to the user’s home directory.

Preferences 
IOError: write: broken pipe (EPIPE)

NearestNeighbors 
IOError: could not spawn setenv(`/home/ian/.julia/juliaup/julia-pr62725/bin/julia -C native -J/home/ian/.julia/juliaup/julia-pr62725/lib/julia/sys.so -g1 --startup-file=no --compiled-modules=strict --output-o /tmp/julia-ttfx-depot/compiled/v1.14/NearestNeighbors/jl_6WvEx3 --output-ji /tmp/julia-ttfx-depot/compiled/v1.14/NearestNeighbors/jl_b3hQ6E --output-incremental=yes --startup-file=no --history-file=no --warn-overwrite=yes --color=auto -`,["TERM=tmux-256color", "TTFX_DEPOT_PATH=/tmp/julia-ttfx-depot", "OPENBLAS_NUM_THREADS=1", "OPENBLAS_MAIN_FREE=1", "SHELL=/bin/bash", "SSH_CLIENT=100.104.183.53 58167 22", "JULIA_DEPOT_PATH=/tmp/julia-ttfx-depot:", "OLDPWD=/home/ian/Documents/GitHub/julia", "TMUX=/tmp/tmux-1000/default,1292951,2", "LC_TERMINAL_VERSION=3.6.11", "XDG_RUNTIME_DIR=/run/user/1000", "JULIA_PRECOMPILE_JOBSERVER=/jl_pc_3749826_1", "USER=ian", "LC_TERMINAL=iTerm2", "SHLVL=2", "MAIL=/var/mail/ian", "TERM_PROGRAM=tmux", "LD_LIBRARY_PATH=/usr/local/cuda/lib64:", "_=/home/ian/.juliaup/bin/julia", "LS_COLORS=rs=0:di=01;34:ln=01;36:mh=00:pi=40;33:so=01;35:do=01;35:bd=40;33;01:cd=40;33;01:or=40;31;01:mi=00:su=37;41:sg=30;43:ca=00:tw=30;42:ow=34;42:st=37;44:ex=01;32:*.tar=01;31:*.tgz=01;31:*.arc=01;31:*.arj=01;31:*.taz=01;31:*.lha=01;31:*.lz4=01;31:*.lzh=01;31:*.lzma=01;31:*.tlz=01;31:*.txz=01;31:*.tzo=01;31:*.t7z=01;31:*.zip=01;31:*.z=01;31:*.dz=01;31:*.gz=01;31:*.lrz=01;31:*.lz=01;31:*.lzo=01;31:*.xz=01;31:*.zst=01;31:*.tzst=01;31:*.bz2=01;31:*.bz=01;31:*.tbz=01;31:*.tbz2=01;31:*.tz=01;31:*.deb=01;31:*.rpm=01;31:*.jar=01;31:*.war=01;31:*.ear=01;31:*.sar=01;31:*.rar=01;31:*.alz=01;31:*.ace=01;31:*.zoo=01;31:*.cpio=01;31:*.7z=01;31:*.rz=01;31:*.cab=01;31:*.wim=01;31:*.swm=01;31:*.dwm=01;31:*.esd=01;31:*.avif=01;35:*.jpg=01;35:*.jpeg=01;35:*.mjpg=01;35:*.mjpeg=01;35:*.gif=01;35:*.bmp=01;35:*.pbm=01;35:*.pgm=01;35:*.ppm=01;35:*.tga=01;35:*.xbm=01;35:*.xpm=01;35:*.tif=01;35:*.tiff=01;35:*.png=01;35:*.svg=01;35:*.svgz=01;35:*.mng=01;35:*.pcx=01;35:*.mov=01;35:*.mpg=01;35:*.mpeg=01;35:*.m2v=01;35:*.mkv=01;35:*.webm=01;35:*.webp=01;35:*.ogm=01;35:*.mp4=01;35:*.m4v=01;35:*.mp4v=01;35:*.vob=01;35:*.qt=01;35:*.nuv=01;35:*.wmv=01;35:*.asf=01;35:*.rm=01;35:*.rmvb=01;35:*.flc=01;35:*.avi=01;35:*.fli=01;35:*.flv=01;35:*.gl=01;35:*.dl=01;35:*.xcf=01;35:*.xwd=01;35:*.yuv=01;35:*.cgm=01;35:*.emf=01;35:*.ogv=01;35:*.ogx=01;35:*.aac=00;36:*.au=00;36:*.flac=00;36:*.m4a=00;36:*.mid=00;36:*.midi=00;36:*.mka=00;36:*.mp3=00;36:*.mpc=00;36:*.ogg=00;36:*.ra=00;36:*.wav=00;36:*.oga=00;36:*.opus=00;36:*.spx=00;36:*.xspf=00;36:*~=00;90:*#=00;90:*.bak=00;90:*.crdownload=00;90:*.dpkg-dist=00;90:*.dpkg-new=00;90:*.dpkg-old=00;90:*.dpkg-tmp=00;90:*.old=00;90:*.orig=00;90:*.part=00;90:*.rej=00;90:*.rpmnew=00;90:*.rpmorig=00;90:*.rpmsave=00;90:*.swp=00;90:*.tmp=00;90:*.ucf-dist=00;90:*.ucf-new=00;90:*.ucf-old=00;90:", "LANG=en_US.UTF-8", "LESSCLOSE=/usr/bin/lesspipe %s %s", "SSH_CONNECTION=100.95.84.5 50454 100.82.112.7 22", "TMUX_PANE=%2", "LESSOPEN=| /usr/bin/lesspipe %s", "JULIA_PKG_PRECOMPILE_AUTO=0", "XDG_DATA_DIRS=/usr/share/gnome:/usr/local/share:/usr/share:/var/lib/snapd/desktop", "XDG_SESSION_ID=1677", "PATH=/home/ian/.juliaup/bin:/home/ian/.local/bin:/usr/local/sbin:/usr/local/bin:/usr/sbin:/usr/bin:/sbin:/bin:/usr/games:/usr/local/games:/snap/bin", "SSH_TTY=/dev/pts/1", "LOGNAME=ian", "TERM_PROGRAM_VERSION=3.4", "HUSHLOGIN=FALSE", "XDG_SESSION_TYPE=tty", "DEBUGINFOD_URLS=https://debuginfod.ubuntu.com ", "PWD", "OPENBLAS_DEFAULT_NUM_THREADS=1", "REMOTEHOST=100.104.183.53", "HOME=/home/ian", "JULIA_NUM_THREADS=1", "JULIA_PRECOMP_REPORT_TIMING=1", "DBUS_SESSION_BUS_ADDRESS=unix:path=/run/user/1000/bus", "XDG_SESSION_CLASS=user"]): no such file or directory (ENOENT)
Many shells expand '~' to the home directory in unquoted strings. To replicate this behavior, call `expanduser` to expand the '~' character to the user’s home directory.

StatsBase 
IOError: could not spawn setenv(`/home/ian/.julia/juliaup/julia-pr62725/bin/julia -C native -J/home/ian/.julia/juliaup/julia-pr62725/lib/julia/sys.so -g1 --startup-file=no --compiled-modules=strict --output-o /tmp/julia-ttfx-depot/compiled/v1.14/StatsBase/jl_HCLQEZ --output-ji /tmp/julia-ttfx-depot/compiled/v1.14/StatsBase/jl_lLRHZz --output-incremental=yes --startup-file=no --history-file=no --warn-overwrite=yes --color=auto -`,["TERM=tmux-256color", "TTFX_DEPOT_PATH=/tmp/julia-ttfx-depot", "OPENBLAS_NUM_THREADS=1", "OPENBLAS_MAIN_FREE=1", "SHELL=/bin/bash", "SSH_CLIENT=100.104.183.53 58167 22", "JULIA_DEPOT_PATH=/tmp/julia-ttfx-depot:", "OLDPWD=/home/ian/Documents/GitHub/julia", "TMUX=/tmp/tmux-1000/default,1292951,2", "LC_TERMINAL_VERSION=3.6.11", "XDG_RUNTIME_DIR=/run/user/1000", "JULIA_PRECOMPILE_JOBSERVER=/jl_pc_3749826_1", "USER=ian", "LC_TERMINAL=iTerm2", "SHLVL=2", "MAIL=/var/mail/ian", "TERM_PROGRAM=tmux", "LD_LIBRARY_PATH=/usr/local/cuda/lib64:", "_=/home/ian/.juliaup/bin/julia", "LS_COLORS=rs=0:di=01;34:ln=01;36:mh=00:pi=40;33:so=01;35:do=01;35:bd=40;33;01:cd=40;33;01:or=40;31;01:mi=00:su=37;41:sg=30;43:ca=00:tw=30;42:ow=34;42:st=37;44:ex=01;32:*.tar=01;31:*.tgz=01;31:*.arc=01;31:*.arj=01;31:*.taz=01;31:*.lha=01;31:*.lz4=01;31:*.lzh=01;31:*.lzma=01;31:*.tlz=01;31:*.txz=01;31:*.tzo=01;31:*.t7z=01;31:*.zip=01;31:*.z=01;31:*.dz=01;31:*.gz=01;31:*.lrz=01;31:*.lz=01;31:*.lzo=01;31:*.xz=01;31:*.zst=01;31:*.tzst=01;31:*.bz2=01;31:*.bz=01;31:*.tbz=01;31:*.tbz2=01;31:*.tz=01;31:*.deb=01;31:*.rpm=01;31:*.jar=01;31:*.war=01;31:*.ear=01;31:*.sar=01;31:*.rar=01;31:*.alz=01;31:*.ace=01;31:*.zoo=01;31:*.cpio=01;31:*.7z=01;31:*.rz=01;31:*.cab=01;31:*.wim=01;31:*.swm=01;31:*.dwm=01;31:*.esd=01;31:*.avif=01;35:*.jpg=01;35:*.jpeg=01;35:*.mjpg=01;35:*.mjpeg=01;35:*.gif=01;35:*.bmp=01;35:*.pbm=01;35:*.pgm=01;35:*.ppm=01;35:*.tga=01;35:*.xbm=01;35:*.xpm=01;35:*.tif=01;35:*.tiff=01;35:*.png=01;35:*.svg=01;35:*.svgz=01;35:*.mng=01;35:*.pcx=01;35:*.mov=01;35:*.mpg=01;35:*.mpeg=01;35:*.m2v=01;35:*.mkv=01;35:*.webm=01;35:*.webp=01;35:*.ogm=01;35:*.mp4=01;35:*.m4v=01;35:*.mp4v=01;35:*.vob=01;35:*.qt=01;35:*.nuv=01;35:*.wmv=01;35:*.asf=01;35:*.rm=01;35:*.rmvb=01;35:*.flc=01;35:*.avi=01;35:*.fli=01;35:*.flv=01;35:*.gl=01;35:*.dl=01;35:*.xcf=01;35:*.xwd=01;35:*.yuv=01;35:*.cgm=01;35:*.emf=01;35:*.ogv=01;35:*.ogx=01;35:*.aac=00;36:*.au=00;36:*.flac=00;36:*.m4a=00;36:*.mid=00;36:*.midi=00;36:*.mka=00;36:*.mp3=00;36:*.mpc=00;36:*.ogg=00;36:*.ra=00;36:*.wav=00;36:*.oga=00;36:*.opus=00;36:*.spx=00;36:*.xspf=00;36:*~=00;90:*#=00;90:*.bak=00;90:*.crdownload=00;90:*.dpkg-dist=00;90:*.dpkg-new=00;90:*.dpkg-old=00;90:*.dpkg-tmp=00;90:*.old=00;90:*.orig=00;90:*.part=00;90:*.rej=00;90:*.rpmnew=00;90:*.rpmorig=00;90:*.rpmsave=00;90:*.swp=00;90:*.tmp=00;90:*.ucf-dist=00;90:*.ucf-new=00;90:*.ucf-old=00;90:", "LANG=en_US.UTF-8", "LESSCLOSE=/usr/bin/lesspipe %s %s", "SSH_CONNECTION=100.95.84.5 50454 100.82.112.7 22", "TMUX_PANE=%2", "LESSOPEN=| /usr/bin/lesspipe %s", "JULIA_PKG_PRECOMPILE_AUTO=0", "XDG_DATA_DIRS=/usr/share/gnome:/usr/local/share:/usr/share:/var/lib/snapd/desktop", "XDG_SESSION_ID=1677", "PATH=/home/ian/.juliaup/bin:/home/ian/.local/bin:/usr/local/sbin:/usr/local/bin:/usr/sbin:/usr/bin:/sbin:/bin:/usr/games:/usr/local/games:/snap/bin", "SSH_TTY=/dev/pts/1", "LOGNAME=ian", "TERM_PROGRAM_VERSION=3.4", "HUSHLOGIN=FALSE", "XDG_SESSION_TYPE=tty", "DEBUGINFOD_URLS=https://debuginfod.ubuntu.com ", "PWD", "OPENBLAS_DEFAULT_NUM_THREADS=1", "REMOTEHOST=100.104.183.53", "HOME=/home/ian", "JULIA_NUM_THREADS=1", "JULIA_PRECOMP_REPORT_TIMING=1", "DBUS_SESSION_BUS_ADDRESS=unix:path=/run/user/1000/bus", "XDG_SESSION_CLASS=user"]): no such file or directory (ENOENT)
Many shells expand '~' to the home directory in unquoted strings. To replicate this behavior, call `expanduser` to expand the '~' character to the user’s home directory.

InitialValues 
IOError: could not spawn setenv(`/home/ian/.julia/juliaup/julia-pr62725/libexec/julia/lld -flavor gnu --build-id --eh-frame-hdr --hash-style=gnu --as-needed -z relro -z defs '' -shared -o /tmp/julia-ttfx-depot/compiled/v1.14/InitialValues/jl_xUuMyJ /home/ian/.julia/juliaup/julia-pr62725/lib/crti.o /home/ian/.julia/juliaup/julia-pr62725/lib/crtbeginS.o --whole-archive /tmp/julia-ttfx-depot/compiled/v1.14/InitialValues/jl_CwYRKE --no-whole-archive -L/home/ian/.julia/juliaup/julia-pr62725/lib/julia -L/home/ian/.julia/juliaup/julia-pr62725/lib -L/home/ian/.julia/juliaup/julia-pr62725/lib -ljulia -ljulia-internal -lgcc --as-needed -lgcc_s -latomic -lopenlibm --no-as-needed /lib/x86_64-linux-gnu/libc.so.6 --as-needed /lib64/ld-linux-x86-64.so.2 --no-as-needed /home/ian/.julia/juliaup/julia-pr62725/lib/crtendS.o /home/ian/.julia/juliaup/julia-pr62725/lib/crtn.o`,["TERM_PROGRAM_VERSION=3.4", "TERM=tmux-256color", "TTFX_DEPOT_PATH=/tmp/julia-ttfx-depot", "HUSHLOGIN=FALSE", "USER=ian", "LESSCLOSE=/usr/bin/lesspipe %s %s", "OPENBLAS_MAIN_FREE=1", "LC_TERMINAL=iTerm2", "SHELL=/bin/bash", "SHLVL=2", "SSH_CONNECTION=100.95.84.5 50454 100.82.112.7 22", "XDG_SESSION_TYPE=tty", "TMUX_PANE=%2", "DEBUGINFOD_URLS=https://debuginfod.ubuntu.com ", "MAIL=/var/mail/ian", "SSH_CLIENT=100.104.183.53 58167 22", "PWD", "TERM_PROGRAM=tmux", "LESSOPEN=| /usr/bin/lesspipe %s", "OPENBLAS_DEFAULT_NUM_THREADS=1", "JULIA_PKG_PRECOMPILE_AUTO=0", "JULIA_DEPOT_PATH=/tmp/julia-ttfx-depot:", "LD_LIBRARY_PATH=/home/ian/.julia/juliaup/julia-pr62725/lib/julia:/home/ian/.julia/juliaup/julia-pr62725/lib:/usr/local/cuda/lib64:", "XDG_DATA_DIRS=/usr/share/gnome:/usr/local/share:/usr/share:/var/lib/snapd/desktop", "TMUX=/tmp/tmux-1000/default,1292951,2", "REMOTEHOST=100.104.183.53", "XDG_SESSION_ID=1677", "OLDPWD=/home/ian/Documents/GitHub/julia", "HOME=/home/ian", "LC_TERMINAL_VERSION=3.6.11", "PATH=/home/ian/.julia/juliaup/julia-pr62725/libexec/julia:/home/ian/.juliaup/bin:/home/ian/.local/bin:/usr/local/sbin:/usr/local/bin:/usr/sbin:/usr/bin:/sbin:/bin:/usr/games:/usr/local/games:/snap/bin", "XDG_RUNTIME_DIR=/run/user/1000", "_=/home/ian/.juliaup/bin/julia", "DBUS_SESSION_BUS_ADDRESS=unix:path=/run/user/1000/bus", "JULIA_PRECOMPILE_JOBSERVER=/jl_pc_3749826_1", "SSH_TTY=/dev/pts/1", "LOGNAME=ian", "LS_COLORS=rs=0:di=01;34:ln=01;36:mh=00:pi=40;33:so=01;35:do=01;35:bd=40;33;01:cd=40;33;01:or=40;31;01:mi=00:su=37;41:sg=30;43:ca=00:tw=30;42:ow=34;42:st=37;44:ex=01;32:*.tar=01;31:*.tgz=01;31:*.arc=01;31:*.arj=01;31:*.taz=01;31:*.lha=01;31:*.lz4=01;31:*.lzh=01;31:*.lzma=01;31:*.tlz=01;31:*.txz=01;31:*.tzo=01;31:*.t7z=01;31:*.zip=01;31:*.z=01;31:*.dz=01;31:*.gz=01;31:*.lrz=01;31:*.lz=01;31:*.lzo=01;31:*.xz=01;31:*.zst=01;31:*.tzst=01;31:*.bz2=01;31:*.bz=01;31:*.tbz=01;31:*.tbz2=01;31:*.tz=01;31:*.deb=01;31:*.rpm=01;31:*.jar=01;31:*.war=01;31:*.ear=01;31:*.sar=01;31:*.rar=01;31:*.alz=01;31:*.ace=01;31:*.zoo=01;31:*.cpio=01;31:*.7z=01;31:*.rz=01;31:*.cab=01;31:*.wim=01;31:*.swm=01;31:*.dwm=01;31:*.esd=01;31:*.avif=01;35:*.jpg=01;35:*.jpeg=01;35:*.mjpg=01;35:*.mjpeg=01;35:*.gif=01;35:*.bmp=01;35:*.pbm=01;35:*.pgm=01;35:*.ppm=01;35:*.tga=01;35:*.xbm=01;35:*.xpm=01;35:*.tif=01;35:*.tiff=01;35:*.png=01;35:*.svg=01;35:*.svgz=01;35:*.mng=01;35:*.pcx=01;35:*.mov=01;35:*.mpg=01;35:*.mpeg=01;35:*.m2v=01;35:*.mkv=01;35:*.webm=01;35:*.webp=01;35:*.ogm=01;35:*.mp4=01;35:*.m4v=01;35:*.mp4v=01;35:*.vob=01;35:*.qt=01;35:*.nuv=01;35:*.wmv=01;35:*.asf=01;35:*.rm=01;35:*.rmvb=01;35:*.flc=01;35:*.avi=01;35:*.fli=01;35:*.flv=01;35:*.gl=01;35:*.dl=01;35:*.xcf=01;35:*.xwd=01;35:*.yuv=01;35:*.cgm=01;35:*.emf=01;35:*.ogv=01;35:*.ogx=01;35:*.aac=00;36:*.au=00;36:*.flac=00;36:*.m4a=00;36:*.mid=00;36:*.midi=00;36:*.mka=00;36:*.mp3=00;36:*.mpc=00;36:*.ogg=00;36:*.ra=00;36:*.wav=00;36:*.oga=00;36:*.opus=00;36:*.spx=00;36:*.xspf=00;36:*~=00;90:*#=00;90:*.bak=00;90:*.crdownload=00;90:*.dpkg-dist=00;90:*.dpkg-new=00;90:*.dpkg-old=00;90:*.dpkg-tmp=00;90:*.old=00;90:*.orig=00;90:*.part=00;90:*.rej=00;90:*.rpmnew=00;90:*.rpmorig=00;90:*.rpmsave=00;90:*.swp=00;90:*.tmp=00;90:*.ucf-dist=00;90:*.ucf-new=00;90:*.ucf-old=00;90:", "XDG_SESSION_CLASS=user", "LANG=en_US.UTF-8"]): no such file or directory (ENOENT)
Many shells expand '~' to the home directory in unquoted strings. To replicate this behavior, call `expanduser` to expand the '~' character to the user’s home directory.

StochasticDiffEqCore 
Failed to precompile StochasticDiffEqCore [19c5a474-6cd1-4a5f-be79-46dc34e54d7f] to "/tmp/julia-ttfx-depot/compiled/v1.14/StochasticDiffEqCore/jl_ipKiCd" (ProcessExited(1)).

DifferentiationInterface 
IOError: could not spawn setenv(`/home/ian/.julia/juliaup/julia-pr62725/bin/julia -C native -J/home/ian/.julia/juliaup/julia-pr62725/lib/julia/sys.so -g1 --startup-file=no --compiled-modules=strict --output-o /tmp/julia-ttfx-depot/compiled/v1.14/DifferentiationInterface/jl_dzuwzl --output-ji /tmp/julia-ttfx-depot/compiled/v1.14/DifferentiationInterface/jl_mh6vQn --output-incremental=yes --startup-file=no --history-file=no --warn-overwrite=yes --color=auto -`,["TERM=tmux-256color", "TTFX_DEPOT_PATH=/tmp/julia-ttfx-depot", "OPENBLAS_NUM_THREADS=1", "OPENBLAS_MAIN_FREE=1", "SHELL=/bin/bash", "SSH_CLIENT=100.104.183.53 58167 22", "JULIA_DEPOT_PATH=/tmp/julia-ttfx-depot:", "OLDPWD=/home/ian/Documents/GitHub/julia", "TMUX=/tmp/tmux-1000/default,1292951,2", "LC_TERMINAL_VERSION=3.6.11", "XDG_RUNTIME_DIR=/run/user/1000", "JULIA_PRECOMPILE_JOBSERVER=/jl_pc_3749826_1", "USER=ian", "LC_TERMINAL=iTerm2", "SHLVL=2", "MAIL=/var/mail/ian", "TERM_PROGRAM=tmux", "LD_LIBRARY_PATH=/usr/local/cuda/lib64:", "_=/home/ian/.juliaup/bin/julia", "LS_COLORS=rs=0:di=01;34:ln=01;36:mh=00:pi=40;33:so=01;35:do=01;35:bd=40;33;01:cd=40;33;01:or=40;31;01:mi=00:su=37;41:sg=30;43:ca=00:tw=30;42:ow=34;42:st=37;44:ex=01;32:*.tar=01;31:*.tgz=01;31:*.arc=01;31:*.arj=01;31:*.taz=01;31:*.lha=01;31:*.lz4=01;31:*.lzh=01;31:*.lzma=01;31:*.tlz=01;31:*.txz=01;31:*.tzo=01;31:*.t7z=01;31:*.zip=01;31:*.z=01;31:*.dz=01;31:*.gz=01;31:*.lrz=01;31:*.lz=01;31:*.lzo=01;31:*.xz=01;31:*.zst=01;31:*.tzst=01;31:*.bz2=01;31:*.bz=01;31:*.tbz=01;31:*.tbz2=01;31:*.tz=01;31:*.deb=01;31:*.rpm=01;31:*.jar=01;31:*.war=01;31:*.ear=01;31:*.sar=01;31:*.rar=01;31:*.alz=01;31:*.ace=01;31:*.zoo=01;31:*.cpio=01;31:*.7z=01;31:*.rz=01;31:*.cab=01;31:*.wim=01;31:*.swm=01;31:*.dwm=01;31:*.esd=01;31:*.avif=01;35:*.jpg=01;35:*.jpeg=01;35:*.mjpg=01;35:*.mjpeg=01;35:*.gif=01;35:*.bmp=01;35:*.pbm=01;35:*.pgm=01;35:*.ppm=01;35:*.tga=01;35:*.xbm=01;35:*.xpm=01;35:*.tif=01;35:*.tiff=01;35:*.png=01;35:*.svg=01;35:*.svgz=01;35:*.mng=01;35:*.pcx=01;35:*.mov=01;35:*.mpg=01;35:*.mpeg=01;35:*.m2v=01;35:*.mkv=01;35:*.webm=01;35:*.webp=01;35:*.ogm=01;35:*.mp4=01;35:*.m4v=01;35:*.mp4v=01;35:*.vob=01;35:*.qt=01;35:*.nuv=01;35:*.wmv=01;35:*.asf=01;35:*.rm=01;35:*.rmvb=01;35:*.flc=01;35:*.avi=01;35:*.fli=01;35:*.flv=01;35:*.gl=01;35:*.dl=01;35:*.xcf=01;35:*.xwd=01;35:*.yuv=01;35:*.cgm=01;35:*.emf=01;35:*.ogv=01;35:*.ogx=01;35:*.aac=00;36:*.au=00;36:*.flac=00;36:*.m4a=00;36:*.mid=00;36:*.midi=00;36:*.mka=00;36:*.mp3=00;36:*.mpc=00;36:*.ogg=00;36:*.ra=00;36:*.wav=00;36:*.oga=00;36:*.opus=00;36:*.spx=00;36:*.xspf=00;36:*~=00;90:*#=00;90:*.bak=00;90:*.crdownload=00;90:*.dpkg-dist=00;90:*.dpkg-new=00;90:*.dpkg-old=00;90:*.dpkg-tmp=00;90:*.old=00;90:*.orig=00;90:*.part=00;90:*.rej=00;90:*.rpmnew=00;90:*.rpmorig=00;90:*.rpmsave=00;90:*.swp=00;90:*.tmp=00;90:*.ucf-dist=00;90:*.ucf-new=00;90:*.ucf-old=00;90:", "LANG=en_US.UTF-8", "LESSCLOSE=/usr/bin/lesspipe %s %s", "SSH_CONNECTION=100.95.84.5 50454 100.82.112.7 22", "TMUX_PANE=%2", "LESSOPEN=| /usr/bin/lesspipe %s", "JULIA_PKG_PRECOMPILE_AUTO=0", "XDG_DATA_DIRS=/usr/share/gnome:/usr/local/share:/usr/share:/var/lib/snapd/desktop", "XDG_SESSION_ID=1677", "PATH=/home/ian/.juliaup/bin:/home/ian/.local/bin:/usr/local/sbin:/usr/local/bin:/usr/sbin:/usr/bin:/sbin:/bin:/usr/games:/usr/local/games:/snap/bin", "SSH_TTY=/dev/pts/1", "LOGNAME=ian", "TERM_PROGRAM_VERSION=3.4", "HUSHLOGIN=FALSE", "XDG_SESSION_TYPE=tty", "DEBUGINFOD_URLS=https://debuginfod.ubuntu.com ", "PWD", "OPENBLAS_DEFAULT_NUM_THREADS=1", "REMOTEHOST=100.104.183.53", "HOME=/home/ian", "JULIA_NUM_THREADS=1", "JULIA_PRECOMP_REPORT_TIMING=1", "DBUS_SESSION_BUS_ADDRESS=unix:path=/run/user/1000/bus", "XDG_SESSION_CLASS=user"]): no such file or directory (ENOENT)
Many shells expand '~' to the home directory in unquoted strings. To replicate this behavior, call `expanduser` to expand the '~' character to the user’s home directory.

ArrayInterface → ArrayInterfaceFillArraysExt 
Failed to precompile ArrayInterfaceFillArraysExt [103188a2-059f-504d-80a8-05c2106ecd92] to "/tmp/julia-ttfx-depot/compiled/v1.14/ArrayInterfaceFillArraysExt/jl_qFw9Gg" (ProcessExited(1)).

DifferentiationInterface → DifferentiationInterfaceGPUArraysCoreExt 
IOError: could not spawn setenv(`/home/ian/.julia/juliaup/julia-pr62725/bin/julia -C native -J/home/ian/.julia/juliaup/julia-pr62725/lib/julia/sys.so -g1 --startup-file=no --compiled-modules=strict --output-o /tmp/julia-ttfx-depot/compiled/v1.14/DifferentiationInterfaceGPUArraysCoreExt/jl_poUflF --output-ji /tmp/julia-ttfx-depot/compiled/v1.14/DifferentiationInterfaceGPUArraysCoreExt/jl_kOGv0X --output-incremental=yes --startup-file=no --history-file=no --warn-overwrite=yes --color=auto -`,["TERM=tmux-256color", "TTFX_DEPOT_PATH=/tmp/julia-ttfx-depot", "OPENBLAS_NUM_THREADS=1", "OPENBLAS_MAIN_FREE=1", "SHELL=/bin/bash", "SSH_CLIENT=100.104.183.53 58167 22", "JULIA_DEPOT_PATH=/tmp/julia-ttfx-depot:", "OLDPWD=/home/ian/Documents/GitHub/julia", "TMUX=/tmp/tmux-1000/default,1292951,2", "LC_TERMINAL_VERSION=3.6.11", "XDG_RUNTIME_DIR=/run/user/1000", "JULIA_PRECOMPILE_JOBSERVER=/jl_pc_3749826_1", "USER=ian", "LC_TERMINAL=iTerm2", "SHLVL=2", "MAIL=/var/mail/ian", "TERM_PROGRAM=tmux", "LD_LIBRARY_PATH=/usr/local/cuda/lib64:", "_=/home/ian/.juliaup/bin/julia", "LS_COLORS=rs=0:di=01;34:ln=01;36:mh=00:pi=40;33:so=01;35:do=01;35:bd=40;33;01:cd=40;33;01:or=40;31;01:mi=00:su=37;41:sg=30;43:ca=00:tw=30;42:ow=34;42:st=37;44:ex=01;32:*.tar=01;31:*.tgz=01;31:*.arc=01;31:*.arj=01;31:*.taz=01;31:*.lha=01;31:*.lz4=01;31:*.lzh=01;31:*.lzma=01;31:*.tlz=01;31:*.txz=01;31:*.tzo=01;31:*.t7z=01;31:*.zip=01;31:*.z=01;31:*.dz=01;31:*.gz=01;31:*.lrz=01;31:*.lz=01;31:*.lzo=01;31:*.xz=01;31:*.zst=01;31:*.tzst=01;31:*.bz2=01;31:*.bz=01;31:*.tbz=01;31:*.tbz2=01;31:*.tz=01;31:*.deb=01;31:*.rpm=01;31:*.jar=01;31:*.war=01;31:*.ear=01;31:*.sar=01;31:*.rar=01;31:*.alz=01;31:*.ace=01;31:*.zoo=01;31:*.cpio=01;31:*.7z=01;31:*.rz=01;31:*.cab=01;31:*.wim=01;31:*.swm=01;31:*.dwm=01;31:*.esd=01;31:*.avif=01;35:*.jpg=01;35:*.jpeg=01;35:*.mjpg=01;35:*.mjpeg=01;35:*.gif=01;35:*.bmp=01;35:*.pbm=01;35:*.pgm=01;35:*.ppm=01;35:*.tga=01;35:*.xbm=01;35:*.xpm=01;35:*.tif=01;35:*.tiff=01;35:*.png=01;35:*.svg=01;35:*.svgz=01;35:*.mng=01;35:*.pcx=01;35:*.mov=01;35:*.mpg=01;35:*.mpeg=01;35:*.m2v=01;35:*.mkv=01;35:*.webm=01;35:*.webp=01;35:*.ogm=01;35:*.mp4=01;35:*.m4v=01;35:*.mp4v=01;35:*.vob=01;35:*.qt=01;35:*.nuv=01;35:*.wmv=01;35:*.asf=01;35:*.rm=01;35:*.rmvb=01;35:*.flc=01;35:*.avi=01;35:*.fli=01;35:*.flv=01;35:*.gl=01;35:*.dl=01;35:*.xcf=01;35:*.xwd=01;35:*.yuv=01;35:*.cgm=01;35:*.emf=01;35:*.ogv=01;35:*.ogx=01;35:*.aac=00;36:*.au=00;36:*.flac=00;36:*.m4a=00;36:*.mid=00;36:*.midi=00;36:*.mka=00;36:*.mp3=00;36:*.mpc=00;36:*.ogg=00;36:*.ra=00;36:*.wav=00;36:*.oga=00;36:*.opus=00;36:*.spx=00;36:*.xspf=00;36:*~=00;90:*#=00;90:*.bak=00;90:*.crdownload=00;90:*.dpkg-dist=00;90:*.dpkg-new=00;90:*.dpkg-old=00;90:*.dpkg-tmp=00;90:*.old=00;90:*.orig=00;90:*.part=00;90:*.rej=00;90:*.rpmnew=00;90:*.rpmorig=00;90:*.rpmsave=00;90:*.swp=00;90:*.tmp=00;90:*.ucf-dist=00;90:*.ucf-new=00;90:*.ucf-old=00;90:", "LANG=en_US.UTF-8", "LESSCLOSE=/usr/bin/lesspipe %s %s", "SSH_CONNECTION=100.95.84.5 50454 100.82.112.7 22", "TMUX_PANE=%2", "LESSOPEN=| /usr/bin/lesspipe %s", "JULIA_PKG_PRECOMPILE_AUTO=0", "XDG_DATA_DIRS=/usr/share/gnome:/usr/local/share:/usr/share:/var/lib/snapd/desktop", "XDG_SESSION_ID=1677", "PATH=/home/ian/.juliaup/bin:/home/ian/.local/bin:/usr/local/sbin:/usr/local/bin:/usr/sbin:/usr/bin:/sbin:/bin:/usr/games:/usr/local/games:/snap/bin", "SSH_TTY=/dev/pts/1", "LOGNAME=ian", "TERM_PROGRAM_VERSION=3.4", "HUSHLOGIN=FALSE", "XDG_SESSION_TYPE=tty", "DEBUGINFOD_URLS=https://debuginfod.ubuntu.com ", "PWD", "OPENBLAS_DEFAULT_NUM_THREADS=1", "REMOTEHOST=100.104.183.53", "HOME=/home/ian", "JULIA_NUM_THREADS=1", "JULIA_PRECOMP_REPORT_TIMING=1", "DBUS_SESSION_BUS_ADDRESS=unix:path=/run/user/1000/bus", "XDG_SESSION_CLASS=user"]): no such file or directory (ENOENT)
Many shells expand '~' to the home directory in unquoted strings. To replicate this behavior, call `expanduser` to expand the '~' character to the user’s home directory.

OhMyThreads → MarkdownExt 
IOError: could not spawn setenv(`/home/ian/.julia/juliaup/julia-pr62725/bin/julia -C native -J/home/ian/.julia/juliaup/julia-pr62725/lib/julia/sys.so -g1 --startup-file=no --compiled-modules=strict --output-o /tmp/julia-ttfx-depot/compiled/v1.14/MarkdownExt/jl_2o1X4Q --output-ji /tmp/julia-ttfx-depot/compiled/v1.14/MarkdownExt/jl_hPWHiC --output-incremental=yes --startup-file=no --history-file=no --warn-overwrite=yes --color=auto -`,["TERM=tmux-256color", "TTFX_DEPOT_PATH=/tmp/julia-ttfx-depot", "OPENBLAS_NUM_THREADS=1", "OPENBLAS_MAIN_FREE=1", "SHELL=/bin/bash", "SSH_CLIENT=100.104.183.53 58167 22", "JULIA_DEPOT_PATH=/tmp/julia-ttfx-depot:", "OLDPWD=/home/ian/Documents/GitHub/julia", "TMUX=/tmp/tmux-1000/default,1292951,2", "LC_TERMINAL_VERSION=3.6.11", "XDG_RUNTIME_DIR=/run/user/1000", "JULIA_PRECOMPILE_JOBSERVER=/jl_pc_3749826_1", "USER=ian", "LC_TERMINAL=iTerm2", "SHLVL=2", "MAIL=/var/mail/ian", "TERM_PROGRAM=tmux", "LD_LIBRARY_PATH=/usr/local/cuda/lib64:", "_=/home/ian/.juliaup/bin/julia", "LS_COLORS=rs=0:di=01;34:ln=01;36:mh=00:pi=40;33:so=01;35:do=01;35:bd=40;33;01:cd=40;33;01:or=40;31;01:mi=00:su=37;41:sg=30;43:ca=00:tw=30;42:ow=34;42:st=37;44:ex=01;32:*.tar=01;31:*.tgz=01;31:*.arc=01;31:*.arj=01;31:*.taz=01;31:*.lha=01;31:*.lz4=01;31:*.lzh=01;31:*.lzma=01;31:*.tlz=01;31:*.txz=01;31:*.tzo=01;31:*.t7z=01;31:*.zip=01;31:*.z=01;31:*.dz=01;31:*.gz=01;31:*.lrz=01;31:*.lz=01;31:*.lzo=01;31:*.xz=01;31:*.zst=01;31:*.tzst=01;31:*.bz2=01;31:*.bz=01;31:*.tbz=01;31:*.tbz2=01;31:*.tz=01;31:*.deb=01;31:*.rpm=01;31:*.jar=01;31:*.war=01;31:*.ear=01;31:*.sar=01;31:*.rar=01;31:*.alz=01;31:*.ace=01;31:*.zoo=01;31:*.cpio=01;31:*.7z=01;31:*.rz=01;31:*.cab=01;31:*.wim=01;31:*.swm=01;31:*.dwm=01;31:*.esd=01;31:*.avif=01;35:*.jpg=01;35:*.jpeg=01;35:*.mjpg=01;35:*.mjpeg=01;35:*.gif=01;35:*.bmp=01;35:*.pbm=01;35:*.pgm=01;35:*.ppm=01;35:*.tga=01;35:*.xbm=01;35:*.xpm=01;35:*.tif=01;35:*.tiff=01;35:*.png=01;35:*.svg=01;35:*.svgz=01;35:*.mng=01;35:*.pcx=01;35:*.mov=01;35:*.mpg=01;35:*.mpeg=01;35:*.m2v=01;35:*.mkv=01;35:*.webm=01;35:*.webp=01;35:*.ogm=01;35:*.mp4=01;35:*.m4v=01;35:*.mp4v=01;35:*.vob=01;35:*.qt=01;35:*.nuv=01;35:*.wmv=01;35:*.asf=01;35:*.rm=01;35:*.rmvb=01;35:*.flc=01;35:*.avi=01;35:*.fli=01;35:*.flv=01;35:*.gl=01;35:*.dl=01;35:*.xcf=01;35:*.xwd=01;35:*.yuv=01;35:*.cgm=01;35:*.emf=01;35:*.ogv=01;35:*.ogx=01;35:*.aac=00;36:*.au=00;36:*.flac=00;36:*.m4a=00;36:*.mid=00;36:*.midi=00;36:*.mka=00;36:*.mp3=00;36:*.mpc=00;36:*.ogg=00;36:*.ra=00;36:*.wav=00;36:*.oga=00;36:*.opus=00;36:*.spx=00;36:*.xspf=00;36:*~=00;90:*#=00;90:*.bak=00;90:*.crdownload=00;90:*.dpkg-dist=00;90:*.dpkg-new=00;90:*.dpkg-old=00;90:*.dpkg-tmp=00;90:*.old=00;90:*.orig=00;90:*.part=00;90:*.rej=00;90:*.rpmnew=00;90:*.rpmorig=00;90:*.rpmsave=00;90:*.swp=00;90:*.tmp=00;90:*.ucf-dist=00;90:*.ucf-new=00;90:*.ucf-old=00;90:", "LANG=en_US.UTF-8", "LESSCLOSE=/usr/bin/lesspipe %s %s", "SSH_CONNECTION=100.95.84.5 50454 100.82.112.7 22", "TMUX_PANE=%2", "LESSOPEN=| /usr/bin/lesspipe %s", "JULIA_PKG_PRECOMPILE_AUTO=0", "XDG_DATA_DIRS=/usr/share/gnome:/usr/local/share:/usr/share:/var/lib/snapd/desktop", "XDG_SESSION_ID=1677", "PATH=/home/ian/.juliaup/bin:/home/ian/.local/bin:/usr/local/sbin:/usr/local/bin:/usr/sbin:/usr/bin:/sbin:/bin:/usr/games:/usr/local/games:/snap/bin", "SSH_TTY=/dev/pts/1", "LOGNAME=ian", "TERM_PROGRAM_VERSION=3.4", "HUSHLOGIN=FALSE", "XDG_SESSION_TYPE=tty", "DEBUGINFOD_URLS=https://debuginfod.ubuntu.com ", "PWD", "OPENBLAS_DEFAULT_NUM_THREADS=1", "REMOTEHOST=100.104.183.53", "HOME=/home/ian", "JULIA_NUM_THREADS=1", "JULIA_PRECOMP_REPORT_TIMING=1", "DBUS_SESSION_BUS_ADDRESS=unix:path=/run/user/1000/bus", "XDG_SESSION_CLASS=user"]): no such file or directory (ENOENT)
Many shells expand '~' to the home directory in unquoted strings. To replicate this behavior, call `expanduser` to expand the '~' character to the user’s home directory.

FiniteDiff → FiniteDiffStaticArraysExt 
IOError: could not spawn setenv(`/home/ian/.julia/juliaup/julia-pr62725/bin/julia -C native -J/home/ian/.julia/juliaup/julia-pr62725/lib/julia/sys.so -g1 --startup-file=no --compiled-modules=strict --output-o /tmp/julia-ttfx-depot/compiled/v1.14/FiniteDiffStaticArraysExt/jl_efYb3k --output-ji /tmp/julia-ttfx-depot/compiled/v1.14/FiniteDiffStaticArraysExt/jl_pwgO9V --output-incremental=yes --startup-file=no --history-file=no --warn-overwrite=yes --color=auto -`,["TERM=tmux-256color", "TTFX_DEPOT_PATH=/tmp/julia-ttfx-depot", "OPENBLAS_NUM_THREADS=1", "OPENBLAS_MAIN_FREE=1", "SHELL=/bin/bash", "SSH_CLIENT=100.104.183.53 58167 22", "JULIA_DEPOT_PATH=/tmp/julia-ttfx-depot:", "OLDPWD=/home/ian/Documents/GitHub/julia", "TMUX=/tmp/tmux-1000/default,1292951,2", "LC_TERMINAL_VERSION=3.6.11", "XDG_RUNTIME_DIR=/run/user/1000", "JULIA_PRECOMPILE_JOBSERVER=/jl_pc_3749826_1", "USER=ian", "LC_TERMINAL=iTerm2", "SHLVL=2", "MAIL=/var/mail/ian", "TERM_PROGRAM=tmux", "LD_LIBRARY_PATH=/usr/local/cuda/lib64:", "_=/home/ian/.juliaup/bin/julia", "LS_COLORS=rs=0:di=01;34:ln=01;36:mh=00:pi=40;33:so=01;35:do=01;35:bd=40;33;01:cd=40;33;01:or=40;31;01:mi=00:su=37;41:sg=30;43:ca=00:tw=30;42:ow=34;42:st=37;44:ex=01;32:*.tar=01;31:*.tgz=01;31:*.arc=01;31:*.arj=01;31:*.taz=01;31:*.lha=01;31:*.lz4=01;31:*.lzh=01;31:*.lzma=01;31:*.tlz=01;31:*.txz=01;31:*.tzo=01;31:*.t7z=01;31:*.zip=01;31:*.z=01;31:*.dz=01;31:*.gz=01;31:*.lrz=01;31:*.lz=01;31:*.lzo=01;31:*.xz=01;31:*.zst=01;31:*.tzst=01;31:*.bz2=01;31:*.bz=01;31:*.tbz=01;31:*.tbz2=01;31:*.tz=01;31:*.deb=01;31:*.rpm=01;31:*.jar=01;31:*.war=01;31:*.ear=01;31:*.sar=01;31:*.rar=01;31:*.alz=01;31:*.ace=01;31:*.zoo=01;31:*.cpio=01;31:*.7z=01;31:*.rz=01;31:*.cab=01;31:*.wim=01;31:*.swm=01;31:*.dwm=01;31:*.esd=01;31:*.avif=01;35:*.jpg=01;35:*.jpeg=01;35:*.mjpg=01;35:*.mjpeg=01;35:*.gif=01;35:*.bmp=01;35:*.pbm=01;35:*.pgm=01;35:*.ppm=01;35:*.tga=01;35:*.xbm=01;35:*.xpm=01;35:*.tif=01;35:*.tiff=01;35:*.png=01;35:*.svg=01;35:*.svgz=01;35:*.mng=01;35:*.pcx=01;35:*.mov=01;35:*.mpg=01;35:*.mpeg=01;35:*.m2v=01;35:*.mkv=01;35:*.webm=01;35:*.webp=01;35:*.ogm=01;35:*.mp4=01;35:*.m4v=01;35:*.mp4v=01;35:*.vob=01;35:*.qt=01;35:*.nuv=01;35:*.wmv=01;35:*.asf=01;35:*.rm=01;35:*.rmvb=01;35:*.flc=01;35:*.avi=01;35:*.fli=01;35:*.flv=01;35:*.gl=01;35:*.dl=01;35:*.xcf=01;35:*.xwd=01;35:*.yuv=01;35:*.cgm=01;35:*.emf=01;35:*.ogv=01;35:*.ogx=01;35:*.aac=00;36:*.au=00;36:*.flac=00;36:*.m4a=00;36:*.mid=00;36:*.midi=00;36:*.mka=00;36:*.mp3=00;36:*.mpc=00;36:*.ogg=00;36:*.ra=00;36:*.wav=00;36:*.oga=00;36:*.opus=00;36:*.spx=00;36:*.xspf=00;36:*~=00;90:*#=00;90:*.bak=00;90:*.crdownload=00;90:*.dpkg-dist=00;90:*.dpkg-new=00;90:*.dpkg-old=00;90:*.dpkg-tmp=00;90:*.old=00;90:*.orig=00;90:*.part=00;90:*.rej=00;90:*.rpmnew=00;90:*.rpmorig=00;90:*.rpmsave=00;90:*.swp=00;90:*.tmp=00;90:*.ucf-dist=00;90:*.ucf-new=00;90:*.ucf-old=00;90:", "LANG=en_US.UTF-8", "LESSCLOSE=/usr/bin/lesspipe %s %s", "SSH_CONNECTION=100.95.84.5 50454 100.82.112.7 22", "TMUX_PANE=%2", "LESSOPEN=| /usr/bin/lesspipe %s", "JULIA_PKG_PRECOMPILE_AUTO=0", "XDG_DATA_DIRS=/usr/share/gnome:/usr/local/share:/usr/share:/var/lib/snapd/desktop", "XDG_SESSION_ID=1677", "PATH=/home/ian/.juliaup/bin:/home/ian/.local/bin:/usr/local/sbin:/usr/local/bin:/usr/sbin:/usr/bin:/sbin:/bin:/usr/games:/usr/local/games:/snap/bin", "SSH_TTY=/dev/pts/1", "LOGNAME=ian", "TERM_PROGRAM_VERSION=3.4", "HUSHLOGIN=FALSE", "XDG_SESSION_TYPE=tty", "DEBUGINFOD_URLS=https://debuginfod.ubuntu.com ", "PWD", "OPENBLAS_DEFAULT_NUM_THREADS=1", "REMOTEHOST=100.104.183.53", "HOME=/home/ian", "JULIA_NUM_THREADS=1", "JULIA_PRECOMP_REPORT_TIMING=1", "DBUS_SESSION_BUS_ADDRESS=unix:path=/run/user/1000/bus", "XDG_SESSION_CLASS=user"]): no such file or directory (ENOENT)
Many shells expand '~' to the home directory in unquoted strings. To replicate this behavior, call `expanduser` to expand the '~' character to the user’s home directory.

PreallocationTools → PreallocationToolsEnzymeCoreExt 
IOError: could not spawn setenv(`/home/ian/.julia/juliaup/julia-pr62725/bin/julia -C native -J/home/ian/.julia/juliaup/julia-pr62725/lib/julia/sys.so -g1 --startup-file=no --compiled-modules=strict --output-o /tmp/julia-ttfx-depot/compiled/v1.14/PreallocationToolsEnzymeCoreExt/jl_DdgLVj --output-ji /tmp/julia-ttfx-depot/compiled/v1.14/PreallocationToolsEnzymeCoreExt/jl_h418uU --output-incremental=yes --startup-file=no --history-file=no --warn-overwrite=yes --color=auto -`,["TERM=tmux-256color", "TTFX_DEPOT_PATH=/tmp/julia-ttfx-depot", "OPENBLAS_NUM_THREADS=1", "OPENBLAS_MAIN_FREE=1", "SHELL=/bin/bash", "SSH_CLIENT=100.104.183.53 58167 22", "JULIA_DEPOT_PATH=/tmp/julia-ttfx-depot:", "OLDPWD=/home/ian/Documents/GitHub/julia", "TMUX=/tmp/tmux-1000/default,1292951,2", "LC_TERMINAL_VERSION=3.6.11", "XDG_RUNTIME_DIR=/run/user/1000", "JULIA_PRECOMPILE_JOBSERVER=/jl_pc_3749826_1", "USER=ian", "LC_TERMINAL=iTerm2", "SHLVL=2", "MAIL=/var/mail/ian", "TERM_PROGRAM=tmux", "LD_LIBRARY_PATH=/usr/local/cuda/lib64:", "_=/home/ian/.juliaup/bin/julia", "LS_COLORS=rs=0:di=01;34:ln=01;36:mh=00:pi=40;33:so=01;35:do=01;35:bd=40;33;01:cd=40;33;01:or=40;31;01:mi=00:su=37;41:sg=30;43:ca=00:tw=30;42:ow=34;42:st=37;44:ex=01;32:*.tar=01;31:*.tgz=01;31:*.arc=01;31:*.arj=01;31:*.taz=01;31:*.lha=01;31:*.lz4=01;31:*.lzh=01;31:*.lzma=01;31:*.tlz=01;31:*.txz=01;31:*.tzo=01;31:*.t7z=01;31:*.zip=01;31:*.z=01;31:*.dz=01;31:*.gz=01;31:*.lrz=01;31:*.lz=01;31:*.lzo=01;31:*.xz=01;31:*.zst=01;31:*.tzst=01;31:*.bz2=01;31:*.bz=01;31:*.tbz=01;31:*.tbz2=01;31:*.tz=01;31:*.deb=01;31:*.rpm=01;31:*.jar=01;31:*.war=01;31:*.ear=01;31:*.sar=01;31:*.rar=01;31:*.alz=01;31:*.ace=01;31:*.zoo=01;31:*.cpio=01;31:*.7z=01;31:*.rz=01;31:*.cab=01;31:*.wim=01;31:*.swm=01;31:*.dwm=01;31:*.esd=01;31:*.avif=01;35:*.jpg=01;35:*.jpeg=01;35:*.mjpg=01;35:*.mjpeg=01;35:*.gif=01;35:*.bmp=01;35:*.pbm=01;35:*.pgm=01;35:*.ppm=01;35:*.tga=01;35:*.xbm=01;35:*.xpm=01;35:*.tif=01;35:*.tiff=01;35:*.png=01;35:*.svg=01;35:*.svgz=01;35:*.mng=01;35:*.pcx=01;35:*.mov=01;35:*.mpg=01;35:*.mpeg=01;35:*.m2v=01;35:*.mkv=01;35:*.webm=01;35:*.webp=01;35:*.ogm=01;35:*.mp4=01;35:*.m4v=01;35:*.mp4v=01;35:*.vob=01;35:*.qt=01;35:*.nuv=01;35:*.wmv=01;35:*.asf=01;35:*.rm=01;35:*.rmvb=01;35:*.flc=01;35:*.avi=01;35:*.fli=01;35:*.flv=01;35:*.gl=01;35:*.dl=01;35:*.xcf=01;35:*.xwd=01;35:*.yuv=01;35:*.cgm=01;35:*.emf=01;35:*.ogv=01;35:*.ogx=01;35:*.aac=00;36:*.au=00;36:*.flac=00;36:*.m4a=00;36:*.mid=00;36:*.midi=00;36:*.mka=00;36:*.mp3=00;36:*.mpc=00;36:*.ogg=00;36:*.ra=00;36:*.wav=00;36:*.oga=00;36:*.opus=00;36:*.spx=00;36:*.xspf=00;36:*~=00;90:*#=00;90:*.bak=00;90:*.crdownload=00;90:*.dpkg-dist=00;90:*.dpkg-new=00;90:*.dpkg-old=00;90:*.dpkg-tmp=00;90:*.old=00;90:*.orig=00;90:*.part=00;90:*.rej=00;90:*.rpmnew=00;90:*.rpmorig=00;90:*.rpmsave=00;90:*.swp=00;90:*.tmp=00;90:*.ucf-dist=00;90:*.ucf-new=00;90:*.ucf-old=00;90:", "LANG=en_US.UTF-8", "LESSCLOSE=/usr/bin/lesspipe %s %s", "SSH_CONNECTION=100.95.84.5 50454 100.82.112.7 22", "TMUX_PANE=%2", "LESSOPEN=| /usr/bin/lesspipe %s", "JULIA_PKG_PRECOMPILE_AUTO=0", "XDG_DATA_DIRS=/usr/share/gnome:/usr/local/share:/usr/share:/var/lib/snapd/desktop", "XDG_SESSION_ID=1677", "PATH=/home/ian/.juliaup/bin:/home/ian/.local/bin:/usr/local/sbin:/usr/local/bin:/usr/sbin:/usr/bin:/sbin:/bin:/usr/games:/usr/local/games:/snap/bin", "SSH_TTY=/dev/pts/1", "LOGNAME=ian", "TERM_PROGRAM_VERSION=3.4", "HUSHLOGIN=FALSE", "XDG_SESSION_TYPE=tty", "DEBUGINFOD_URLS=https://debuginfod.ubuntu.com ", "PWD", "OPENBLAS_DEFAULT_NUM_THREADS=1", "REMOTEHOST=100.104.183.53", "HOME=/home/ian", "JULIA_NUM_THREADS=1", "JULIA_PRECOMP_REPORT_TIMING=1", "DBUS_SESSION_BUS_ADDRESS=unix:path=/run/user/1000/bus", "XDG_SESSION_CLASS=user"]): no such file or directory (ENOENT)
Many shells expand '~' to the home directory in unquoted strings. To replicate this behavior, call `expanduser` to expand the '~' character to the user’s home directory.

PDMats 
Failed to precompile PDMats [90014a1f-27ba-587c-ab20-58faa44d9150] to "/tmp/julia-ttfx-depot/compiled/v1.14/PDMats/jl_IMRTYA" (ProcessExited(1)).

SciMLLogging 
Failed to precompile SciMLLogging [a6db7da4-7206-11f0-1eab-35f2a5dbe1d1] to "/tmp/julia-ttfx-depot/compiled/v1.14/SciMLLogging/jl_hYLxsy" (ProcessExited(1)).

PreallocationTools → PreallocationToolsForwardDiffExt 
IOError: could not spawn setenv(`/home/ian/.julia/juliaup/julia-pr62725/bin/julia -C native -J/home/ian/.julia/juliaup/julia-pr62725/lib/julia/sys.so -g1 --startup-file=no --compiled-modules=strict --output-o /tmp/julia-ttfx-depot/compiled/v1.14/PreallocationToolsForwardDiffExt/jl_lLpMsA --output-ji /tmp/julia-ttfx-depot/compiled/v1.14/PreallocationToolsForwardDiffExt/jl_XK1Q1h --output-incremental=yes --startup-file=no --history-file=no --warn-overwrite=yes --color=auto -`,["TERM=tmux-256color", "TTFX_DEPOT_PATH=/tmp/julia-ttfx-depot", "OPENBLAS_NUM_THREADS=1", "OPENBLAS_MAIN_FREE=1", "SHELL=/bin/bash", "SSH_CLIENT=100.104.183.53 58167 22", "JULIA_DEPOT_PATH=/tmp/julia-ttfx-depot:", "OLDPWD=/home/ian/Documents/GitHub/julia", "TMUX=/tmp/tmux-1000/default,1292951,2", "LC_TERMINAL_VERSION=3.6.11", "XDG_RUNTIME_DIR=/run/user/1000", "JULIA_PRECOMPILE_JOBSERVER=/jl_pc_3749826_1", "USER=ian", "LC_TERMINAL=iTerm2", "SHLVL=2", "MAIL=/var/mail/ian", "TERM_PROGRAM=tmux", "LD_LIBRARY_PATH=/usr/local/cuda/lib64:", "_=/home/ian/.juliaup/bin/julia", "LS_COLORS=rs=0:di=01;34:ln=01;36:mh=00:pi=40;33:so=01;35:do=01;35:bd=40;33;01:cd=40;33;01:or=40;31;01:mi=00:su=37;41:sg=30;43:ca=00:tw=30;42:ow=34;42:st=37;44:ex=01;32:*.tar=01;31:*.tgz=01;31:*.arc=01;31:*.arj=01;31:*.taz=01;31:*.lha=01;31:*.lz4=01;31:*.lzh=01;31:*.lzma=01;31:*.tlz=01;31:*.txz=01;31:*.tzo=01;31:*.t7z=01;31:*.zip=01;31:*.z=01;31:*.dz=01;31:*.gz=01;31:*.lrz=01;31:*.lz=01;31:*.lzo=01;31:*.xz=01;31:*.zst=01;31:*.tzst=01;31:*.bz2=01;31:*.bz=01;31:*.tbz=01;31:*.tbz2=01;31:*.tz=01;31:*.deb=01;31:*.rpm=01;31:*.jar=01;31:*.war=01;31:*.ear=01;31:*.sar=01;31:*.rar=01;31:*.alz=01;31:*.ace=01;31:*.zoo=01;31:*.cpio=01;31:*.7z=01;31:*.rz=01;31:*.cab=01;31:*.wim=01;31:*.swm=01;31:*.dwm=01;31:*.esd=01;31:*.avif=01;35:*.jpg=01;35:*.jpeg=01;35:*.mjpg=01;35:*.mjpeg=01;35:*.gif=01;35:*.bmp=01;35:*.pbm=01;35:*.pgm=01;35:*.ppm=01;35:*.tga=01;35:*.xbm=01;35:*.xpm=01;35:*.tif=01;35:*.tiff=01;35:*.png=01;35:*.svg=01;35:*.svgz=01;35:*.mng=01;35:*.pcx=01;35:*.mov=01;35:*.mpg=01;35:*.mpeg=01;35:*.m2v=01;35:*.mkv=01;35:*.webm=01;35:*.webp=01;35:*.ogm=01;35:*.mp4=01;35:*.m4v=01;35:*.mp4v=01;35:*.vob=01;35:*.qt=01;35:*.nuv=01;35:*.wmv=01;35:*.asf=01;35:*.rm=01;35:*.rmvb=01;35:*.flc=01;35:*.avi=01;35:*.fli=01;35:*.flv=01;35:*.gl=01;35:*.dl=01;35:*.xcf=01;35:*.xwd=01;35:*.yuv=01;35:*.cgm=01;35:*.emf=01;35:*.ogv=01;35:*.ogx=01;35:*.aac=00;36:*.au=00;36:*.flac=00;36:*.m4a=00;36:*.mid=00;36:*.midi=00;36:*.mka=00;36:*.mp3=00;36:*.mpc=00;36:*.ogg=00;36:*.ra=00;36:*.wav=00;36:*.oga=00;36:*.opus=00;36:*.spx=00;36:*.xspf=00;36:*~=00;90:*#=00;90:*.bak=00;90:*.crdownload=00;90:*.dpkg-dist=00;90:*.dpkg-new=00;90:*.dpkg-old=00;90:*.dpkg-tmp=00;90:*.old=00;90:*.orig=00;90:*.part=00;90:*.rej=00;90:*.rpmnew=00;90:*.rpmorig=00;90:*.rpmsave=00;90:*.swp=00;90:*.tmp=00;90:*.ucf-dist=00;90:*.ucf-new=00;90:*.ucf-old=00;90:", "LANG=en_US.UTF-8", "LESSCLOSE=/usr/bin/lesspipe %s %s", "SSH_CONNECTION=100.95.84.5 50454 100.82.112.7 22", "TMUX_PANE=%2", "LESSOPEN=| /usr/bin/lesspipe %s", "JULIA_PKG_PRECOMPILE_AUTO=0", "XDG_DATA_DIRS=/usr/share/gnome:/usr/local/share:/usr/share:/var/lib/snapd/desktop", "XDG_SESSION_ID=1677", "PATH=/home/ian/.juliaup/bin:/home/ian/.local/bin:/usr/local/sbin:/usr/local/bin:/usr/sbin:/usr/bin:/sbin:/bin:/usr/games:/usr/local/games:/snap/bin", "SSH_TTY=/dev/pts/1", "LOGNAME=ian", "TERM_PROGRAM_VERSION=3.4", "HUSHLOGIN=FALSE", "XDG_SESSION_TYPE=tty", "DEBUGINFOD_URLS=https://debuginfod.ubuntu.com ", "PWD", "OPENBLAS_DEFAULT_NUM_THREADS=1", "REMOTEHOST=100.104.183.53", "HOME=/home/ian", "JULIA_NUM_THREADS=1", "JULIA_PRECOMP_REPORT_TIMING=1", "DBUS_SESSION_BUS_ADDRESS=unix:path=/run/user/1000/bus", "XDG_SESSION_CLASS=user"]): no such file or directory (ENOENT)
Many shells expand '~' to the home directory in unquoted strings. To replicate this behavior, call `expanduser` to expand the '~' character to the user’s home directory.

BracketingNonlinearSolve 
Failed to precompile BracketingNonlinearSolve [70df07ce-3d50-431d-a3e7-ca6ddb60ac1e] to "/tmp/julia-ttfx-depot/compiled/v1.14/BracketingNonlinearSolve/jl_ZoMkz3" (ProcessExited(1)).

Tables 
IOError: could not spawn setenv(`/home/ian/.julia/juliaup/julia-pr62725/bin/julia -C native -J/home/ian/.julia/juliaup/julia-pr62725/lib/julia/sys.so -g1 --startup-file=no --compiled-modules=strict --output-o /tmp/julia-ttfx-depot/compiled/v1.14/Tables/jl_e9B2r4 --output-ji /tmp/julia-ttfx-depot/compiled/v1.14/Tables/jl_bxt01V --output-incremental=yes --startup-file=no --history-file=no --warn-overwrite=yes --color=auto -`,["TERM=tmux-256color", "TTFX_DEPOT_PATH=/tmp/julia-ttfx-depot", "OPENBLAS_NUM_THREADS=1", "OPENBLAS_MAIN_FREE=1", "SHELL=/bin/bash", "SSH_CLIENT=100.104.183.53 58167 22", "JULIA_DEPOT_PATH=/tmp/julia-ttfx-depot:", "OLDPWD=/home/ian/Documents/GitHub/julia", "TMUX=/tmp/tmux-1000/default,1292951,2", "LC_TERMINAL_VERSION=3.6.11", "XDG_RUNTIME_DIR=/run/user/1000", "JULIA_PRECOMPILE_JOBSERVER=/jl_pc_3749826_1", "USER=ian", "LC_TERMINAL=iTerm2", "SHLVL=2", "MAIL=/var/mail/ian", "TERM_PROGRAM=tmux", "LD_LIBRARY_PATH=/usr/local/cuda/lib64:", "_=/home/ian/.juliaup/bin/julia", "LS_COLORS=rs=0:di=01;34:ln=01;36:mh=00:pi=40;33:so=01;35:do=01;35:bd=40;33;01:cd=40;33;01:or=40;31;01:mi=00:su=37;41:sg=30;43:ca=00:tw=30;42:ow=34;42:st=37;44:ex=01;32:*.tar=01;31:*.tgz=01;31:*.arc=01;31:*.arj=01;31:*.taz=01;31:*.lha=01;31:*.lz4=01;31:*.lzh=01;31:*.lzma=01;31:*.tlz=01;31:*.txz=01;31:*.tzo=01;31:*.t7z=01;31:*.zip=01;31:*.z=01;31:*.dz=01;31:*.gz=01;31:*.lrz=01;31:*.lz=01;31:*.lzo=01;31:*.xz=01;31:*.zst=01;31:*.tzst=01;31:*.bz2=01;31:*.bz=01;31:*.tbz=01;31:*.tbz2=01;31:*.tz=01;31:*.deb=01;31:*.rpm=01;31:*.jar=01;31:*.war=01;31:*.ear=01;31:*.sar=01;31:*.rar=01;31:*.alz=01;31:*.ace=01;31:*.zoo=01;31:*.cpio=01;31:*.7z=01;31:*.rz=01;31:*.cab=01;31:*.wim=01;31:*.swm=01;31:*.dwm=01;31:*.esd=01;31:*.avif=01;35:*.jpg=01;35:*.jpeg=01;35:*.mjpg=01;35:*.mjpeg=01;35:*.gif=01;35:*.bmp=01;35:*.pbm=01;35:*.pgm=01;35:*.ppm=01;35:*.tga=01;35:*.xbm=01;35:*.xpm=01;35:*.tif=01;35:*.tiff=01;35:*.png=01;35:*.svg=01;35:*.svgz=01;35:*.mng=01;35:*.pcx=01;35:*.mov=01;35:*.mpg=01;35:*.mpeg=01;35:*.m2v=01;35:*.mkv=01;35:*.webm=01;35:*.webp=01;35:*.ogm=01;35:*.mp4=01;35:*.m4v=01;35:*.mp4v=01;35:*.vob=01;35:*.qt=01;35:*.nuv=01;35:*.wmv=01;35:*.asf=01;35:*.rm=01;35:*.rmvb=01;35:*.flc=01;35:*.avi=01;35:*.fli=01;35:*.flv=01;35:*.gl=01;35:*.dl=01;35:*.xcf=01;35:*.xwd=01;35:*.yuv=01;35:*.cgm=01;35:*.emf=01;35:*.ogv=01;35:*.ogx=01;35:*.aac=00;36:*.au=00;36:*.flac=00;36:*.m4a=00;36:*.mid=00;36:*.midi=00;36:*.mka=00;36:*.mp3=00;36:*.mpc=00;36:*.ogg=00;36:*.ra=00;36:*.wav=00;36:*.oga=00;36:*.opus=00;36:*.spx=00;36:*.xspf=00;36:*~=00;90:*#=00;90:*.bak=00;90:*.crdownload=00;90:*.dpkg-dist=00;90:*.dpkg-new=00;90:*.dpkg-old=00;90:*.dpkg-tmp=00;90:*.old=00;90:*.orig=00;90:*.part=00;90:*.rej=00;90:*.rpmnew=00;90:*.rpmorig=00;90:*.rpmsave=00;90:*.swp=00;90:*.tmp=00;90:*.ucf-dist=00;90:*.ucf-new=00;90:*.ucf-old=00;90:", "LANG=en_US.UTF-8", "LESSCLOSE=/usr/bin/lesspipe %s %s", "SSH_CONNECTION=100.95.84.5 50454 100.82.112.7 22", "TMUX_PANE=%2", "LESSOPEN=| /usr/bin/lesspipe %s", "JULIA_PKG_PRECOMPILE_AUTO=0", "XDG_DATA_DIRS=/usr/share/gnome:/usr/local/share:/usr/share:/var/lib/snapd/desktop", "XDG_SESSION_ID=1677", "PATH=/home/ian/.juliaup/bin:/home/ian/.local/bin:/usr/local/sbin:/usr/local/bin:/usr/sbin:/usr/bin:/sbin:/bin:/usr/games:/usr/local/games:/snap/bin", "SSH_TTY=/dev/pts/1", "LOGNAME=ian", "TERM_PROGRAM_VERSION=3.4", "HUSHLOGIN=FALSE", "XDG_SESSION_TYPE=tty", "DEBUGINFOD_URLS=https://debuginfod.ubuntu.com ", "PWD", "OPENBLAS_DEFAULT_NUM_THREADS=1", "REMOTEHOST=100.104.183.53", "HOME=/home/ian", "JULIA_NUM_THREADS=1", "JULIA_PRECOMP_REPORT_TIMING=1", "DBUS_SESSION_BUS_ADDRESS=unix:path=/run/user/1000/bus", "XDG_SESSION_CLASS=user"]): no such file or directory (ENOENT)
Many shells expand '~' to the home directory in unquoted strings. To replicate this behavior, call `expanduser` to expand the '~' character to the user’s home directory.

OrdinaryDiffEqCore 
Failed to precompile OrdinaryDiffEqCore [bbf590c4-e513-4bbe-9b18-05decba2e5d8] to "/tmp/julia-ttfx-depot/compiled/v1.14/OrdinaryDiffEqCore/jl_LG6N3e" (ProcessExited(1)).

SciMLBase → SciMLBaseForwardDiffExt 
Failed to precompile SciMLBaseForwardDiffExt [de196924-9367-56a4-b535-cc368d2f61a6] to "/tmp/julia-ttfx-depot/compiled/v1.14/SciMLBaseForwardDiffExt/jl_Qk5mLS" (ProcessExited(1)).

StochasticDiffEqHighOrder 
Failed to precompile StochasticDiffEqHighOrder [0520c28c-50fd-4d16-9c96-902fc80b3bab] to "/tmp/julia-ttfx-depot/compiled/v1.14/StochasticDiffEqHighOrder/jl_XalZtY" (ProcessExited(1)).

FiniteDiff 
IOError: could not spawn setenv(`/home/ian/.julia/juliaup/julia-pr62725/bin/julia -C native -J/home/ian/.julia/juliaup/julia-pr62725/lib/julia/sys.so -g1 --startup-file=no --compiled-modules=strict --output-o /tmp/julia-ttfx-depot/compiled/v1.14/FiniteDiff/jl_x9gg6N --output-ji /tmp/julia-ttfx-depot/compiled/v1.14/FiniteDiff/jl_SBmZ9J --output-incremental=yes --startup-file=no --history-file=no --warn-overwrite=yes --color=auto -`,["TERM=tmux-256color", "TTFX_DEPOT_PATH=/tmp/julia-ttfx-depot", "OPENBLAS_NUM_THREADS=1", "OPENBLAS_MAIN_FREE=1", "SHELL=/bin/bash", "SSH_CLIENT=100.104.183.53 58167 22", "JULIA_DEPOT_PATH=/tmp/julia-ttfx-depot:", "OLDPWD=/home/ian/Documents/GitHub/julia", "TMUX=/tmp/tmux-1000/default,1292951,2", "LC_TERMINAL_VERSION=3.6.11", "XDG_RUNTIME_DIR=/run/user/1000", "JULIA_PRECOMPILE_JOBSERVER=/jl_pc_3749826_1", "USER=ian", "LC_TERMINAL=iTerm2", "SHLVL=2", "MAIL=/var/mail/ian", "TERM_PROGRAM=tmux", "LD_LIBRARY_PATH=/usr/local/cuda/lib64:", "_=/home/ian/.juliaup/bin/julia", "LS_COLORS=rs=0:di=01;34:ln=01;36:mh=00:pi=40;33:so=01;35:do=01;35:bd=40;33;01:cd=40;33;01:or=40;31;01:mi=00:su=37;41:sg=30;43:ca=00:tw=30;42:ow=34;42:st=37;44:ex=01;32:*.tar=01;31:*.tgz=01;31:*.arc=01;31:*.arj=01;31:*.taz=01;31:*.lha=01;31:*.lz4=01;31:*.lzh=01;31:*.lzma=01;31:*.tlz=01;31:*.txz=01;31:*.tzo=01;31:*.t7z=01;31:*.zip=01;31:*.z=01;31:*.dz=01;31:*.gz=01;31:*.lrz=01;31:*.lz=01;31:*.lzo=01;31:*.xz=01;31:*.zst=01;31:*.tzst=01;31:*.bz2=01;31:*.bz=01;31:*.tbz=01;31:*.tbz2=01;31:*.tz=01;31:*.deb=01;31:*.rpm=01;31:*.jar=01;31:*.war=01;31:*.ear=01;31:*.sar=01;31:*.rar=01;31:*.alz=01;31:*.ace=01;31:*.zoo=01;31:*.cpio=01;31:*.7z=01;31:*.rz=01;31:*.cab=01;31:*.wim=01;31:*.swm=01;31:*.dwm=01;31:*.esd=01;31:*.avif=01;35:*.jpg=01;35:*.jpeg=01;35:*.mjpg=01;35:*.mjpeg=01;35:*.gif=01;35:*.bmp=01;35:*.pbm=01;35:*.pgm=01;35:*.ppm=01;35:*.tga=01;35:*.xbm=01;35:*.xpm=01;35:*.tif=01;35:*.tiff=01;35:*.png=01;35:*.svg=01;35:*.svgz=01;35:*.mng=01;35:*.pcx=01;35:*.mov=01;35:*.mpg=01;35:*.mpeg=01;35:*.m2v=01;35:*.mkv=01;35:*.webm=01;35:*.webp=01;35:*.ogm=01;35:*.mp4=01;35:*.m4v=01;35:*.mp4v=01;35:*.vob=01;35:*.qt=01;35:*.nuv=01;35:*.wmv=01;35:*.asf=01;35:*.rm=01;35:*.rmvb=01;35:*.flc=01;35:*.avi=01;35:*.fli=01;35:*.flv=01;35:*.gl=01;35:*.dl=01;35:*.xcf=01;35:*.xwd=01;35:*.yuv=01;35:*.cgm=01;35:*.emf=01;35:*.ogv=01;35:*.ogx=01;35:*.aac=00;36:*.au=00;36:*.flac=00;36:*.m4a=00;36:*.mid=00;36:*.midi=00;36:*.mka=00;36:*.mp3=00;36:*.mpc=00;36:*.ogg=00;36:*.ra=00;36:*.wav=00;36:*.oga=00;36:*.opus=00;36:*.spx=00;36:*.xspf=00;36:*~=00;90:*#=00;90:*.bak=00;90:*.crdownload=00;90:*.dpkg-dist=00;90:*.dpkg-new=00;90:*.dpkg-old=00;90:*.dpkg-tmp=00;90:*.old=00;90:*.orig=00;90:*.part=00;90:*.rej=00;90:*.rpmnew=00;90:*.rpmorig=00;90:*.rpmsave=00;90:*.swp=00;90:*.tmp=00;90:*.ucf-dist=00;90:*.ucf-new=00;90:*.ucf-old=00;90:", "LANG=en_US.UTF-8", "LESSCLOSE=/usr/bin/lesspipe %s %s", "SSH_CONNECTION=100.95.84.5 50454 100.82.112.7 22", "TMUX_PANE=%2", "LESSOPEN=| /usr/bin/lesspipe %s", "JULIA_PKG_PRECOMPILE_AUTO=0", "XDG_DATA_DIRS=/usr/share/gnome:/usr/local/share:/usr/share:/var/lib/snapd/desktop", "XDG_SESSION_ID=1677", "PATH=/home/ian/.juliaup/bin:/home/ian/.local/bin:/usr/local/sbin:/usr/local/bin:/usr/sbin:/usr/bin:/sbin:/bin:/usr/games:/usr/local/games:/snap/bin", "SSH_TTY=/dev/pts/1", "LOGNAME=ian", "TERM_PROGRAM_VERSION=3.4", "HUSHLOGIN=FALSE", "XDG_SESSION_TYPE=tty", "DEBUGINFOD_URLS=https://debuginfod.ubuntu.com ", "PWD", "OPENBLAS_DEFAULT_NUM_THREADS=1", "REMOTEHOST=100.104.183.53", "HOME=/home/ian", "JULIA_NUM_THREADS=1", "JULIA_PRECOMP_REPORT_TIMING=1", "DBUS_SESSION_BUS_ADDRESS=unix:path=/run/user/1000/bus", "XDG_SESSION_CLASS=user"]): no such file or directory (ENOENT)
Many shells expand '~' to the home directory in unquoted strings. To replicate this behavior, call `expanduser` to expand the '~' character to the user’s home directory.

MaybeInplace → MaybeInplaceSparseArraysExt 
IOError: could not spawn setenv(`/home/ian/.julia/juliaup/julia-pr62725/bin/julia -C native -J/home/ian/.julia/juliaup/julia-pr62725/lib/julia/sys.so -g1 --startup-file=no --compiled-modules=strict --output-o /tmp/julia-ttfx-depot/compiled/v1.14/MaybeInplaceSparseArraysExt/jl_ynOXGT --output-ji /tmp/julia-ttfx-depot/compiled/v1.14/MaybeInplaceSparseArraysExt/jl_9iIJZB --output-incremental=yes --startup-file=no --history-file=no --warn-overwrite=yes --color=auto -`,["TERM=tmux-256color", "TTFX_DEPOT_PATH=/tmp/julia-ttfx-depot", "OPENBLAS_NUM_THREADS=1", "OPENBLAS_MAIN_FREE=1", "SHELL=/bin/bash", "SSH_CLIENT=100.104.183.53 58167 22", "JULIA_DEPOT_PATH=/tmp/julia-ttfx-depot:", "OLDPWD=/home/ian/Documents/GitHub/julia", "TMUX=/tmp/tmux-1000/default,1292951,2", "LC_TERMINAL_VERSION=3.6.11", "XDG_RUNTIME_DIR=/run/user/1000", "JULIA_PRECOMPILE_JOBSERVER=/jl_pc_3749826_1", "USER=ian", "LC_TERMINAL=iTerm2", "SHLVL=2", "MAIL=/var/mail/ian", "TERM_PROGRAM=tmux", "LD_LIBRARY_PATH=/usr/local/cuda/lib64:", "_=/home/ian/.juliaup/bin/julia", "LS_COLORS=rs=0:di=01;34:ln=01;36:mh=00:pi=40;33:so=01;35:do=01;35:bd=40;33;01:cd=40;33;01:or=40;31;01:mi=00:su=37;41:sg=30;43:ca=00:tw=30;42:ow=34;42:st=37;44:ex=01;32:*.tar=01;31:*.tgz=01;31:*.arc=01;31:*.arj=01;31:*.taz=01;31:*.lha=01;31:*.lz4=01;31:*.lzh=01;31:*.lzma=01;31:*.tlz=01;31:*.txz=01;31:*.tzo=01;31:*.t7z=01;31:*.zip=01;31:*.z=01;31:*.dz=01;31:*.gz=01;31:*.lrz=01;31:*.lz=01;31:*.lzo=01;31:*.xz=01;31:*.zst=01;31:*.tzst=01;31:*.bz2=01;31:*.bz=01;31:*.tbz=01;31:*.tbz2=01;31:*.tz=01;31:*.deb=01;31:*.rpm=01;31:*.jar=01;31:*.war=01;31:*.ear=01;31:*.sar=01;31:*.rar=01;31:*.alz=01;31:*.ace=01;31:*.zoo=01;31:*.cpio=01;31:*.7z=01;31:*.rz=01;31:*.cab=01;31:*.wim=01;31:*.swm=01;31:*.dwm=01;31:*.esd=01;31:*.avif=01;35:*.jpg=01;35:*.jpeg=01;35:*.mjpg=01;35:*.mjpeg=01;35:*.gif=01;35:*.bmp=01;35:*.pbm=01;35:*.pgm=01;35:*.ppm=01;35:*.tga=01;35:*.xbm=01;35:*.xpm=01;35:*.tif=01;35:*.tiff=01;35:*.png=01;35:*.svg=01;35:*.svgz=01;35:*.mng=01;35:*.pcx=01;35:*.mov=01;35:*.mpg=01;35:*.mpeg=01;35:*.m2v=01;35:*.mkv=01;35:*.webm=01;35:*.webp=01;35:*.ogm=01;35:*.mp4=01;35:*.m4v=01;35:*.mp4v=01;35:*.vob=01;35:*.qt=01;35:*.nuv=01;35:*.wmv=01;35:*.asf=01;35:*.rm=01;35:*.rmvb=01;35:*.flc=01;35:*.avi=01;35:*.fli=01;35:*.flv=01;35:*.gl=01;35:*.dl=01;35:*.xcf=01;35:*.xwd=01;35:*.yuv=01;35:*.cgm=01;35:*.emf=01;35:*.ogv=01;35:*.ogx=01;35:*.aac=00;36:*.au=00;36:*.flac=00;36:*.m4a=00;36:*.mid=00;36:*.midi=00;36:*.mka=00;36:*.mp3=00;36:*.mpc=00;36:*.ogg=00;36:*.ra=00;36:*.wav=00;36:*.oga=00;36:*.opus=00;36:*.spx=00;36:*.xspf=00;36:*~=00;90:*#=00;90:*.bak=00;90:*.crdownload=00;90:*.dpkg-dist=00;90:*.dpkg-new=00;90:*.dpkg-old=00;90:*.dpkg-tmp=00;90:*.old=00;90:*.orig=00;90:*.part=00;90:*.rej=00;90:*.rpmnew=00;90:*.rpmorig=00;90:*.rpmsave=00;90:*.swp=00;90:*.tmp=00;90:*.ucf-dist=00;90:*.ucf-new=00;90:*.ucf-old=00;90:", "LANG=en_US.UTF-8", "LESSCLOSE=/usr/bin/lesspipe %s %s", "SSH_CONNECTION=100.95.84.5 50454 100.82.112.7 22", "TMUX_PANE=%2", "LESSOPEN=| /usr/bin/lesspipe %s", "JULIA_PKG_PRECOMPILE_AUTO=0", "XDG_DATA_DIRS=/usr/share/gnome:/usr/local/share:/usr/share:/var/lib/snapd/desktop", "XDG_SESSION_ID=1677", "PATH=/home/ian/.juliaup/bin:/home/ian/.local/bin:/usr/local/sbin:/usr/local/bin:/usr/sbin:/usr/bin:/sbin:/bin:/usr/games:/usr/local/games:/snap/bin", "SSH_TTY=/dev/pts/1", "LOGNAME=ian", "TERM_PROGRAM_VERSION=3.4", "HUSHLOGIN=FALSE", "XDG_SESSION_TYPE=tty", "DEBUGINFOD_URLS=https://debuginfod.ubuntu.com ", "PWD", "OPENBLAS_DEFAULT_NUM_THREADS=1", "REMOTEHOST=100.104.183.53", "HOME=/home/ian", "JULIA_NUM_THREADS=1", "JULIA_PRECOMP_REPORT_TIMING=1", "DBUS_SESSION_BUS_ADDRESS=unix:path=/run/user/1000/bus", "XDG_SESSION_CLASS=user"]): no such file or directory (ENOENT)
Many shells expand '~' to the home directory in unquoted strings. To replicate this behavior, call `expanduser` to expand the '~' character to the user’s home directory.

MuladdMacro 
IOError: could not spawn setenv(`/home/ian/.julia/juliaup/julia-pr62725/bin/julia -C native -J/home/ian/.julia/juliaup/julia-pr62725/lib/julia/sys.so -g1 --startup-file=no --compiled-modules=strict --output-o /tmp/julia-ttfx-depot/compiled/v1.14/MuladdMacro/jl_Lt6zKr --output-ji /tmp/julia-ttfx-depot/compiled/v1.14/MuladdMacro/jl_LTO2zS --output-incremental=yes --startup-file=no --history-file=no --warn-overwrite=yes --color=auto -`,["TERM=tmux-256color", "TTFX_DEPOT_PATH=/tmp/julia-ttfx-depot", "OPENBLAS_NUM_THREADS=1", "OPENBLAS_MAIN_FREE=1", "SHELL=/bin/bash", "SSH_CLIENT=100.104.183.53 58167 22", "JULIA_DEPOT_PATH=/tmp/julia-ttfx-depot:", "OLDPWD=/home/ian/Documents/GitHub/julia", "TMUX=/tmp/tmux-1000/default,1292951,2", "LC_TERMINAL_VERSION=3.6.11", "XDG_RUNTIME_DIR=/run/user/1000", "JULIA_PRECOMPILE_JOBSERVER=/jl_pc_3749826_1", "USER=ian", "LC_TERMINAL=iTerm2", "SHLVL=2", "MAIL=/var/mail/ian", "TERM_PROGRAM=tmux", "LD_LIBRARY_PATH=/usr/local/cuda/lib64:", "_=/home/ian/.juliaup/bin/julia", "LS_COLORS=rs=0:di=01;34:ln=01;36:mh=00:pi=40;33:so=01;35:do=01;35:bd=40;33;01:cd=40;33;01:or=40;31;01:mi=00:su=37;41:sg=30;43:ca=00:tw=30;42:ow=34;42:st=37;44:ex=01;32:*.tar=01;31:*.tgz=01;31:*.arc=01;31:*.arj=01;31:*.taz=01;31:*.lha=01;31:*.lz4=01;31:*.lzh=01;31:*.lzma=01;31:*.tlz=01;31:*.txz=01;31:*.tzo=01;31:*.t7z=01;31:*.zip=01;31:*.z=01;31:*.dz=01;31:*.gz=01;31:*.lrz=01;31:*.lz=01;31:*.lzo=01;31:*.xz=01;31:*.zst=01;31:*.tzst=01;31:*.bz2=01;31:*.bz=01;31:*.tbz=01;31:*.tbz2=01;31:*.tz=01;31:*.deb=01;31:*.rpm=01;31:*.jar=01;31:*.war=01;31:*.ear=01;31:*.sar=01;31:*.rar=01;31:*.alz=01;31:*.ace=01;31:*.zoo=01;31:*.cpio=01;31:*.7z=01;31:*.rz=01;31:*.cab=01;31:*.wim=01;31:*.swm=01;31:*.dwm=01;31:*.esd=01;31:*.avif=01;35:*.jpg=01;35:*.jpeg=01;35:*.mjpg=01;35:*.mjpeg=01;35:*.gif=01;35:*.bmp=01;35:*.pbm=01;35:*.pgm=01;35:*.ppm=01;35:*.tga=01;35:*.xbm=01;35:*.xpm=01;35:*.tif=01;35:*.tiff=01;35:*.png=01;35:*.svg=01;35:*.svgz=01;35:*.mng=01;35:*.pcx=01;35:*.mov=01;35:*.mpg=01;35:*.mpeg=01;35:*.m2v=01;35:*.mkv=01;35:*.webm=01;35:*.webp=01;35:*.ogm=01;35:*.mp4=01;35:*.m4v=01;35:*.mp4v=01;35:*.vob=01;35:*.qt=01;35:*.nuv=01;35:*.wmv=01;35:*.asf=01;35:*.rm=01;35:*.rmvb=01;35:*.flc=01;35:*.avi=01;35:*.fli=01;35:*.flv=01;35:*.gl=01;35:*.dl=01;35:*.xcf=01;35:*.xwd=01;35:*.yuv=01;35:*.cgm=01;35:*.emf=01;35:*.ogv=01;35:*.ogx=01;35:*.aac=00;36:*.au=00;36:*.flac=00;36:*.m4a=00;36:*.mid=00;36:*.midi=00;36:*.mka=00;36:*.mp3=00;36:*.mpc=00;36:*.ogg=00;36:*.ra=00;36:*.wav=00;36:*.oga=00;36:*.opus=00;36:*.spx=00;36:*.xspf=00;36:*~=00;90:*#=00;90:*.bak=00;90:*.crdownload=00;90:*.dpkg-dist=00;90:*.dpkg-new=00;90:*.dpkg-old=00;90:*.dpkg-tmp=00;90:*.old=00;90:*.orig=00;90:*.part=00;90:*.rej=00;90:*.rpmnew=00;90:*.rpmorig=00;90:*.rpmsave=00;90:*.swp=00;90:*.tmp=00;90:*.ucf-dist=00;90:*.ucf-new=00;90:*.ucf-old=00;90:", "LANG=en_US.UTF-8", "LESSCLOSE=/usr/bin/lesspipe %s %s", "SSH_CONNECTION=100.95.84.5 50454 100.82.112.7 22", "TMUX_PANE=%2", "LESSOPEN=| /usr/bin/lesspipe %s", "JULIA_PKG_PRECOMPILE_AUTO=0", "XDG_DATA_DIRS=/usr/share/gnome:/usr/local/share:/usr/share:/var/lib/snapd/desktop", "XDG_SESSION_ID=1677", "PATH=/home/ian/.juliaup/bin:/home/ian/.local/bin:/usr/local/sbin:/usr/local/bin:/usr/sbin:/usr/bin:/sbin:/bin:/usr/games:/usr/local/games:/snap/bin", "SSH_TTY=/dev/pts/1", "LOGNAME=ian", "TERM_PROGRAM_VERSION=3.4", "HUSHLOGIN=FALSE", "XDG_SESSION_TYPE=tty", "DEBUGINFOD_URLS=https://debuginfod.ubuntu.com ", "PWD", "OPENBLAS_DEFAULT_NUM_THREADS=1", "REMOTEHOST=100.104.183.53", "HOME=/home/ian", "JULIA_NUM_THREADS=1", "JULIA_PRECOMP_REPORT_TIMING=1", "DBUS_SESSION_BUS_ADDRESS=unix:path=/run/user/1000/bus", "XDG_SESSION_CLASS=user"]): no such file or directory (ENOENT)
Many shells expand '~' to the home directory in unquoted strings. To replicate this behavior, call `expanduser` to expand the '~' character to the user’s home directory.

SciMLBase → SciMLBaseDifferentiationInterfaceExt 
Failed to precompile SciMLBaseDifferentiationInterfaceExt [aa531457-b324-55cf-9ab8-978cd90c7232] to "/tmp/julia-ttfx-depot/compiled/v1.14/SciMLBaseDifferentiationInterfaceExt/jl_gnmQub" (ProcessExited(1)).

ArrayInterface → ArrayInterfaceGPUArraysCoreExt 
IOError: could not spawn setenv(`/home/ian/.julia/juliaup/julia-pr62725/bin/julia -C native -J/home/ian/.julia/juliaup/julia-pr62725/lib/julia/sys.so -g1 --startup-file=no --compiled-modules=strict --output-o /tmp/julia-ttfx-depot/compiled/v1.14/ArrayInterfaceGPUArraysCoreExt/jl_qD7Kve --output-ji /tmp/julia-ttfx-depot/compiled/v1.14/ArrayInterfaceGPUArraysCoreExt/jl_HswCET --output-incremental=yes --startup-file=no --history-file=no --warn-overwrite=yes --color=auto -`,["TERM=tmux-256color", "TTFX_DEPOT_PATH=/tmp/julia-ttfx-depot", "OPENBLAS_NUM_THREADS=1", "OPENBLAS_MAIN_FREE=1", "SHELL=/bin/bash", "SSH_CLIENT=100.104.183.53 58167 22", "JULIA_DEPOT_PATH=/tmp/julia-ttfx-depot:", "OLDPWD=/home/ian/Documents/GitHub/julia", "TMUX=/tmp/tmux-1000/default,1292951,2", "LC_TERMINAL_VERSION=3.6.11", "XDG_RUNTIME_DIR=/run/user/1000", "JULIA_PRECOMPILE_JOBSERVER=/jl_pc_3749826_1", "USER=ian", "LC_TERMINAL=iTerm2", "SHLVL=2", "MAIL=/var/mail/ian", "TERM_PROGRAM=tmux", "LD_LIBRARY_PATH=/usr/local/cuda/lib64:", "_=/home/ian/.juliaup/bin/julia", "LS_COLORS=rs=0:di=01;34:ln=01;36:mh=00:pi=40;33:so=01;35:do=01;35:bd=40;33;01:cd=40;33;01:or=40;31;01:mi=00:su=37;41:sg=30;43:ca=00:tw=30;42:ow=34;42:st=37;44:ex=01;32:*.tar=01;31:*.tgz=01;31:*.arc=01;31:*.arj=01;31:*.taz=01;31:*.lha=01;31:*.lz4=01;31:*.lzh=01;31:*.lzma=01;31:*.tlz=01;31:*.txz=01;31:*.tzo=01;31:*.t7z=01;31:*.zip=01;31:*.z=01;31:*.dz=01;31:*.gz=01;31:*.lrz=01;31:*.lz=01;31:*.lzo=01;31:*.xz=01;31:*.zst=01;31:*.tzst=01;31:*.bz2=01;31:*.bz=01;31:*.tbz=01;31:*.tbz2=01;31:*.tz=01;31:*.deb=01;31:*.rpm=01;31:*.jar=01;31:*.war=01;31:*.ear=01;31:*.sar=01;31:*.rar=01;31:*.alz=01;31:*.ace=01;31:*.zoo=01;31:*.cpio=01;31:*.7z=01;31:*.rz=01;31:*.cab=01;31:*.wim=01;31:*.swm=01;31:*.dwm=01;31:*.esd=01;31:*.avif=01;35:*.jpg=01;35:*.jpeg=01;35:*.mjpg=01;35:*.mjpeg=01;35:*.gif=01;35:*.bmp=01;35:*.pbm=01;35:*.pgm=01;35:*.ppm=01;35:*.tga=01;35:*.xbm=01;35:*.xpm=01;35:*.tif=01;35:*.tiff=01;35:*.png=01;35:*.svg=01;35:*.svgz=01;35:*.mng=01;35:*.pcx=01;35:*.mov=01;35:*.mpg=01;35:*.mpeg=01;35:*.m2v=01;35:*.mkv=01;35:*.webm=01;35:*.webp=01;35:*.ogm=01;35:*.mp4=01;35:*.m4v=01;35:*.mp4v=01;35:*.vob=01;35:*.qt=01;35:*.nuv=01;35:*.wmv=01;35:*.asf=01;35:*.rm=01;35:*.rmvb=01;35:*.flc=01;35:*.avi=01;35:*.fli=01;35:*.flv=01;35:*.gl=01;35:*.dl=01;35:*.xcf=01;35:*.xwd=01;35:*.yuv=01;35:*.cgm=01;35:*.emf=01;35:*.ogv=01;35:*.ogx=01;35:*.aac=00;36:*.au=00;36:*.flac=00;36:*.m4a=00;36:*.mid=00;36:*.midi=00;36:*.mka=00;36:*.mp3=00;36:*.mpc=00;36:*.ogg=00;36:*.ra=00;36:*.wav=00;36:*.oga=00;36:*.opus=00;36:*.spx=00;36:*.xspf=00;36:*~=00;90:*#=00;90:*.bak=00;90:*.crdownload=00;90:*.dpkg-dist=00;90:*.dpkg-new=00;90:*.dpkg-old=00;90:*.dpkg-tmp=00;90:*.old=00;90:*.orig=00;90:*.part=00;90:*.rej=00;90:*.rpmnew=00;90:*.rpmorig=00;90:*.rpmsave=00;90:*.swp=00;90:*.tmp=00;90:*.ucf-dist=00;90:*.ucf-new=00;90:*.ucf-old=00;90:", "LANG=en_US.UTF-8", "LESSCLOSE=/usr/bin/lesspipe %s %s", "SSH_CONNECTION=100.95.84.5 50454 100.82.112.7 22", "TMUX_PANE=%2", "LESSOPEN=| /usr/bin/lesspipe %s", "JULIA_PKG_PRECOMPILE_AUTO=0", "XDG_DATA_DIRS=/usr/share/gnome:/usr/local/share:/usr/share:/var/lib/snapd/desktop", "XDG_SESSION_ID=1677", "PATH=/home/ian/.juliaup/bin:/home/ian/.local/bin:/usr/local/sbin:/usr/local/bin:/usr/sbin:/usr/bin:/sbin:/bin:/usr/games:/usr/local/games:/snap/bin", "SSH_TTY=/dev/pts/1", "LOGNAME=ian", "TERM_PROGRAM_VERSION=3.4", "HUSHLOGIN=FALSE", "XDG_SESSION_TYPE=tty", "DEBUGINFOD_URLS=https://debuginfod.ubuntu.com ", "PWD", "OPENBLAS_DEFAULT_NUM_THREADS=1", "REMOTEHOST=100.104.183.53", "HOME=/home/ian", "JULIA_NUM_THREADS=1", "JULIA_PRECOMP_REPORT_TIMING=1", "DBUS_SESSION_BUS_ADDRESS=unix:path=/run/user/1000/bus", "XDG_SESSION_CLASS=user"]): no such file or directory (ENOENT)
Many shells expand '~' to the home directory in unquoted strings. To replicate this behavior, call `expanduser` to expand the '~' character to the user’s home directory.

SciMLBase 
Failed to precompile SciMLBase [0bca4576-84f4-4d90-8ffe-ffa030f20462] to "/tmp/julia-ttfx-depot/compiled/v1.14/SciMLBase/jl_sVlbtA" (ProcessExited(1)).

DSP 
Failed to precompile DSP [717857b8-e6f2-59f4-9121-6e50c889abd2] to "/tmp/julia-ttfx-depot/compiled/v1.14/DSP/jl_6cE7iM" (ProcessExited(1)).

BlackBoxOptim 
Failed to precompile BlackBoxOptim [a134a8b2-14d6-55f6-9291-3336d3ab0209] to "/tmp/julia-ttfx-depot/compiled/v1.14/BlackBoxOptim/jl_CLvvL2" (ProcessExited(1)).

DiffEqBase → DiffEqBaseForwardDiffExt 
Failed to precompile DiffEqBaseForwardDiffExt [ea0c3bd8-58df-5e31-bbc9-355b6b30111c] to "/tmp/julia-ttfx-depot/compiled/v1.14/DiffEqBaseForwardDiffExt/jl_1D4jiZ" (ProcessExited(1)).

FastBroadcast 
IOError: could not spawn setenv(`/home/ian/.julia/juliaup/julia-pr62725/bin/julia -C native -J/home/ian/.julia/juliaup/julia-pr62725/lib/julia/sys.so -g1 --startup-file=no --compiled-modules=strict --output-o /tmp/julia-ttfx-depot/compiled/v1.14/FastBroadcast/jl_fBWkNJ --output-ji /tmp/julia-ttfx-depot/compiled/v1.14/FastBroadcast/jl_qUhA3P --output-incremental=yes --startup-file=no --history-file=no --warn-overwrite=yes --color=auto -`,["TERM=tmux-256color", "TTFX_DEPOT_PATH=/tmp/julia-ttfx-depot", "OPENBLAS_NUM_THREADS=1", "OPENBLAS_MAIN_FREE=1", "SHELL=/bin/bash", "SSH_CLIENT=100.104.183.53 58167 22", "JULIA_DEPOT_PATH=/tmp/julia-ttfx-depot:", "OLDPWD=/home/ian/Documents/GitHub/julia", "TMUX=/tmp/tmux-1000/default,1292951,2", "LC_TERMINAL_VERSION=3.6.11", "XDG_RUNTIME_DIR=/run/user/1000", "JULIA_PRECOMPILE_JOBSERVER=/jl_pc_3749826_1", "USER=ian", "LC_TERMINAL=iTerm2", "SHLVL=2", "MAIL=/var/mail/ian", "TERM_PROGRAM=tmux", "LD_LIBRARY_PATH=/usr/local/cuda/lib64:", "_=/home/ian/.juliaup/bin/julia", "LS_COLORS=rs=0:di=01;34:ln=01;36:mh=00:pi=40;33:so=01;35:do=01;35:bd=40;33;01:cd=40;33;01:or=40;31;01:mi=00:su=37;41:sg=30;43:ca=00:tw=30;42:ow=34;42:st=37;44:ex=01;32:*.tar=01;31:*.tgz=01;31:*.arc=01;31:*.arj=01;31:*.taz=01;31:*.lha=01;31:*.lz4=01;31:*.lzh=01;31:*.lzma=01;31:*.tlz=01;31:*.txz=01;31:*.tzo=01;31:*.t7z=01;31:*.zip=01;31:*.z=01;31:*.dz=01;31:*.gz=01;31:*.lrz=01;31:*.lz=01;31:*.lzo=01;31:*.xz=01;31:*.zst=01;31:*.tzst=01;31:*.bz2=01;31:*.bz=01;31:*.tbz=01;31:*.tbz2=01;31:*.tz=01;31:*.deb=01;31:*.rpm=01;31:*.jar=01;31:*.war=01;31:*.ear=01;31:*.sar=01;31:*.rar=01;31:*.alz=01;31:*.ace=01;31:*.zoo=01;31:*.cpio=01;31:*.7z=01;31:*.rz=01;31:*.cab=01;31:*.wim=01;31:*.swm=01;31:*.dwm=01;31:*.esd=01;31:*.avif=01;35:*.jpg=01;35:*.jpeg=01;35:*.mjpg=01;35:*.mjpeg=01;35:*.gif=01;35:*.bmp=01;35:*.pbm=01;35:*.pgm=01;35:*.ppm=01;35:*.tga=01;35:*.xbm=01;35:*.xpm=01;35:*.tif=01;35:*.tiff=01;35:*.png=01;35:*.svg=01;35:*.svgz=01;35:*.mng=01;35:*.pcx=01;35:*.mov=01;35:*.mpg=01;35:*.mpeg=01;35:*.m2v=01;35:*.mkv=01;35:*.webm=01;35:*.webp=01;35:*.ogm=01;35:*.mp4=01;35:*.m4v=01;35:*.mp4v=01;35:*.vob=01;35:*.qt=01;35:*.nuv=01;35:*.wmv=01;35:*.asf=01;35:*.rm=01;35:*.rmvb=01;35:*.flc=01;35:*.avi=01;35:*.fli=01;35:*.flv=01;35:*.gl=01;35:*.dl=01;35:*.xcf=01;35:*.xwd=01;35:*.yuv=01;35:*.cgm=01;35:*.emf=01;35:*.ogv=01;35:*.ogx=01;35:*.aac=00;36:*.au=00;36:*.flac=00;36:*.m4a=00;36:*.mid=00;36:*.midi=00;36:*.mka=00;36:*.mp3=00;36:*.mpc=00;36:*.ogg=00;36:*.ra=00;36:*.wav=00;36:*.oga=00;36:*.opus=00;36:*.spx=00;36:*.xspf=00;36:*~=00;90:*#=00;90:*.bak=00;90:*.crdownload=00;90:*.dpkg-dist=00;90:*.dpkg-new=00;90:*.dpkg-old=00;90:*.dpkg-tmp=00;90:*.old=00;90:*.orig=00;90:*.part=00;90:*.rej=00;90:*.rpmnew=00;90:*.rpmorig=00;90:*.rpmsave=00;90:*.swp=00;90:*.tmp=00;90:*.ucf-dist=00;90:*.ucf-new=00;90:*.ucf-old=00;90:", "LANG=en_US.UTF-8", "LESSCLOSE=/usr/bin/lesspipe %s %s", "SSH_CONNECTION=100.95.84.5 50454 100.82.112.7 22", "TMUX_PANE=%2", "LESSOPEN=| /usr/bin/lesspipe %s", "JULIA_PKG_PRECOMPILE_AUTO=0", "XDG_DATA_DIRS=/usr/share/gnome:/usr/local/share:/usr/share:/var/lib/snapd/desktop", "XDG_SESSION_ID=1677", "PATH=/home/ian/.juliaup/bin:/home/ian/.local/bin:/usr/local/sbin:/usr/local/bin:/usr/sbin:/usr/bin:/sbin:/bin:/usr/games:/usr/local/games:/snap/bin", "SSH_TTY=/dev/pts/1", "LOGNAME=ian", "TERM_PROGRAM_VERSION=3.4", "HUSHLOGIN=FALSE", "XDG_SESSION_TYPE=tty", "DEBUGINFOD_URLS=https://debuginfod.ubuntu.com ", "PWD", "OPENBLAS_DEFAULT_NUM_THREADS=1", "REMOTEHOST=100.104.183.53", "HOME=/home/ian", "JULIA_NUM_THREADS=1", "JULIA_PRECOMP_REPORT_TIMING=1", "DBUS_SESSION_BUS_ADDRESS=unix:path=/run/user/1000/bus", "XDG_SESSION_CLASS=user"]): no such file or directory (ENOENT)
Many shells expand '~' to the home directory in unquoted strings. To replicate this behavior, call `expanduser` to expand the '~' character to the user’s home directory.

RecursiveArrayTools → RecursiveArrayToolsStatisticsExt 
IOError: could not spawn setenv(`/home/ian/.julia/juliaup/julia-pr62725/bin/julia -C native -J/home/ian/.julia/juliaup/julia-pr62725/lib/julia/sys.so -g1 --startup-file=no --compiled-modules=strict --output-o /tmp/julia-ttfx-depot/compiled/v1.14/RecursiveArrayToolsStatisticsExt/jl_tTOSbV --output-ji /tmp/julia-ttfx-depot/compiled/v1.14/RecursiveArrayToolsStatisticsExt/jl_4FLRGK --output-incremental=yes --startup-file=no --history-file=no --warn-overwrite=yes --color=auto -`,["TERM=tmux-256color", "TTFX_DEPOT_PATH=/tmp/julia-ttfx-depot", "OPENBLAS_NUM_THREADS=1", "OPENBLAS_MAIN_FREE=1", "SHELL=/bin/bash", "SSH_CLIENT=100.104.183.53 58167 22", "JULIA_DEPOT_PATH=/tmp/julia-ttfx-depot:", "OLDPWD=/home/ian/Documents/GitHub/julia", "TMUX=/tmp/tmux-1000/default,1292951,2", "LC_TERMINAL_VERSION=3.6.11", "XDG_RUNTIME_DIR=/run/user/1000", "JULIA_PRECOMPILE_JOBSERVER=/jl_pc_3749826_1", "USER=ian", "LC_TERMINAL=iTerm2", "SHLVL=2", "MAIL=/var/mail/ian", "TERM_PROGRAM=tmux", "LD_LIBRARY_PATH=/usr/local/cuda/lib64:", "_=/home/ian/.juliaup/bin/julia", "LS_COLORS=rs=0:di=01;34:ln=01;36:mh=00:pi=40;33:so=01;35:do=01;35:bd=40;33;01:cd=40;33;01:or=40;31;01:mi=00:su=37;41:sg=30;43:ca=00:tw=30;42:ow=34;42:st=37;44:ex=01;32:*.tar=01;31:*.tgz=01;31:*.arc=01;31:*.arj=01;31:*.taz=01;31:*.lha=01;31:*.lz4=01;31:*.lzh=01;31:*.lzma=01;31:*.tlz=01;31:*.txz=01;31:*.tzo=01;31:*.t7z=01;31:*.zip=01;31:*.z=01;31:*.dz=01;31:*.gz=01;31:*.lrz=01;31:*.lz=01;31:*.lzo=01;31:*.xz=01;31:*.zst=01;31:*.tzst=01;31:*.bz2=01;31:*.bz=01;31:*.tbz=01;31:*.tbz2=01;31:*.tz=01;31:*.deb=01;31:*.rpm=01;31:*.jar=01;31:*.war=01;31:*.ear=01;31:*.sar=01;31:*.rar=01;31:*.alz=01;31:*.ace=01;31:*.zoo=01;31:*.cpio=01;31:*.7z=01;31:*.rz=01;31:*.cab=01;31:*.wim=01;31:*.swm=01;31:*.dwm=01;31:*.esd=01;31:*.avif=01;35:*.jpg=01;35:*.jpeg=01;35:*.mjpg=01;35:*.mjpeg=01;35:*.gif=01;35:*.bmp=01;35:*.pbm=01;35:*.pgm=01;35:*.ppm=01;35:*.tga=01;35:*.xbm=01;35:*.xpm=01;35:*.tif=01;35:*.tiff=01;35:*.png=01;35:*.svg=01;35:*.svgz=01;35:*.mng=01;35:*.pcx=01;35:*.mov=01;35:*.mpg=01;35:*.mpeg=01;35:*.m2v=01;35:*.mkv=01;35:*.webm=01;35:*.webp=01;35:*.ogm=01;35:*.mp4=01;35:*.m4v=01;35:*.mp4v=01;35:*.vob=01;35:*.qt=01;35:*.nuv=01;35:*.wmv=01;35:*.asf=01;35:*.rm=01;35:*.rmvb=01;35:*.flc=01;35:*.avi=01;35:*.fli=01;35:*.flv=01;35:*.gl=01;35:*.dl=01;35:*.xcf=01;35:*.xwd=01;35:*.yuv=01;35:*.cgm=01;35:*.emf=01;35:*.ogv=01;35:*.ogx=01;35:*.aac=00;36:*.au=00;36:*.flac=00;36:*.m4a=00;36:*.mid=00;36:*.midi=00;36:*.mka=00;36:*.mp3=00;36:*.mpc=00;36:*.ogg=00;36:*.ra=00;36:*.wav=00;36:*.oga=00;36:*.opus=00;36:*.spx=00;36:*.xspf=00;36:*~=00;90:*#=00;90:*.bak=00;90:*.crdownload=00;90:*.dpkg-dist=00;90:*.dpkg-new=00;90:*.dpkg-old=00;90:*.dpkg-tmp=00;90:*.old=00;90:*.orig=00;90:*.part=00;90:*.rej=00;90:*.rpmnew=00;90:*.rpmorig=00;90:*.rpmsave=00;90:*.swp=00;90:*.tmp=00;90:*.ucf-dist=00;90:*.ucf-new=00;90:*.ucf-old=00;90:", "LANG=en_US.UTF-8", "LESSCLOSE=/usr/bin/lesspipe %s %s", "SSH_CONNECTION=100.95.84.5 50454 100.82.112.7 22", "TMUX_PANE=%2", "LESSOPEN=| /usr/bin/lesspipe %s", "JULIA_PKG_PRECOMPILE_AUTO=0", "XDG_DATA_DIRS=/usr/share/gnome:/usr/local/share:/usr/share:/var/lib/snapd/desktop", "XDG_SESSION_ID=1677", "PATH=/home/ian/.juliaup/bin:/home/ian/.local/bin:/usr/local/sbin:/usr/local/bin:/usr/sbin:/usr/bin:/sbin:/bin:/usr/games:/usr/local/games:/snap/bin", "SSH_TTY=/dev/pts/1", "LOGNAME=ian", "TERM_PROGRAM_VERSION=3.4", "HUSHLOGIN=FALSE", "XDG_SESSION_TYPE=tty", "DEBUGINFOD_URLS=https://debuginfod.ubuntu.com ", "PWD", "OPENBLAS_DEFAULT_NUM_THREADS=1", "REMOTEHOST=100.104.183.53", "HOME=/home/ian", "JULIA_NUM_THREADS=1", "JULIA_PRECOMP_REPORT_TIMING=1", "DBUS_SESSION_BUS_ADDRESS=unix:path=/run/user/1000/bus", "XDG_SESSION_CLASS=user"]): no such file or directory (ENOENT)
Many shells expand '~' to the home directory in unquoted strings. To replicate this behavior, call `expanduser` to expand the '~' character to the user’s home directory.

CompositionsBase 
IOError: could not spawn setenv(`/home/ian/.julia/juliaup/julia-pr62725/bin/julia -C native -J/home/ian/.julia/juliaup/julia-pr62725/lib/julia/sys.so -g1 --startup-file=no --output-o /tmp/julia-ttfx-depot/compiled/v1.14/CompositionsBase/jl_S43nno --output-ji /tmp/julia-ttfx-depot/compiled/v1.14/CompositionsBase/jl_8D2kAg --output-incremental=yes --startup-file=no --history-file=no --warn-overwrite=yes --color=auto -`,["TERM=tmux-256color", "TTFX_DEPOT_PATH=/tmp/julia-ttfx-depot", "OPENBLAS_NUM_THREADS=1", "OPENBLAS_MAIN_FREE=1", "SHELL=/bin/bash", "SSH_CLIENT=100.104.183.53 58167 22", "JULIA_DEPOT_PATH=/tmp/julia-ttfx-depot:", "OLDPWD=/home/ian/Documents/GitHub/julia", "TMUX=/tmp/tmux-1000/default,1292951,2", "LC_TERMINAL_VERSION=3.6.11", "XDG_RUNTIME_DIR=/run/user/1000", "JULIA_PRECOMPILE_JOBSERVER=/jl_pc_3749826_1", "USER=ian", "LC_TERMINAL=iTerm2", "SHLVL=2", "MAIL=/var/mail/ian", "TERM_PROGRAM=tmux", "LD_LIBRARY_PATH=/usr/local/cuda/lib64:", "_=/home/ian/.juliaup/bin/julia", "LS_COLORS=rs=0:di=01;34:ln=01;36:mh=00:pi=40;33:so=01;35:do=01;35:bd=40;33;01:cd=40;33;01:or=40;31;01:mi=00:su=37;41:sg=30;43:ca=00:tw=30;42:ow=34;42:st=37;44:ex=01;32:*.tar=01;31:*.tgz=01;31:*.arc=01;31:*.arj=01;31:*.taz=01;31:*.lha=01;31:*.lz4=01;31:*.lzh=01;31:*.lzma=01;31:*.tlz=01;31:*.txz=01;31:*.tzo=01;31:*.t7z=01;31:*.zip=01;31:*.z=01;31:*.dz=01;31:*.gz=01;31:*.lrz=01;31:*.lz=01;31:*.lzo=01;31:*.xz=01;31:*.zst=01;31:*.tzst=01;31:*.bz2=01;31:*.bz=01;31:*.tbz=01;31:*.tbz2=01;31:*.tz=01;31:*.deb=01;31:*.rpm=01;31:*.jar=01;31:*.war=01;31:*.ear=01;31:*.sar=01;31:*.rar=01;31:*.alz=01;31:*.ace=01;31:*.zoo=01;31:*.cpio=01;31:*.7z=01;31:*.rz=01;31:*.cab=01;31:*.wim=01;31:*.swm=01;31:*.dwm=01;31:*.esd=01;31:*.avif=01;35:*.jpg=01;35:*.jpeg=01;35:*.mjpg=01;35:*.mjpeg=01;35:*.gif=01;35:*.bmp=01;35:*.pbm=01;35:*.pgm=01;35:*.ppm=01;35:*.tga=01;35:*.xbm=01;35:*.xpm=01;35:*.tif=01;35:*.tiff=01;35:*.png=01;35:*.svg=01;35:*.svgz=01;35:*.mng=01;35:*.pcx=01;35:*.mov=01;35:*.mpg=01;35:*.mpeg=01;35:*.m2v=01;35:*.mkv=01;35:*.webm=01;35:*.webp=01;35:*.ogm=01;35:*.mp4=01;35:*.m4v=01;35:*.mp4v=01;35:*.vob=01;35:*.qt=01;35:*.nuv=01;35:*.wmv=01;35:*.asf=01;35:*.rm=01;35:*.rmvb=01;35:*.flc=01;35:*.avi=01;35:*.fli=01;35:*.flv=01;35:*.gl=01;35:*.dl=01;35:*.xcf=01;35:*.xwd=01;35:*.yuv=01;35:*.cgm=01;35:*.emf=01;35:*.ogv=01;35:*.ogx=01;35:*.aac=00;36:*.au=00;36:*.flac=00;36:*.m4a=00;36:*.mid=00;36:*.midi=00;36:*.mka=00;36:*.mp3=00;36:*.mpc=00;36:*.ogg=00;36:*.ra=00;36:*.wav=00;36:*.oga=00;36:*.opus=00;36:*.spx=00;36:*.xspf=00;36:*~=00;90:*#=00;90:*.bak=00;90:*.crdownload=00;90:*.dpkg-dist=00;90:*.dpkg-new=00;90:*.dpkg-old=00;90:*.dpkg-tmp=00;90:*.old=00;90:*.orig=00;90:*.part=00;90:*.rej=00;90:*.rpmnew=00;90:*.rpmorig=00;90:*.rpmsave=00;90:*.swp=00;90:*.tmp=00;90:*.ucf-dist=00;90:*.ucf-new=00;90:*.ucf-old=00;90:", "LANG=en_US.UTF-8", "LESSCLOSE=/usr/bin/lesspipe %s %s", "SSH_CONNECTION=100.95.84.5 50454 100.82.112.7 22", "TMUX_PANE=%2", "LESSOPEN=| /usr/bin/lesspipe %s", "JULIA_PKG_PRECOMPILE_AUTO=0", "XDG_DATA_DIRS=/usr/share/gnome:/usr/local/share:/usr/share:/var/lib/snapd/desktop", "XDG_SESSION_ID=1677", "PATH=/home/ian/.juliaup/bin:/home/ian/.local/bin:/usr/local/sbin:/usr/local/bin:/usr/sbin:/usr/bin:/sbin:/bin:/usr/games:/usr/local/games:/snap/bin", "SSH_TTY=/dev/pts/1", "LOGNAME=ian", "TERM_PROGRAM_VERSION=3.4", "HUSHLOGIN=FALSE", "XDG_SESSION_TYPE=tty", "DEBUGINFOD_URLS=https://debuginfod.ubuntu.com ", "PWD", "OPENBLAS_DEFAULT_NUM_THREADS=1", "REMOTEHOST=100.104.183.53", "HOME=/home/ian", "JULIA_NUM_THREADS=1", "JULIA_PRECOMP_REPORT_TIMING=1", "DBUS_SESSION_BUS_ADDRESS=unix:path=/run/user/1000/bus", "XDG_SESSION_CLASS=user"]): no such file or directory (ENOENT)
Many shells expand '~' to the home directory in unquoted strings. To replicate this behavior, call `expanduser` to expand the '~' character to the user’s home directory.

SymbolicIndexingInterface → SymbolicIndexingInterfacePrettyTablesExt 
Failed to precompile SymbolicIndexingInterfacePrettyTablesExt [c8d11578-f0e4-5dc2-be87-428eb3027452] to "/tmp/julia-ttfx-depot/compiled/v1.14/SymbolicIndexingInterfacePrettyTablesExt/jl_nwrAla" (ProcessExited(1)).

MaybeInplace 
IOError: could not spawn setenv(`/home/ian/.julia/juliaup/julia-pr62725/bin/julia -C native -J/home/ian/.julia/juliaup/julia-pr62725/lib/julia/sys.so -g1 --startup-file=no --compiled-modules=strict --output-o /tmp/julia-ttfx-depot/compiled/v1.14/MaybeInplace/jl_40ExCn --output-ji /tmp/julia-ttfx-depot/compiled/v1.14/MaybeInplace/jl_pJEHVn --output-incremental=yes --startup-file=no --history-file=no --warn-overwrite=yes --color=auto -`,["TERM=tmux-256color", "TTFX_DEPOT_PATH=/tmp/julia-ttfx-depot", "OPENBLAS_NUM_THREADS=1", "OPENBLAS_MAIN_FREE=1", "SHELL=/bin/bash", "SSH_CLIENT=100.104.183.53 58167 22", "JULIA_DEPOT_PATH=/tmp/julia-ttfx-depot:", "OLDPWD=/home/ian/Documents/GitHub/julia", "TMUX=/tmp/tmux-1000/default,1292951,2", "LC_TERMINAL_VERSION=3.6.11", "XDG_RUNTIME_DIR=/run/user/1000", "JULIA_PRECOMPILE_JOBSERVER=/jl_pc_3749826_1", "USER=ian", "LC_TERMINAL=iTerm2", "SHLVL=2", "MAIL=/var/mail/ian", "TERM_PROGRAM=tmux", "LD_LIBRARY_PATH=/usr/local/cuda/lib64:", "_=/home/ian/.juliaup/bin/julia", "LS_COLORS=rs=0:di=01;34:ln=01;36:mh=00:pi=40;33:so=01;35:do=01;35:bd=40;33;01:cd=40;33;01:or=40;31;01:mi=00:su=37;41:sg=30;43:ca=00:tw=30;42:ow=34;42:st=37;44:ex=01;32:*.tar=01;31:*.tgz=01;31:*.arc=01;31:*.arj=01;31:*.taz=01;31:*.lha=01;31:*.lz4=01;31:*.lzh=01;31:*.lzma=01;31:*.tlz=01;31:*.txz=01;31:*.tzo=01;31:*.t7z=01;31:*.zip=01;31:*.z=01;31:*.dz=01;31:*.gz=01;31:*.lrz=01;31:*.lz=01;31:*.lzo=01;31:*.xz=01;31:*.zst=01;31:*.tzst=01;31:*.bz2=01;31:*.bz=01;31:*.tbz=01;31:*.tbz2=01;31:*.tz=01;31:*.deb=01;31:*.rpm=01;31:*.jar=01;31:*.war=01;31:*.ear=01;31:*.sar=01;31:*.rar=01;31:*.alz=01;31:*.ace=01;31:*.zoo=01;31:*.cpio=01;31:*.7z=01;31:*.rz=01;31:*.cab=01;31:*.wim=01;31:*.swm=01;31:*.dwm=01;31:*.esd=01;31:*.avif=01;35:*.jpg=01;35:*.jpeg=01;35:*.mjpg=01;35:*.mjpeg=01;35:*.gif=01;35:*.bmp=01;35:*.pbm=01;35:*.pgm=01;35:*.ppm=01;35:*.tga=01;35:*.xbm=01;35:*.xpm=01;35:*.tif=01;35:*.tiff=01;35:*.png=01;35:*.svg=01;35:*.svgz=01;35:*.mng=01;35:*.pcx=01;35:*.mov=01;35:*.mpg=01;35:*.mpeg=01;35:*.m2v=01;35:*.mkv=01;35:*.webm=01;35:*.webp=01;35:*.ogm=01;35:*.mp4=01;35:*.m4v=01;35:*.mp4v=01;35:*.vob=01;35:*.qt=01;35:*.nuv=01;35:*.wmv=01;35:*.asf=01;35:*.rm=01;35:*.rmvb=01;35:*.flc=01;35:*.avi=01;35:*.fli=01;35:*.flv=01;35:*.gl=01;35:*.dl=01;35:*.xcf=01;35:*.xwd=01;35:*.yuv=01;35:*.cgm=01;35:*.emf=01;35:*.ogv=01;35:*.ogx=01;35:*.aac=00;36:*.au=00;36:*.flac=00;36:*.m4a=00;36:*.mid=00;36:*.midi=00;36:*.mka=00;36:*.mp3=00;36:*.mpc=00;36:*.ogg=00;36:*.ra=00;36:*.wav=00;36:*.oga=00;36:*.opus=00;36:*.spx=00;36:*.xspf=00;36:*~=00;90:*#=00;90:*.bak=00;90:*.crdownload=00;90:*.dpkg-dist=00;90:*.dpkg-new=00;90:*.dpkg-old=00;90:*.dpkg-tmp=00;90:*.old=00;90:*.orig=00;90:*.part=00;90:*.rej=00;90:*.rpmnew=00;90:*.rpmorig=00;90:*.rpmsave=00;90:*.swp=00;90:*.tmp=00;90:*.ucf-dist=00;90:*.ucf-new=00;90:*.ucf-old=00;90:", "LANG=en_US.UTF-8", "LESSCLOSE=/usr/bin/lesspipe %s %s", "SSH_CONNECTION=100.95.84.5 50454 100.82.112.7 22", "TMUX_PANE=%2", "LESSOPEN=| /usr/bin/lesspipe %s", "JULIA_PKG_PRECOMPILE_AUTO=0", "XDG_DATA_DIRS=/usr/share/gnome:/usr/local/share:/usr/share:/var/lib/snapd/desktop", "XDG_SESSION_ID=1677", "PATH=/home/ian/.juliaup/bin:/home/ian/.local/bin:/usr/local/sbin:/usr/local/bin:/usr/sbin:/usr/bin:/sbin:/bin:/usr/games:/usr/local/games:/snap/bin", "SSH_TTY=/dev/pts/1", "LOGNAME=ian", "TERM_PROGRAM_VERSION=3.4", "HUSHLOGIN=FALSE", "XDG_SESSION_TYPE=tty", "DEBUGINFOD_URLS=https://debuginfod.ubuntu.com ", "PWD", "OPENBLAS_DEFAULT_NUM_THREADS=1", "REMOTEHOST=100.104.183.53", "HOME=/home/ian", "JULIA_NUM_THREADS=1", "JULIA_PRECOMP_REPORT_TIMING=1", "DBUS_SESSION_BUS_ADDRESS=unix:path=/run/user/1000/bus", "XDG_SESSION_CLASS=user"]): no such file or directory (ENOENT)
Many shells expand '~' to the home directory in unquoted strings. To replicate this behavior, call `expanduser` to expand the '~' character to the user’s home directory.

Rmath_jll 
IOError: could not spawn setenv(`/home/ian/.julia/juliaup/julia-pr62725/bin/julia -C native -J/home/ian/.julia/juliaup/julia-pr62725/lib/julia/sys.so -g1 --startup-file=no --compiled-modules=strict --output-o /tmp/julia-ttfx-depot/compiled/v1.14/Rmath_jll/jl_DCqP3k --output-ji /tmp/julia-ttfx-depot/compiled/v1.14/Rmath_jll/jl_ydC9zX --output-incremental=yes --startup-file=no --history-file=no --warn-overwrite=yes --color=auto -`,["TERM=tmux-256color", "TTFX_DEPOT_PATH=/tmp/julia-ttfx-depot", "OPENBLAS_NUM_THREADS=1", "OPENBLAS_MAIN_FREE=1", "SHELL=/bin/bash", "SSH_CLIENT=100.104.183.53 58167 22", "JULIA_DEPOT_PATH=/tmp/julia-ttfx-depot:", "OLDPWD=/home/ian/Documents/GitHub/julia", "TMUX=/tmp/tmux-1000/default,1292951,2", "LC_TERMINAL_VERSION=3.6.11", "XDG_RUNTIME_DIR=/run/user/1000", "JULIA_PRECOMPILE_JOBSERVER=/jl_pc_3749826_1", "USER=ian", "LC_TERMINAL=iTerm2", "SHLVL=2", "MAIL=/var/mail/ian", "TERM_PROGRAM=tmux", "LD_LIBRARY_PATH=/usr/local/cuda/lib64:", "_=/home/ian/.juliaup/bin/julia", "LS_COLORS=rs=0:di=01;34:ln=01;36:mh=00:pi=40;33:so=01;35:do=01;35:bd=40;33;01:cd=40;33;01:or=40;31;01:mi=00:su=37;41:sg=30;43:ca=00:tw=30;42:ow=34;42:st=37;44:ex=01;32:*.tar=01;31:*.tgz=01;31:*.arc=01;31:*.arj=01;31:*.taz=01;31:*.lha=01;31:*.lz4=01;31:*.lzh=01;31:*.lzma=01;31:*.tlz=01;31:*.txz=01;31:*.tzo=01;31:*.t7z=01;31:*.zip=01;31:*.z=01;31:*.dz=01;31:*.gz=01;31:*.lrz=01;31:*.lz=01;31:*.lzo=01;31:*.xz=01;31:*.zst=01;31:*.tzst=01;31:*.bz2=01;31:*.bz=01;31:*.tbz=01;31:*.tbz2=01;31:*.tz=01;31:*.deb=01;31:*.rpm=01;31:*.jar=01;31:*.war=01;31:*.ear=01;31:*.sar=01;31:*.rar=01;31:*.alz=01;31:*.ace=01;31:*.zoo=01;31:*.cpio=01;31:*.7z=01;31:*.rz=01;31:*.cab=01;31:*.wim=01;31:*.swm=01;31:*.dwm=01;31:*.esd=01;31:*.avif=01;35:*.jpg=01;35:*.jpeg=01;35:*.mjpg=01;35:*.mjpeg=01;35:*.gif=01;35:*.bmp=01;35:*.pbm=01;35:*.pgm=01;35:*.ppm=01;35:*.tga=01;35:*.xbm=01;35:*.xpm=01;35:*.tif=01;35:*.tiff=01;35:*.png=01;35:*.svg=01;35:*.svgz=01;35:*.mng=01;35:*.pcx=01;35:*.mov=01;35:*.mpg=01;35:*.mpeg=01;35:*.m2v=01;35:*.mkv=01;35:*.webm=01;35:*.webp=01;35:*.ogm=01;35:*.mp4=01;35:*.m4v=01;35:*.mp4v=01;35:*.vob=01;35:*.qt=01;35:*.nuv=01;35:*.wmv=01;35:*.asf=01;35:*.rm=01;35:*.rmvb=01;35:*.flc=01;35:*.avi=01;35:*.fli=01;35:*.flv=01;35:*.gl=01;35:*.dl=01;35:*.xcf=01;35:*.xwd=01;35:*.yuv=01;35:*.cgm=01;35:*.emf=01;35:*.ogv=01;35:*.ogx=01;35:*.aac=00;36:*.au=00;36:*.flac=00;36:*.m4a=00;36:*.mid=00;36:*.midi=00;36:*.mka=00;36:*.mp3=00;36:*.mpc=00;36:*.ogg=00;36:*.ra=00;36:*.wav=00;36:*.oga=00;36:*.opus=00;36:*.spx=00;36:*.xspf=00;36:*~=00;90:*#=00;90:*.bak=00;90:*.crdownload=00;90:*.dpkg-dist=00;90:*.dpkg-new=00;90:*.dpkg-old=00;90:*.dpkg-tmp=00;90:*.old=00;90:*.orig=00;90:*.part=00;90:*.rej=00;90:*.rpmnew=00;90:*.rpmorig=00;90:*.rpmsave=00;90:*.swp=00;90:*.tmp=00;90:*.ucf-dist=00;90:*.ucf-new=00;90:*.ucf-old=00;90:", "LANG=en_US.UTF-8", "LESSCLOSE=/usr/bin/lesspipe %s %s", "SSH_CONNECTION=100.95.84.5 50454 100.82.112.7 22", "TMUX_PANE=%2", "LESSOPEN=| /usr/bin/lesspipe %s", "JULIA_PKG_PRECOMPILE_AUTO=0", "XDG_DATA_DIRS=/usr/share/gnome:/usr/local/share:/usr/share:/var/lib/snapd/desktop", "XDG_SESSION_ID=1677", "PATH=/home/ian/.juliaup/bin:/home/ian/.local/bin:/usr/local/sbin:/usr/local/bin:/usr/sbin:/usr/bin:/sbin:/bin:/usr/games:/usr/local/games:/snap/bin", "SSH_TTY=/dev/pts/1", "LOGNAME=ian", "TERM_PROGRAM_VERSION=3.4", "HUSHLOGIN=FALSE", "XDG_SESSION_TYPE=tty", "DEBUGINFOD_URLS=https://debuginfod.ubuntu.com ", "PWD", "OPENBLAS_DEFAULT_NUM_THREADS=1", "REMOTEHOST=100.104.183.53", "HOME=/home/ian", "JULIA_NUM_THREADS=1", "JULIA_PRECOMP_REPORT_TIMING=1", "DBUS_SESSION_BUS_ADDRESS=unix:path=/run/user/1000/bus", "XDG_SESSION_CLASS=user"]): no such file or directory (ENOENT)
Many shells expand '~' to the home directory in unquoted strings. To replicate this behavior, call `expanduser` to expand the '~' character to the user’s home directory.

Rmath 
IOError: could not spawn setenv(`/home/ian/.julia/juliaup/julia-pr62725/bin/julia -C native -J/home/ian/.julia/juliaup/julia-pr62725/lib/julia/sys.so -g1 --startup-file=no --compiled-modules=strict --output-o /tmp/julia-ttfx-depot/compiled/v1.14/Rmath/jl_lz9YRc --output-ji /tmp/julia-ttfx-depot/compiled/v1.14/Rmath/jl_xRLE4y --output-incremental=yes --startup-file=no --history-file=no --warn-overwrite=yes --color=auto -`,["TERM=tmux-256color", "TTFX_DEPOT_PATH=/tmp/julia-ttfx-depot", "OPENBLAS_NUM_THREADS=1", "OPENBLAS_MAIN_FREE=1", "SHELL=/bin/bash", "SSH_CLIENT=100.104.183.53 58167 22", "JULIA_DEPOT_PATH=/tmp/julia-ttfx-depot:", "OLDPWD=/home/ian/Documents/GitHub/julia", "TMUX=/tmp/tmux-1000/default,1292951,2", "LC_TERMINAL_VERSION=3.6.11", "XDG_RUNTIME_DIR=/run/user/1000", "JULIA_PRECOMPILE_JOBSERVER=/jl_pc_3749826_1", "USER=ian", "LC_TERMINAL=iTerm2", "SHLVL=2", "MAIL=/var/mail/ian", "TERM_PROGRAM=tmux", "LD_LIBRARY_PATH=/usr/local/cuda/lib64:", "_=/home/ian/.juliaup/bin/julia", "LS_COLORS=rs=0:di=01;34:ln=01;36:mh=00:pi=40;33:so=01;35:do=01;35:bd=40;33;01:cd=40;33;01:or=40;31;01:mi=00:su=37;41:sg=30;43:ca=00:tw=30;42:ow=34;42:st=37;44:ex=01;32:*.tar=01;31:*.tgz=01;31:*.arc=01;31:*.arj=01;31:*.taz=01;31:*.lha=01;31:*.lz4=01;31:*.lzh=01;31:*.lzma=01;31:*.tlz=01;31:*.txz=01;31:*.tzo=01;31:*.t7z=01;31:*.zip=01;31:*.z=01;31:*.dz=01;31:*.gz=01;31:*.lrz=01;31:*.lz=01;31:*.lzo=01;31:*.xz=01;31:*.zst=01;31:*.tzst=01;31:*.bz2=01;31:*.bz=01;31:*.tbz=01;31:*.tbz2=01;31:*.tz=01;31:*.deb=01;31:*.rpm=01;31:*.jar=01;31:*.war=01;31:*.ear=01;31:*.sar=01;31:*.rar=01;31:*.alz=01;31:*.ace=01;31:*.zoo=01;31:*.cpio=01;31:*.7z=01;31:*.rz=01;31:*.cab=01;31:*.wim=01;31:*.swm=01;31:*.dwm=01;31:*.esd=01;31:*.avif=01;35:*.jpg=01;35:*.jpeg=01;35:*.mjpg=01;35:*.mjpeg=01;35:*.gif=01;35:*.bmp=01;35:*.pbm=01;35:*.pgm=01;35:*.ppm=01;35:*.tga=01;35:*.xbm=01;35:*.xpm=01;35:*.tif=01;35:*.tiff=01;35:*.png=01;35:*.svg=01;35:*.svgz=01;35:*.mng=01;35:*.pcx=01;35:*.mov=01;35:*.mpg=01;35:*.mpeg=01;35:*.m2v=01;35:*.mkv=01;35:*.webm=01;35:*.webp=01;35:*.ogm=01;35:*.mp4=01;35:*.m4v=01;35:*.mp4v=01;35:*.vob=01;35:*.qt=01;35:*.nuv=01;35:*.wmv=01;35:*.asf=01;35:*.rm=01;35:*.rmvb=01;35:*.flc=01;35:*.avi=01;35:*.fli=01;35:*.flv=01;35:*.gl=01;35:*.dl=01;35:*.xcf=01;35:*.xwd=01;35:*.yuv=01;35:*.cgm=01;35:*.emf=01;35:*.ogv=01;35:*.ogx=01;35:*.aac=00;36:*.au=00;36:*.flac=00;36:*.m4a=00;36:*.mid=00;36:*.midi=00;36:*.mka=00;36:*.mp3=00;36:*.mpc=00;36:*.ogg=00;36:*.ra=00;36:*.wav=00;36:*.oga=00;36:*.opus=00;36:*.spx=00;36:*.xspf=00;36:*~=00;90:*#=00;90:*.bak=00;90:*.crdownload=00;90:*.dpkg-dist=00;90:*.dpkg-new=00;90:*.dpkg-old=00;90:*.dpkg-tmp=00;90:*.old=00;90:*.orig=00;90:*.part=00;90:*.rej=00;90:*.rpmnew=00;90:*.rpmorig=00;90:*.rpmsave=00;90:*.swp=00;90:*.tmp=00;90:*.ucf-dist=00;90:*.ucf-new=00;90:*.ucf-old=00;90:", "LANG=en_US.UTF-8", "LESSCLOSE=/usr/bin/lesspipe %s %s", "SSH_CONNECTION=100.95.84.5 50454 100.82.112.7 22", "TMUX_PANE=%2", "LESSOPEN=| /usr/bin/lesspipe %s", "JULIA_PKG_PRECOMPILE_AUTO=0", "XDG_DATA_DIRS=/usr/share/gnome:/usr/local/share:/usr/share:/var/lib/snapd/desktop", "XDG_SESSION_ID=1677", "PATH=/home/ian/.juliaup/bin:/home/ian/.local/bin:/usr/local/sbin:/usr/local/bin:/usr/sbin:/usr/bin:/sbin:/bin:/usr/games:/usr/local/games:/snap/bin", "SSH_TTY=/dev/pts/1", "LOGNAME=ian", "TERM_PROGRAM_VERSION=3.4", "HUSHLOGIN=FALSE", "XDG_SESSION_TYPE=tty", "DEBUGINFOD_URLS=https://debuginfod.ubuntu.com ", "PWD", "OPENBLAS_DEFAULT_NUM_THREADS=1", "REMOTEHOST=100.104.183.53", "HOME=/home/ian", "JULIA_NUM_THREADS=1", "JULIA_PRECOMP_REPORT_TIMING=1", "DBUS_SESSION_BUS_ADDRESS=unix:path=/run/user/1000/bus", "XDG_SESSION_CLASS=user"]): no such file or directory (ENOENT)
Many shells expand '~' to the home directory in unquoted strings. To replicate this behavior, call `expanduser` to expand the '~' character to the user’s home directory.

Polynomials → PolynomialsRecipesBaseExt 
IOError: could not spawn setenv(`/home/ian/.julia/juliaup/julia-pr62725/bin/julia -C native -J/home/ian/.julia/juliaup/julia-pr62725/lib/julia/sys.so -g1 --startup-file=no --compiled-modules=strict --output-o /tmp/julia-ttfx-depot/compiled/v1.14/PolynomialsRecipesBaseExt/jl_7Qfh2O --output-ji /tmp/julia-ttfx-depot/compiled/v1.14/PolynomialsRecipesBaseExt/jl_zxHfRX --output-incremental=yes --startup-file=no --history-file=no --warn-overwrite=yes --color=auto -`,["TERM=tmux-256color", "TTFX_DEPOT_PATH=/tmp/julia-ttfx-depot", "OPENBLAS_NUM_THREADS=1", "OPENBLAS_MAIN_FREE=1", "SHELL=/bin/bash", "SSH_CLIENT=100.104.183.53 58167 22", "JULIA_DEPOT_PATH=/tmp/julia-ttfx-depot:", "OLDPWD=/home/ian/Documents/GitHub/julia", "TMUX=/tmp/tmux-1000/default,1292951,2", "LC_TERMINAL_VERSION=3.6.11", "XDG_RUNTIME_DIR=/run/user/1000", "JULIA_PRECOMPILE_JOBSERVER=/jl_pc_3749826_1", "USER=ian", "LC_TERMINAL=iTerm2", "SHLVL=2", "MAIL=/var/mail/ian", "TERM_PROGRAM=tmux", "LD_LIBRARY_PATH=/usr/local/cuda/lib64:", "_=/home/ian/.juliaup/bin/julia", "LS_COLORS=rs=0:di=01;34:ln=01;36:mh=00:pi=40;33:so=01;35:do=01;35:bd=40;33;01:cd=40;33;01:or=40;31;01:mi=00:su=37;41:sg=30;43:ca=00:tw=30;42:ow=34;42:st=37;44:ex=01;32:*.tar=01;31:*.tgz=01;31:*.arc=01;31:*.arj=01;31:*.taz=01;31:*.lha=01;31:*.lz4=01;31:*.lzh=01;31:*.lzma=01;31:*.tlz=01;31:*.txz=01;31:*.tzo=01;31:*.t7z=01;31:*.zip=01;31:*.z=01;31:*.dz=01;31:*.gz=01;31:*.lrz=01;31:*.lz=01;31:*.lzo=01;31:*.xz=01;31:*.zst=01;31:*.tzst=01;31:*.bz2=01;31:*.bz=01;31:*.tbz=01;31:*.tbz2=01;31:*.tz=01;31:*.deb=01;31:*.rpm=01;31:*.jar=01;31:*.war=01;31:*.ear=01;31:*.sar=01;31:*.rar=01;31:*.alz=01;31:*.ace=01;31:*.zoo=01;31:*.cpio=01;31:*.7z=01;31:*.rz=01;31:*.cab=01;31:*.wim=01;31:*.swm=01;31:*.dwm=01;31:*.esd=01;31:*.avif=01;35:*.jpg=01;35:*.jpeg=01;35:*.mjpg=01;35:*.mjpeg=01;35:*.gif=01;35:*.bmp=01;35:*.pbm=01;35:*.pgm=01;35:*.ppm=01;35:*.tga=01;35:*.xbm=01;35:*.xpm=01;35:*.tif=01;35:*.tiff=01;35:*.png=01;35:*.svg=01;35:*.svgz=01;35:*.mng=01;35:*.pcx=01;35:*.mov=01;35:*.mpg=01;35:*.mpeg=01;35:*.m2v=01;35:*.mkv=01;35:*.webm=01;35:*.webp=01;35:*.ogm=01;35:*.mp4=01;35:*.m4v=01;35:*.mp4v=01;35:*.vob=01;35:*.qt=01;35:*.nuv=01;35:*.wmv=01;35:*.asf=01;35:*.rm=01;35:*.rmvb=01;35:*.flc=01;35:*.avi=01;35:*.fli=01;35:*.flv=01;35:*.gl=01;35:*.dl=01;35:*.xcf=01;35:*.xwd=01;35:*.yuv=01;35:*.cgm=01;35:*.emf=01;35:*.ogv=01;35:*.ogx=01;35:*.aac=00;36:*.au=00;36:*.flac=00;36:*.m4a=00;36:*.mid=00;36:*.midi=00;36:*.mka=00;36:*.mp3=00;36:*.mpc=00;36:*.ogg=00;36:*.ra=00;36:*.wav=00;36:*.oga=00;36:*.opus=00;36:*.spx=00;36:*.xspf=00;36:*~=00;90:*#=00;90:*.bak=00;90:*.crdownload=00;90:*.dpkg-dist=00;90:*.dpkg-new=00;90:*.dpkg-old=00;90:*.dpkg-tmp=00;90:*.old=00;90:*.orig=00;90:*.part=00;90:*.rej=00;90:*.rpmnew=00;90:*.rpmorig=00;90:*.rpmsave=00;90:*.swp=00;90:*.tmp=00;90:*.ucf-dist=00;90:*.ucf-new=00;90:*.ucf-old=00;90:", "LANG=en_US.UTF-8", "LESSCLOSE=/usr/bin/lesspipe %s %s", "SSH_CONNECTION=100.95.84.5 50454 100.82.112.7 22", "TMUX_PANE=%2", "LESSOPEN=| /usr/bin/lesspipe %s", "JULIA_PKG_PRECOMPILE_AUTO=0", "XDG_DATA_DIRS=/usr/share/gnome:/usr/local/share:/usr/share:/var/lib/snapd/desktop", "XDG_SESSION_ID=1677", "PATH=/home/ian/.juliaup/bin:/home/ian/.local/bin:/usr/local/sbin:/usr/local/bin:/usr/sbin:/usr/bin:/sbin:/bin:/usr/games:/usr/local/games:/snap/bin", "SSH_TTY=/dev/pts/1", "LOGNAME=ian", "TERM_PROGRAM_VERSION=3.4", "HUSHLOGIN=FALSE", "XDG_SESSION_TYPE=tty", "DEBUGINFOD_URLS=https://debuginfod.ubuntu.com ", "PWD", "OPENBLAS_DEFAULT_NUM_THREADS=1", "REMOTEHOST=100.104.183.53", "HOME=/home/ian", "JULIA_NUM_THREADS=1", "JULIA_PRECOMP_REPORT_TIMING=1", "DBUS_SESSION_BUS_ADDRESS=unix:path=/run/user/1000/bus", "XDG_SESSION_CLASS=user"]): no such file or directory (ENOENT)
Many shells expand '~' to the home directory in unquoted strings. To replicate this behavior, call `expanduser` to expand the '~' character to the user’s home directory.

RespecializeParams 
IOError: could not spawn setenv(`/home/ian/.julia/juliaup/julia-pr62725/bin/julia -C native -J/home/ian/.julia/juliaup/julia-pr62725/lib/julia/sys.so -g1 --startup-file=no --compiled-modules=strict --output-o /tmp/julia-ttfx-depot/compiled/v1.14/RespecializeParams/jl_MHRt1j --output-ji /tmp/julia-ttfx-depot/compiled/v1.14/RespecializeParams/jl_EKXlJE --output-incremental=yes --startup-file=no --history-file=no --warn-overwrite=yes --color=auto -`,["TERM=tmux-256color", "TTFX_DEPOT_PATH=/tmp/julia-ttfx-depot", "OPENBLAS_NUM_THREADS=1", "OPENBLAS_MAIN_FREE=1", "SHELL=/bin/bash", "SSH_CLIENT=100.104.183.53 58167 22", "JULIA_DEPOT_PATH=/tmp/julia-ttfx-depot:", "OLDPWD=/home/ian/Documents/GitHub/julia", "TMUX=/tmp/tmux-1000/default,1292951,2", "LC_TERMINAL_VERSION=3.6.11", "XDG_RUNTIME_DIR=/run/user/1000", "JULIA_PRECOMPILE_JOBSERVER=/jl_pc_3749826_1", "USER=ian", "LC_TERMINAL=iTerm2", "SHLVL=2", "MAIL=/var/mail/ian", "TERM_PROGRAM=tmux", "LD_LIBRARY_PATH=/usr/local/cuda/lib64:", "_=/home/ian/.juliaup/bin/julia", "LS_COLORS=rs=0:di=01;34:ln=01;36:mh=00:pi=40;33:so=01;35:do=01;35:bd=40;33;01:cd=40;33;01:or=40;31;01:mi=00:su=37;41:sg=30;43:ca=00:tw=30;42:ow=34;42:st=37;44:ex=01;32:*.tar=01;31:*.tgz=01;31:*.arc=01;31:*.arj=01;31:*.taz=01;31:*.lha=01;31:*.lz4=01;31:*.lzh=01;31:*.lzma=01;31:*.tlz=01;31:*.txz=01;31:*.tzo=01;31:*.t7z=01;31:*.zip=01;31:*.z=01;31:*.dz=01;31:*.gz=01;31:*.lrz=01;31:*.lz=01;31:*.lzo=01;31:*.xz=01;31:*.zst=01;31:*.tzst=01;31:*.bz2=01;31:*.bz=01;31:*.tbz=01;31:*.tbz2=01;31:*.tz=01;31:*.deb=01;31:*.rpm=01;31:*.jar=01;31:*.war=01;31:*.ear=01;31:*.sar=01;31:*.rar=01;31:*.alz=01;31:*.ace=01;31:*.zoo=01;31:*.cpio=01;31:*.7z=01;31:*.rz=01;31:*.cab=01;31:*.wim=01;31:*.swm=01;31:*.dwm=01;31:*.esd=01;31:*.avif=01;35:*.jpg=01;35:*.jpeg=01;35:*.mjpg=01;35:*.mjpeg=01;35:*.gif=01;35:*.bmp=01;35:*.pbm=01;35:*.pgm=01;35:*.ppm=01;35:*.tga=01;35:*.xbm=01;35:*.xpm=01;35:*.tif=01;35:*.tiff=01;35:*.png=01;35:*.svg=01;35:*.svgz=01;35:*.mng=01;35:*.pcx=01;35:*.mov=01;35:*.mpg=01;35:*.mpeg=01;35:*.m2v=01;35:*.mkv=01;35:*.webm=01;35:*.webp=01;35:*.ogm=01;35:*.mp4=01;35:*.m4v=01;35:*.mp4v=01;35:*.vob=01;35:*.qt=01;35:*.nuv=01;35:*.wmv=01;35:*.asf=01;35:*.rm=01;35:*.rmvb=01;35:*.flc=01;35:*.avi=01;35:*.fli=01;35:*.flv=01;35:*.gl=01;35:*.dl=01;35:*.xcf=01;35:*.xwd=01;35:*.yuv=01;35:*.cgm=01;35:*.emf=01;35:*.ogv=01;35:*.ogx=01;35:*.aac=00;36:*.au=00;36:*.flac=00;36:*.m4a=00;36:*.mid=00;36:*.midi=00;36:*.mka=00;36:*.mp3=00;36:*.mpc=00;36:*.ogg=00;36:*.ra=00;36:*.wav=00;36:*.oga=00;36:*.opus=00;36:*.spx=00;36:*.xspf=00;36:*~=00;90:*#=00;90:*.bak=00;90:*.crdownload=00;90:*.dpkg-dist=00;90:*.dpkg-new=00;90:*.dpkg-old=00;90:*.dpkg-tmp=00;90:*.old=00;90:*.orig=00;90:*.part=00;90:*.rej=00;90:*.rpmnew=00;90:*.rpmorig=00;90:*.rpmsave=00;90:*.swp=00;90:*.tmp=00;90:*.ucf-dist=00;90:*.ucf-new=00;90:*.ucf-old=00;90:", "LANG=en_US.UTF-8", "LESSCLOSE=/usr/bin/lesspipe %s %s", "SSH_CONNECTION=100.95.84.5 50454 100.82.112.7 22", "TMUX_PANE=%2", "LESSOPEN=| /usr/bin/lesspipe %s", "JULIA_PKG_PRECOMPILE_AUTO=0", "XDG_DATA_DIRS=/usr/share/gnome:/usr/local/share:/usr/share:/var/lib/snapd/desktop", "XDG_SESSION_ID=1677", "PATH=/home/ian/.juliaup/bin:/home/ian/.local/bin:/usr/local/sbin:/usr/local/bin:/usr/sbin:/usr/bin:/sbin:/bin:/usr/games:/usr/local/games:/snap/bin", "SSH_TTY=/dev/pts/1", "LOGNAME=ian", "TERM_PROGRAM_VERSION=3.4", "HUSHLOGIN=FALSE", "XDG_SESSION_TYPE=tty", "DEBUGINFOD_URLS=https://debuginfod.ubuntu.com ", "PWD", "OPENBLAS_DEFAULT_NUM_THREADS=1", "REMOTEHOST=100.104.183.53", "HOME=/home/ian", "JULIA_NUM_THREADS=1", "JULIA_PRECOMP_REPORT_TIMING=1", "DBUS_SESSION_BUS_ADDRESS=unix:path=/run/user/1000/bus", "XDG_SESSION_CLASS=user"]): no such file or directory (ENOENT)
Many shells expand '~' to the home directory in unquoted strings. To replicate this behavior, call `expanduser` to expand the '~' character to the user’s home directory.

SortingAlgorithms 
IOError: could not spawn setenv(`/home/ian/.julia/juliaup/julia-pr62725/bin/julia -C native -J/home/ian/.julia/juliaup/julia-pr62725/lib/julia/sys.so -g1 --startup-file=no --compiled-modules=strict --output-o /tmp/julia-ttfx-depot/compiled/v1.14/SortingAlgorithms/jl_iUwkO6 --output-ji /tmp/julia-ttfx-depot/compiled/v1.14/SortingAlgorithms/jl_8gXSBx --output-incremental=yes --startup-file=no --history-file=no --warn-overwrite=yes --color=auto -`,["TERM=tmux-256color", "TTFX_DEPOT_PATH=/tmp/julia-ttfx-depot", "OPENBLAS_NUM_THREADS=1", "OPENBLAS_MAIN_FREE=1", "SHELL=/bin/bash", "SSH_CLIENT=100.104.183.53 58167 22", "JULIA_DEPOT_PATH=/tmp/julia-ttfx-depot:", "OLDPWD=/home/ian/Documents/GitHub/julia", "TMUX=/tmp/tmux-1000/default,1292951,2", "LC_TERMINAL_VERSION=3.6.11", "XDG_RUNTIME_DIR=/run/user/1000", "JULIA_PRECOMPILE_JOBSERVER=/jl_pc_3749826_1", "USER=ian", "LC_TERMINAL=iTerm2", "SHLVL=2", "MAIL=/var/mail/ian", "TERM_PROGRAM=tmux", "LD_LIBRARY_PATH=/usr/local/cuda/lib64:", "_=/home/ian/.juliaup/bin/julia", "LS_COLORS=rs=0:di=01;34:ln=01;36:mh=00:pi=40;33:so=01;35:do=01;35:bd=40;33;01:cd=40;33;01:or=40;31;01:mi=00:su=37;41:sg=30;43:ca=00:tw=30;42:ow=34;42:st=37;44:ex=01;32:*.tar=01;31:*.tgz=01;31:*.arc=01;31:*.arj=01;31:*.taz=01;31:*.lha=01;31:*.lz4=01;31:*.lzh=01;31:*.lzma=01;31:*.tlz=01;31:*.txz=01;31:*.tzo=01;31:*.t7z=01;31:*.zip=01;31:*.z=01;31:*.dz=01;31:*.gz=01;31:*.lrz=01;31:*.lz=01;31:*.lzo=01;31:*.xz=01;31:*.zst=01;31:*.tzst=01;31:*.bz2=01;31:*.bz=01;31:*.tbz=01;31:*.tbz2=01;31:*.tz=01;31:*.deb=01;31:*.rpm=01;31:*.jar=01;31:*.war=01;31:*.ear=01;31:*.sar=01;31:*.rar=01;31:*.alz=01;31:*.ace=01;31:*.zoo=01;31:*.cpio=01;31:*.7z=01;31:*.rz=01;31:*.cab=01;31:*.wim=01;31:*.swm=01;31:*.dwm=01;31:*.esd=01;31:*.avif=01;35:*.jpg=01;35:*.jpeg=01;35:*.mjpg=01;35:*.mjpeg=01;35:*.gif=01;35:*.bmp=01;35:*.pbm=01;35:*.pgm=01;35:*.ppm=01;35:*.tga=01;35:*.xbm=01;35:*.xpm=01;35:*.tif=01;35:*.tiff=01;35:*.png=01;35:*.svg=01;35:*.svgz=01;35:*.mng=01;35:*.pcx=01;35:*.mov=01;35:*.mpg=01;35:*.mpeg=01;35:*.m2v=01;35:*.mkv=01;35:*.webm=01;35:*.webp=01;35:*.ogm=01;35:*.mp4=01;35:*.m4v=01;35:*.mp4v=01;35:*.vob=01;35:*.qt=01;35:*.nuv=01;35:*.wmv=01;35:*.asf=01;35:*.rm=01;35:*.rmvb=01;35:*.flc=01;35:*.avi=01;35:*.fli=01;35:*.flv=01;35:*.gl=01;35:*.dl=01;35:*.xcf=01;35:*.xwd=01;35:*.yuv=01;35:*.cgm=01;35:*.emf=01;35:*.ogv=01;35:*.ogx=01;35:*.aac=00;36:*.au=00;36:*.flac=00;36:*.m4a=00;36:*.mid=00;36:*.midi=00;36:*.mka=00;36:*.mp3=00;36:*.mpc=00;36:*.ogg=00;36:*.ra=00;36:*.wav=00;36:*.oga=00;36:*.opus=00;36:*.spx=00;36:*.xspf=00;36:*~=00;90:*#=00;90:*.bak=00;90:*.crdownload=00;90:*.dpkg-dist=00;90:*.dpkg-new=00;90:*.dpkg-old=00;90:*.dpkg-tmp=00;90:*.old=00;90:*.orig=00;90:*.part=00;90:*.rej=00;90:*.rpmnew=00;90:*.rpmorig=00;90:*.rpmsave=00;90:*.swp=00;90:*.tmp=00;90:*.ucf-dist=00;90:*.ucf-new=00;90:*.ucf-old=00;90:", "LANG=en_US.UTF-8", "LESSCLOSE=/usr/bin/lesspipe %s %s", "SSH_CONNECTION=100.95.84.5 50454 100.82.112.7 22", "TMUX_PANE=%2", "LESSOPEN=| /usr/bin/lesspipe %s", "JULIA_PKG_PRECOMPILE_AUTO=0", "XDG_DATA_DIRS=/usr/share/gnome:/usr/local/share:/usr/share:/var/lib/snapd/desktop", "XDG_SESSION_ID=1677", "PATH=/home/ian/.juliaup/bin:/home/ian/.local/bin:/usr/local/sbin:/usr/local/bin:/usr/sbin:/usr/bin:/sbin:/bin:/usr/games:/usr/local/games:/snap/bin", "SSH_TTY=/dev/pts/1", "LOGNAME=ian", "TERM_PROGRAM_VERSION=3.4", "HUSHLOGIN=FALSE", "XDG_SESSION_TYPE=tty", "DEBUGINFOD_URLS=https://debuginfod.ubuntu.com ", "PWD", "OPENBLAS_DEFAULT_NUM_THREADS=1", "REMOTEHOST=100.104.183.53", "HOME=/home/ian", "JULIA_NUM_THREADS=1", "JULIA_PRECOMP_REPORT_TIMING=1", "DBUS_SESSION_BUS_ADDRESS=unix:path=/run/user/1000/bus", "XDG_SESSION_CLASS=user"]): no such file or directory (ENOENT)
Many shells expand '~' to the home directory in unquoted strings. To replicate this behavior, call `expanduser` to expand the '~' character to the user’s home directory.

DiffEqCallbacks 
Failed to precompile DiffEqCallbacks [459566f4-90b8-5000-8ac3-15dfb0a30def] to "/tmp/julia-ttfx-depot/compiled/v1.14/DiffEqCallbacks/jl_BvxNZU" (ProcessExited(1)).

QuadGK 
IOError: could not spawn setenv(`/home/ian/.julia/juliaup/julia-pr62725/bin/julia -C native -J/home/ian/.julia/juliaup/julia-pr62725/lib/julia/sys.so -g1 --startup-file=no --compiled-modules=strict --output-o /tmp/julia-ttfx-depot/compiled/v1.14/QuadGK/jl_GOdpVP --output-ji /tmp/julia-ttfx-depot/compiled/v1.14/QuadGK/jl_tQrigB --output-incremental=yes --startup-file=no --history-file=no --warn-overwrite=yes --color=auto -`,["TERM=tmux-256color", "TTFX_DEPOT_PATH=/tmp/julia-ttfx-depot", "OPENBLAS_NUM_THREADS=1", "OPENBLAS_MAIN_FREE=1", "SHELL=/bin/bash", "SSH_CLIENT=100.104.183.53 58167 22", "JULIA_DEPOT_PATH=/tmp/julia-ttfx-depot:", "OLDPWD=/home/ian/Documents/GitHub/julia", "TMUX=/tmp/tmux-1000/default,1292951,2", "LC_TERMINAL_VERSION=3.6.11", "XDG_RUNTIME_DIR=/run/user/1000", "JULIA_PRECOMPILE_JOBSERVER=/jl_pc_3749826_1", "USER=ian", "LC_TERMINAL=iTerm2", "SHLVL=2", "MAIL=/var/mail/ian", "TERM_PROGRAM=tmux", "LD_LIBRARY_PATH=/usr/local/cuda/lib64:", "_=/home/ian/.juliaup/bin/julia", "LS_COLORS=rs=0:di=01;34:ln=01;36:mh=00:pi=40;33:so=01;35:do=01;35:bd=40;33;01:cd=40;33;01:or=40;31;01:mi=00:su=37;41:sg=30;43:ca=00:tw=30;42:ow=34;42:st=37;44:ex=01;32:*.tar=01;31:*.tgz=01;31:*.arc=01;31:*.arj=01;31:*.taz=01;31:*.lha=01;31:*.lz4=01;31:*.lzh=01;31:*.lzma=01;31:*.tlz=01;31:*.txz=01;31:*.tzo=01;31:*.t7z=01;31:*.zip=01;31:*.z=01;31:*.dz=01;31:*.gz=01;31:*.lrz=01;31:*.lz=01;31:*.lzo=01;31:*.xz=01;31:*.zst=01;31:*.tzst=01;31:*.bz2=01;31:*.bz=01;31:*.tbz=01;31:*.tbz2=01;31:*.tz=01;31:*.deb=01;31:*.rpm=01;31:*.jar=01;31:*.war=01;31:*.ear=01;31:*.sar=01;31:*.rar=01;31:*.alz=01;31:*.ace=01;31:*.zoo=01;31:*.cpio=01;31:*.7z=01;31:*.rz=01;31:*.cab=01;31:*.wim=01;31:*.swm=01;31:*.dwm=01;31:*.esd=01;31:*.avif=01;35:*.jpg=01;35:*.jpeg=01;35:*.mjpg=01;35:*.mjpeg=01;35:*.gif=01;35:*.bmp=01;35:*.pbm=01;35:*.pgm=01;35:*.ppm=01;35:*.tga=01;35:*.xbm=01;35:*.xpm=01;35:*.tif=01;35:*.tiff=01;35:*.png=01;35:*.svg=01;35:*.svgz=01;35:*.mng=01;35:*.pcx=01;35:*.mov=01;35:*.mpg=01;35:*.mpeg=01;35:*.m2v=01;35:*.mkv=01;35:*.webm=01;35:*.webp=01;35:*.ogm=01;35:*.mp4=01;35:*.m4v=01;35:*.mp4v=01;35:*.vob=01;35:*.qt=01;35:*.nuv=01;35:*.wmv=01;35:*.asf=01;35:*.rm=01;35:*.rmvb=01;35:*.flc=01;35:*.avi=01;35:*.fli=01;35:*.flv=01;35:*.gl=01;35:*.dl=01;35:*.xcf=01;35:*.xwd=01;35:*.yuv=01;35:*.cgm=01;35:*.emf=01;35:*.ogv=01;35:*.ogx=01;35:*.aac=00;36:*.au=00;36:*.flac=00;36:*.m4a=00;36:*.mid=00;36:*.midi=00;36:*.mka=00;36:*.mp3=00;36:*.mpc=00;36:*.ogg=00;36:*.ra=00;36:*.wav=00;36:*.oga=00;36:*.opus=00;36:*.spx=00;36:*.xspf=00;36:*~=00;90:*#=00;90:*.bak=00;90:*.crdownload=00;90:*.dpkg-dist=00;90:*.dpkg-new=00;90:*.dpkg-old=00;90:*.dpkg-tmp=00;90:*.old=00;90:*.orig=00;90:*.part=00;90:*.rej=00;90:*.rpmnew=00;90:*.rpmorig=00;90:*.rpmsave=00;90:*.swp=00;90:*.tmp=00;90:*.ucf-dist=00;90:*.ucf-new=00;90:*.ucf-old=00;90:", "LANG=en_US.UTF-8", "LESSCLOSE=/usr/bin/lesspipe %s %s", "SSH_CONNECTION=100.95.84.5 50454 100.82.112.7 22", "TMUX_PANE=%2", "LESSOPEN=| /usr/bin/lesspipe %s", "JULIA_PKG_PRECOMPILE_AUTO=0", "XDG_DATA_DIRS=/usr/share/gnome:/usr/local/share:/usr/share:/var/lib/snapd/desktop", "XDG_SESSION_ID=1677", "PATH=/home/ian/.juliaup/bin:/home/ian/.local/bin:/usr/local/sbin:/usr/local/bin:/usr/sbin:/usr/bin:/sbin:/bin:/usr/games:/usr/local/games:/snap/bin", "SSH_TTY=/dev/pts/1", "LOGNAME=ian", "TERM_PROGRAM_VERSION=3.4", "HUSHLOGIN=FALSE", "XDG_SESSION_TYPE=tty", "DEBUGINFOD_URLS=https://debuginfod.ubuntu.com ", "PWD", "OPENBLAS_DEFAULT_NUM_THREADS=1", "REMOTEHOST=100.104.183.53", "HOME=/home/ian", "JULIA_NUM_THREADS=1", "JULIA_PRECOMP_REPORT_TIMING=1", "DBUS_SESSION_BUS_ADDRESS=unix:path=/run/user/1000/bus", "XDG_SESSION_CLASS=user"]): no such file or directory (ENOENT)
Many shells expand '~' to the home directory in unquoted strings. To replicate this behavior, call `expanduser` to expand the '~' character to the user’s home directory.

FillArrays → FillArraysStaticArraysExt 
Failed to precompile FillArraysStaticArraysExt [5cb59893-d0fd-5f20-aaa6-4f5212663375] to "/tmp/julia-ttfx-depot/compiled/v1.14/FillArraysStaticArraysExt/jl_TzrUzZ" (ProcessExited(1)).

MKL_jll 
IOError: could not spawn setenv(`/home/ian/.julia/juliaup/julia-pr62725/bin/julia -C native -J/home/ian/.julia/juliaup/julia-pr62725/lib/julia/sys.so -g1 --startup-file=no --compiled-modules=strict --output-o /tmp/julia-ttfx-depot/compiled/v1.14/MKL_jll/jl_S6AZKl --output-ji /tmp/julia-ttfx-depot/compiled/v1.14/MKL_jll/jl_eMRqEU --output-incremental=yes --startup-file=no --history-file=no --warn-overwrite=yes --color=auto -`,["TERM=tmux-256color", "TTFX_DEPOT_PATH=/tmp/julia-ttfx-depot", "OPENBLAS_NUM_THREADS=1", "OPENBLAS_MAIN_FREE=1", "SHELL=/bin/bash", "SSH_CLIENT=100.104.183.53 58167 22", "JULIA_DEPOT_PATH=/tmp/julia-ttfx-depot:", "OLDPWD=/home/ian/Documents/GitHub/julia", "TMUX=/tmp/tmux-1000/default,1292951,2", "LC_TERMINAL_VERSION=3.6.11", "XDG_RUNTIME_DIR=/run/user/1000", "JULIA_PRECOMPILE_JOBSERVER=/jl_pc_3749826_1", "USER=ian", "LC_TERMINAL=iTerm2", "SHLVL=2", "MAIL=/var/mail/ian", "TERM_PROGRAM=tmux", "LD_LIBRARY_PATH=/usr/local/cuda/lib64:", "_=/home/ian/.juliaup/bin/julia", "LS_COLORS=rs=0:di=01;34:ln=01;36:mh=00:pi=40;33:so=01;35:do=01;35:bd=40;33;01:cd=40;33;01:or=40;31;01:mi=00:su=37;41:sg=30;43:ca=00:tw=30;42:ow=34;42:st=37;44:ex=01;32:*.tar=01;31:*.tgz=01;31:*.arc=01;31:*.arj=01;31:*.taz=01;31:*.lha=01;31:*.lz4=01;31:*.lzh=01;31:*.lzma=01;31:*.tlz=01;31:*.txz=01;31:*.tzo=01;31:*.t7z=01;31:*.zip=01;31:*.z=01;31:*.dz=01;31:*.gz=01;31:*.lrz=01;31:*.lz=01;31:*.lzo=01;31:*.xz=01;31:*.zst=01;31:*.tzst=01;31:*.bz2=01;31:*.bz=01;31:*.tbz=01;31:*.tbz2=01;31:*.tz=01;31:*.deb=01;31:*.rpm=01;31:*.jar=01;31:*.war=01;31:*.ear=01;31:*.sar=01;31:*.rar=01;31:*.alz=01;31:*.ace=01;31:*.zoo=01;31:*.cpio=01;31:*.7z=01;31:*.rz=01;31:*.cab=01;31:*.wim=01;31:*.swm=01;31:*.dwm=01;31:*.esd=01;31:*.avif=01;35:*.jpg=01;35:*.jpeg=01;35:*.mjpg=01;35:*.mjpeg=01;35:*.gif=01;35:*.bmp=01;35:*.pbm=01;35:*.pgm=01;35:*.ppm=01;35:*.tga=01;35:*.xbm=01;35:*.xpm=01;35:*.tif=01;35:*.tiff=01;35:*.png=01;35:*.svg=01;35:*.svgz=01;35:*.mng=01;35:*.pcx=01;35:*.mov=01;35:*.mpg=01;35:*.mpeg=01;35:*.m2v=01;35:*.mkv=01;35:*.webm=01;35:*.webp=01;35:*.ogm=01;35:*.mp4=01;35:*.m4v=01;35:*.mp4v=01;35:*.vob=01;35:*.qt=01;35:*.nuv=01;35:*.wmv=01;35:*.asf=01;35:*.rm=01;35:*.rmvb=01;35:*.flc=01;35:*.avi=01;35:*.fli=01;35:*.flv=01;35:*.gl=01;35:*.dl=01;35:*.xcf=01;35:*.xwd=01;35:*.yuv=01;35:*.cgm=01;35:*.emf=01;35:*.ogv=01;35:*.ogx=01;35:*.aac=00;36:*.au=00;36:*.flac=00;36:*.m4a=00;36:*.mid=00;36:*.midi=00;36:*.mka=00;36:*.mp3=00;36:*.mpc=00;36:*.ogg=00;36:*.ra=00;36:*.wav=00;36:*.oga=00;36:*.opus=00;36:*.spx=00;36:*.xspf=00;36:*~=00;90:*#=00;90:*.bak=00;90:*.crdownload=00;90:*.dpkg-dist=00;90:*.dpkg-new=00;90:*.dpkg-old=00;90:*.dpkg-tmp=00;90:*.old=00;90:*.orig=00;90:*.part=00;90:*.rej=00;90:*.rpmnew=00;90:*.rpmorig=00;90:*.rpmsave=00;90:*.swp=00;90:*.tmp=00;90:*.ucf-dist=00;90:*.ucf-new=00;90:*.ucf-old=00;90:", "LANG=en_US.UTF-8", "LESSCLOSE=/usr/bin/lesspipe %s %s", "SSH_CONNECTION=100.95.84.5 50454 100.82.112.7 22", "TMUX_PANE=%2", "LESSOPEN=| /usr/bin/lesspipe %s", "JULIA_PKG_PRECOMPILE_AUTO=0", "XDG_DATA_DIRS=/usr/share/gnome:/usr/local/share:/usr/share:/var/lib/snapd/desktop", "XDG_SESSION_ID=1677", "PATH=/home/ian/.juliaup/bin:/home/ian/.local/bin:/usr/local/sbin:/usr/local/bin:/usr/sbin:/usr/bin:/sbin:/bin:/usr/games:/usr/local/games:/snap/bin", "SSH_TTY=/dev/pts/1", "LOGNAME=ian", "TERM_PROGRAM_VERSION=3.4", "HUSHLOGIN=FALSE", "XDG_SESSION_TYPE=tty", "DEBUGINFOD_URLS=https://debuginfod.ubuntu.com ", "PWD", "OPENBLAS_DEFAULT_NUM_THREADS=1", "REMOTEHOST=100.104.183.53", "HOME=/home/ian", "JULIA_NUM_THREADS=1", "JULIA_PRECOMP_REPORT_TIMING=1", "DBUS_SESSION_BUS_ADDRESS=unix:path=/run/user/1000/bus", "XDG_SESSION_CLASS=user"]): no such file or directory (ENOENT)
Many shells expand '~' to the home directory in unquoted strings. To replicate this behavior, call `expanduser` to expand the '~' character to the user’s home directory.

Wavelets 
Failed to precompile Wavelets [29a6e085-ba6d-5f35-a997-948ac2efa89a] to "/tmp/julia-ttfx-depot/compiled/v1.14/Wavelets/jl_mnas93" (ProcessExited(1)).

JumpProcesses 
Failed to precompile JumpProcesses [ccbc3e58-028d-4f4c-8cd5-9ae44345cda5] to "/tmp/julia-ttfx-depot/compiled/v1.14/JumpProcesses/jl_N8lze5" (ProcessExited(1)).

RecipesBase 
IOError: could not spawn setenv(`/home/ian/.julia/juliaup/julia-pr62725/bin/julia -C native -J/home/ian/.julia/juliaup/julia-pr62725/lib/julia/sys.so -g1 --startup-file=no --compiled-modules=strict --output-o /tmp/julia-ttfx-depot/compiled/v1.14/RecipesBase/jl_9iXbe6 --output-ji /tmp/julia-ttfx-depot/compiled/v1.14/RecipesBase/jl_JGOjmD --output-incremental=yes --startup-file=no --history-file=no --warn-overwrite=yes --color=auto -`,["TERM=tmux-256color", "TTFX_DEPOT_PATH=/tmp/julia-ttfx-depot", "OPENBLAS_NUM_THREADS=1", "OPENBLAS_MAIN_FREE=1", "SHELL=/bin/bash", "SSH_CLIENT=100.104.183.53 58167 22", "JULIA_DEPOT_PATH=/tmp/julia-ttfx-depot:", "OLDPWD=/home/ian/Documents/GitHub/julia", "TMUX=/tmp/tmux-1000/default,1292951,2", "LC_TERMINAL_VERSION=3.6.11", "XDG_RUNTIME_DIR=/run/user/1000", "JULIA_PRECOMPILE_JOBSERVER=/jl_pc_3749826_1", "USER=ian", "LC_TERMINAL=iTerm2", "SHLVL=2", "MAIL=/var/mail/ian", "TERM_PROGRAM=tmux", "LD_LIBRARY_PATH=/usr/local/cuda/lib64:", "_=/home/ian/.juliaup/bin/julia", "LS_COLORS=rs=0:di=01;34:ln=01;36:mh=00:pi=40;33:so=01;35:do=01;35:bd=40;33;01:cd=40;33;01:or=40;31;01:mi=00:su=37;41:sg=30;43:ca=00:tw=30;42:ow=34;42:st=37;44:ex=01;32:*.tar=01;31:*.tgz=01;31:*.arc=01;31:*.arj=01;31:*.taz=01;31:*.lha=01;31:*.lz4=01;31:*.lzh=01;31:*.lzma=01;31:*.tlz=01;31:*.txz=01;31:*.tzo=01;31:*.t7z=01;31:*.zip=01;31:*.z=01;31:*.dz=01;31:*.gz=01;31:*.lrz=01;31:*.lz=01;31:*.lzo=01;31:*.xz=01;31:*.zst=01;31:*.tzst=01;31:*.bz2=01;31:*.bz=01;31:*.tbz=01;31:*.tbz2=01;31:*.tz=01;31:*.deb=01;31:*.rpm=01;31:*.jar=01;31:*.war=01;31:*.ear=01;31:*.sar=01;31:*.rar=01;31:*.alz=01;31:*.ace=01;31:*.zoo=01;31:*.cpio=01;31:*.7z=01;31:*.rz=01;31:*.cab=01;31:*.wim=01;31:*.swm=01;31:*.dwm=01;31:*.esd=01;31:*.avif=01;35:*.jpg=01;35:*.jpeg=01;35:*.mjpg=01;35:*.mjpeg=01;35:*.gif=01;35:*.bmp=01;35:*.pbm=01;35:*.pgm=01;35:*.ppm=01;35:*.tga=01;35:*.xbm=01;35:*.xpm=01;35:*.tif=01;35:*.tiff=01;35:*.png=01;35:*.svg=01;35:*.svgz=01;35:*.mng=01;35:*.pcx=01;35:*.mov=01;35:*.mpg=01;35:*.mpeg=01;35:*.m2v=01;35:*.mkv=01;35:*.webm=01;35:*.webp=01;35:*.ogm=01;35:*.mp4=01;35:*.m4v=01;35:*.mp4v=01;35:*.vob=01;35:*.qt=01;35:*.nuv=01;35:*.wmv=01;35:*.asf=01;35:*.rm=01;35:*.rmvb=01;35:*.flc=01;35:*.avi=01;35:*.fli=01;35:*.flv=01;35:*.gl=01;35:*.dl=01;35:*.xcf=01;35:*.xwd=01;35:*.yuv=01;35:*.cgm=01;35:*.emf=01;35:*.ogv=01;35:*.ogx=01;35:*.aac=00;36:*.au=00;36:*.flac=00;36:*.m4a=00;36:*.mid=00;36:*.midi=00;36:*.mka=00;36:*.mp3=00;36:*.mpc=00;36:*.ogg=00;36:*.ra=00;36:*.wav=00;36:*.oga=00;36:*.opus=00;36:*.spx=00;36:*.xspf=00;36:*~=00;90:*#=00;90:*.bak=00;90:*.crdownload=00;90:*.dpkg-dist=00;90:*.dpkg-new=00;90:*.dpkg-old=00;90:*.dpkg-tmp=00;90:*.old=00;90:*.orig=00;90:*.part=00;90:*.rej=00;90:*.rpmnew=00;90:*.rpmorig=00;90:*.rpmsave=00;90:*.swp=00;90:*.tmp=00;90:*.ucf-dist=00;90:*.ucf-new=00;90:*.ucf-old=00;90:", "LANG=en_US.UTF-8", "LESSCLOSE=/usr/bin/lesspipe %s %s", "SSH_CONNECTION=100.95.84.5 50454 100.82.112.7 22", "TMUX_PANE=%2", "LESSOPEN=| /usr/bin/lesspipe %s", "JULIA_PKG_PRECOMPILE_AUTO=0", "XDG_DATA_DIRS=/usr/share/gnome:/usr/local/share:/usr/share:/var/lib/snapd/desktop", "XDG_SESSION_ID=1677", "PATH=/home/ian/.juliaup/bin:/home/ian/.local/bin:/usr/local/sbin:/usr/local/bin:/usr/sbin:/usr/bin:/sbin:/bin:/usr/games:/usr/local/games:/snap/bin", "SSH_TTY=/dev/pts/1", "LOGNAME=ian", "TERM_PROGRAM_VERSION=3.4", "HUSHLOGIN=FALSE", "XDG_SESSION_TYPE=tty", "DEBUGINFOD_URLS=https://debuginfod.ubuntu.com ", "PWD", "OPENBLAS_DEFAULT_NUM_THREADS=1", "REMOTEHOST=100.104.183.53", "HOME=/home/ian", "JULIA_NUM_THREADS=1", "JULIA_PRECOMP_REPORT_TIMING=1", "DBUS_SESSION_BUS_ADDRESS=unix:path=/run/user/1000/bus", "XDG_SESSION_CLASS=user"]): no such file or directory (ENOENT)
Many shells expand '~' to the home directory in unquoted strings. To replicate this behavior, call `expanduser` to expand the '~' character to the user’s home directory.

DifferentiationInterface → DifferentiationInterfaceStaticArraysExt 
IOError: could not spawn setenv(`/home/ian/.julia/juliaup/julia-pr62725/bin/julia -C native -J/home/ian/.julia/juliaup/julia-pr62725/lib/julia/sys.so -g1 --startup-file=no --compiled-modules=strict --output-o /tmp/julia-ttfx-depot/compiled/v1.14/DifferentiationInterfaceStaticArraysExt/jl_MesVWA --output-ji /tmp/julia-ttfx-depot/compiled/v1.14/DifferentiationInterfaceStaticArraysExt/jl_F9oD5o --output-incremental=yes --startup-file=no --history-file=no --warn-overwrite=yes --color=auto -`,["TERM=tmux-256color", "TTFX_DEPOT_PATH=/tmp/julia-ttfx-depot", "OPENBLAS_NUM_THREADS=1", "OPENBLAS_MAIN_FREE=1", "SHELL=/bin/bash", "SSH_CLIENT=100.104.183.53 58167 22", "JULIA_DEPOT_PATH=/tmp/julia-ttfx-depot:", "OLDPWD=/home/ian/Documents/GitHub/julia", "TMUX=/tmp/tmux-1000/default,1292951,2", "LC_TERMINAL_VERSION=3.6.11", "XDG_RUNTIME_DIR=/run/user/1000", "JULIA_PRECOMPILE_JOBSERVER=/jl_pc_3749826_1", "USER=ian", "LC_TERMINAL=iTerm2", "SHLVL=2", "MAIL=/var/mail/ian", "TERM_PROGRAM=tmux", "LD_LIBRARY_PATH=/usr/local/cuda/lib64:", "_=/home/ian/.juliaup/bin/julia", "LS_COLORS=rs=0:di=01;34:ln=01;36:mh=00:pi=40;33:so=01;35:do=01;35:bd=40;33;01:cd=40;33;01:or=40;31;01:mi=00:su=37;41:sg=30;43:ca=00:tw=30;42:ow=34;42:st=37;44:ex=01;32:*.tar=01;31:*.tgz=01;31:*.arc=01;31:*.arj=01;31:*.taz=01;31:*.lha=01;31:*.lz4=01;31:*.lzh=01;31:*.lzma=01;31:*.tlz=01;31:*.txz=01;31:*.tzo=01;31:*.t7z=01;31:*.zip=01;31:*.z=01;31:*.dz=01;31:*.gz=01;31:*.lrz=01;31:*.lz=01;31:*.lzo=01;31:*.xz=01;31:*.zst=01;31:*.tzst=01;31:*.bz2=01;31:*.bz=01;31:*.tbz=01;31:*.tbz2=01;31:*.tz=01;31:*.deb=01;31:*.rpm=01;31:*.jar=01;31:*.war=01;31:*.ear=01;31:*.sar=01;31:*.rar=01;31:*.alz=01;31:*.ace=01;31:*.zoo=01;31:*.cpio=01;31:*.7z=01;31:*.rz=01;31:*.cab=01;31:*.wim=01;31:*.swm=01;31:*.dwm=01;31:*.esd=01;31:*.avif=01;35:*.jpg=01;35:*.jpeg=01;35:*.mjpg=01;35:*.mjpeg=01;35:*.gif=01;35:*.bmp=01;35:*.pbm=01;35:*.pgm=01;35:*.ppm=01;35:*.tga=01;35:*.xbm=01;35:*.xpm=01;35:*.tif=01;35:*.tiff=01;35:*.png=01;35:*.svg=01;35:*.svgz=01;35:*.mng=01;35:*.pcx=01;35:*.mov=01;35:*.mpg=01;35:*.mpeg=01;35:*.m2v=01;35:*.mkv=01;35:*.webm=01;35:*.webp=01;35:*.ogm=01;35:*.mp4=01;35:*.m4v=01;35:*.mp4v=01;35:*.vob=01;35:*.qt=01;35:*.nuv=01;35:*.wmv=01;35:*.asf=01;35:*.rm=01;35:*.rmvb=01;35:*.flc=01;35:*.avi=01;35:*.fli=01;35:*.flv=01;35:*.gl=01;35:*.dl=01;35:*.xcf=01;35:*.xwd=01;35:*.yuv=01;35:*.cgm=01;35:*.emf=01;35:*.ogv=01;35:*.ogx=01;35:*.aac=00;36:*.au=00;36:*.flac=00;36:*.m4a=00;36:*.mid=00;36:*.midi=00;36:*.mka=00;36:*.mp3=00;36:*.mpc=00;36:*.ogg=00;36:*.ra=00;36:*.wav=00;36:*.oga=00;36:*.opus=00;36:*.spx=00;36:*.xspf=00;36:*~=00;90:*#=00;90:*.bak=00;90:*.crdownload=00;90:*.dpkg-dist=00;90:*.dpkg-new=00;90:*.dpkg-old=00;90:*.dpkg-tmp=00;90:*.old=00;90:*.orig=00;90:*.part=00;90:*.rej=00;90:*.rpmnew=00;90:*.rpmorig=00;90:*.rpmsave=00;90:*.swp=00;90:*.tmp=00;90:*.ucf-dist=00;90:*.ucf-new=00;90:*.ucf-old=00;90:", "LANG=en_US.UTF-8", "LESSCLOSE=/usr/bin/lesspipe %s %s", "SSH_CONNECTION=100.95.84.5 50454 100.82.112.7 22", "TMUX_PANE=%2", "LESSOPEN=| /usr/bin/lesspipe %s", "JULIA_PKG_PRECOMPILE_AUTO=0", "XDG_DATA_DIRS=/usr/share/gnome:/usr/local/share:/usr/share:/var/lib/snapd/desktop", "XDG_SESSION_ID=1677", "PATH=/home/ian/.juliaup/bin:/home/ian/.local/bin:/usr/local/sbin:/usr/local/bin:/usr/sbin:/usr/bin:/sbin:/bin:/usr/games:/usr/local/games:/snap/bin", "SSH_TTY=/dev/pts/1", "LOGNAME=ian", "TERM_PROGRAM_VERSION=3.4", "HUSHLOGIN=FALSE", "XDG_SESSION_TYPE=tty", "DEBUGINFOD_URLS=https://debuginfod.ubuntu.com ", "PWD", "OPENBLAS_DEFAULT_NUM_THREADS=1", "REMOTEHOST=100.104.183.53", "HOME=/home/ian", "JULIA_NUM_THREADS=1", "JULIA_PRECOMP_REPORT_TIMING=1", "DBUS_SESSION_BUS_ADDRESS=unix:path=/run/user/1000/bus", "XDG_SESSION_CLASS=user"]): no such file or directory (ENOENT)
Many shells expand '~' to the home directory in unquoted strings. To replicate this behavior, call `expanduser` to expand the '~' character to the user’s home directory.

RecursiveArrayTools → RecursiveArrayToolsTablesExt 
IOError: could not spawn setenv(`/home/ian/.julia/juliaup/julia-pr62725/bin/julia -C native -J/home/ian/.julia/juliaup/julia-pr62725/lib/julia/sys.so -g1 --startup-file=no --compiled-modules=strict --output-o /tmp/julia-ttfx-depot/compiled/v1.14/RecursiveArrayToolsTablesExt/jl_zytFg7 --output-ji /tmp/julia-ttfx-depot/compiled/v1.14/RecursiveArrayToolsTablesExt/jl_7f6a1P --output-incremental=yes --startup-file=no --history-file=no --warn-overwrite=yes --color=auto -`,["TERM=tmux-256color", "TTFX_DEPOT_PATH=/tmp/julia-ttfx-depot", "OPENBLAS_NUM_THREADS=1", "OPENBLAS_MAIN_FREE=1", "SHELL=/bin/bash", "SSH_CLIENT=100.104.183.53 58167 22", "JULIA_DEPOT_PATH=/tmp/julia-ttfx-depot:", "OLDPWD=/home/ian/Documents/GitHub/julia", "TMUX=/tmp/tmux-1000/default,1292951,2", "LC_TERMINAL_VERSION=3.6.11", "XDG_RUNTIME_DIR=/run/user/1000", "JULIA_PRECOMPILE_JOBSERVER=/jl_pc_3749826_1", "USER=ian", "LC_TERMINAL=iTerm2", "SHLVL=2", "MAIL=/var/mail/ian", "TERM_PROGRAM=tmux", "LD_LIBRARY_PATH=/usr/local/cuda/lib64:", "_=/home/ian/.juliaup/bin/julia", "LS_COLORS=rs=0:di=01;34:ln=01;36:mh=00:pi=40;33:so=01;35:do=01;35:bd=40;33;01:cd=40;33;01:or=40;31;01:mi=00:su=37;41:sg=30;43:ca=00:tw=30;42:ow=34;42:st=37;44:ex=01;32:*.tar=01;31:*.tgz=01;31:*.arc=01;31:*.arj=01;31:*.taz=01;31:*.lha=01;31:*.lz4=01;31:*.lzh=01;31:*.lzma=01;31:*.tlz=01;31:*.txz=01;31:*.tzo=01;31:*.t7z=01;31:*.zip=01;31:*.z=01;31:*.dz=01;31:*.gz=01;31:*.lrz=01;31:*.lz=01;31:*.lzo=01;31:*.xz=01;31:*.zst=01;31:*.tzst=01;31:*.bz2=01;31:*.bz=01;31:*.tbz=01;31:*.tbz2=01;31:*.tz=01;31:*.deb=01;31:*.rpm=01;31:*.jar=01;31:*.war=01;31:*.ear=01;31:*.sar=01;31:*.rar=01;31:*.alz=01;31:*.ace=01;31:*.zoo=01;31:*.cpio=01;31:*.7z=01;31:*.rz=01;31:*.cab=01;31:*.wim=01;31:*.swm=01;31:*.dwm=01;31:*.esd=01;31:*.avif=01;35:*.jpg=01;35:*.jpeg=01;35:*.mjpg=01;35:*.mjpeg=01;35:*.gif=01;35:*.bmp=01;35:*.pbm=01;35:*.pgm=01;35:*.ppm=01;35:*.tga=01;35:*.xbm=01;35:*.xpm=01;35:*.tif=01;35:*.tiff=01;35:*.png=01;35:*.svg=01;35:*.svgz=01;35:*.mng=01;35:*.pcx=01;35:*.mov=01;35:*.mpg=01;35:*.mpeg=01;35:*.m2v=01;35:*.mkv=01;35:*.webm=01;35:*.webp=01;35:*.ogm=01;35:*.mp4=01;35:*.m4v=01;35:*.mp4v=01;35:*.vob=01;35:*.qt=01;35:*.nuv=01;35:*.wmv=01;35:*.asf=01;35:*.rm=01;35:*.rmvb=01;35:*.flc=01;35:*.avi=01;35:*.fli=01;35:*.flv=01;35:*.gl=01;35:*.dl=01;35:*.xcf=01;35:*.xwd=01;35:*.yuv=01;35:*.cgm=01;35:*.emf=01;35:*.ogv=01;35:*.ogx=01;35:*.aac=00;36:*.au=00;36:*.flac=00;36:*.m4a=00;36:*.mid=00;36:*.midi=00;36:*.mka=00;36:*.mp3=00;36:*.mpc=00;36:*.ogg=00;36:*.ra=00;36:*.wav=00;36:*.oga=00;36:*.opus=00;36:*.spx=00;36:*.xspf=00;36:*~=00;90:*#=00;90:*.bak=00;90:*.crdownload=00;90:*.dpkg-dist=00;90:*.dpkg-new=00;90:*.dpkg-old=00;90:*.dpkg-tmp=00;90:*.old=00;90:*.orig=00;90:*.part=00;90:*.rej=00;90:*.rpmnew=00;90:*.rpmorig=00;90:*.rpmsave=00;90:*.swp=00;90:*.tmp=00;90:*.ucf-dist=00;90:*.ucf-new=00;90:*.ucf-old=00;90:", "LANG=en_US.UTF-8", "LESSCLOSE=/usr/bin/lesspipe %s %s", "SSH_CONNECTION=100.95.84.5 50454 100.82.112.7 22", "TMUX_PANE=%2", "LESSOPEN=| /usr/bin/lesspipe %s", "JULIA_PKG_PRECOMPILE_AUTO=0", "XDG_DATA_DIRS=/usr/share/gnome:/usr/local/share:/usr/share:/var/lib/snapd/desktop", "XDG_SESSION_ID=1677", "PATH=/home/ian/.juliaup/bin:/home/ian/.local/bin:/usr/local/sbin:/usr/local/bin:/usr/sbin:/usr/bin:/sbin:/bin:/usr/games:/usr/local/games:/snap/bin", "SSH_TTY=/dev/pts/1", "LOGNAME=ian", "TERM_PROGRAM_VERSION=3.4", "HUSHLOGIN=FALSE", "XDG_SESSION_TYPE=tty", "DEBUGINFOD_URLS=https://debuginfod.ubuntu.com ", "PWD", "OPENBLAS_DEFAULT_NUM_THREADS=1", "REMOTEHOST=100.104.183.53", "HOME=/home/ian", "JULIA_NUM_THREADS=1", "JULIA_PRECOMP_REPORT_TIMING=1", "DBUS_SESSION_BUS_ADDRESS=unix:path=/run/user/1000/bus", "XDG_SESSION_CLASS=user"]): no such file or directory (ENOENT)
Many shells expand '~' to the home directory in unquoted strings. To replicate this behavior, call `expanduser` to expand the '~' character to the user’s home directory.

StringManipulation 
IOError: could not spawn setenv(`/home/ian/.julia/juliaup/julia-pr62725/bin/julia -C native -J/home/ian/.julia/juliaup/julia-pr62725/lib/julia/sys.so -g1 --startup-file=no --compiled-modules=strict --output-o /tmp/julia-ttfx-depot/compiled/v1.14/StringManipulation/jl_lYHpjW --output-ji /tmp/julia-ttfx-depot/compiled/v1.14/StringManipulation/jl_nYDChr --output-incremental=yes --startup-file=no --history-file=no --warn-overwrite=yes --color=auto -`,["TERM=tmux-256color", "TTFX_DEPOT_PATH=/tmp/julia-ttfx-depot", "OPENBLAS_NUM_THREADS=1", "OPENBLAS_MAIN_FREE=1", "SHELL=/bin/bash", "SSH_CLIENT=100.104.183.53 58167 22", "JULIA_DEPOT_PATH=/tmp/julia-ttfx-depot:", "OLDPWD=/home/ian/Documents/GitHub/julia", "TMUX=/tmp/tmux-1000/default,1292951,2", "LC_TERMINAL_VERSION=3.6.11", "XDG_RUNTIME_DIR=/run/user/1000", "JULIA_PRECOMPILE_JOBSERVER=/jl_pc_3749826_1", "USER=ian", "LC_TERMINAL=iTerm2", "SHLVL=2", "MAIL=/var/mail/ian", "TERM_PROGRAM=tmux", "LD_LIBRARY_PATH=/usr/local/cuda/lib64:", "_=/home/ian/.juliaup/bin/julia", "LS_COLORS=rs=0:di=01;34:ln=01;36:mh=00:pi=40;33:so=01;35:do=01;35:bd=40;33;01:cd=40;33;01:or=40;31;01:mi=00:su=37;41:sg=30;43:ca=00:tw=30;42:ow=34;42:st=37;44:ex=01;32:*.tar=01;31:*.tgz=01;31:*.arc=01;31:*.arj=01;31:*.taz=01;31:*.lha=01;31:*.lz4=01;31:*.lzh=01;31:*.lzma=01;31:*.tlz=01;31:*.txz=01;31:*.tzo=01;31:*.t7z=01;31:*.zip=01;31:*.z=01;31:*.dz=01;31:*.gz=01;31:*.lrz=01;31:*.lz=01;31:*.lzo=01;31:*.xz=01;31:*.zst=01;31:*.tzst=01;31:*.bz2=01;31:*.bz=01;31:*.tbz=01;31:*.tbz2=01;31:*.tz=01;31:*.deb=01;31:*.rpm=01;31:*.jar=01;31:*.war=01;31:*.ear=01;31:*.sar=01;31:*.rar=01;31:*.alz=01;31:*.ace=01;31:*.zoo=01;31:*.cpio=01;31:*.7z=01;31:*.rz=01;31:*.cab=01;31:*.wim=01;31:*.swm=01;31:*.dwm=01;31:*.esd=01;31:*.avif=01;35:*.jpg=01;35:*.jpeg=01;35:*.mjpg=01;35:*.mjpeg=01;35:*.gif=01;35:*.bmp=01;35:*.pbm=01;35:*.pgm=01;35:*.ppm=01;35:*.tga=01;35:*.xbm=01;35:*.xpm=01;35:*.tif=01;35:*.tiff=01;35:*.png=01;35:*.svg=01;35:*.svgz=01;35:*.mng=01;35:*.pcx=01;35:*.mov=01;35:*.mpg=01;35:*.mpeg=01;35:*.m2v=01;35:*.mkv=01;35:*.webm=01;35:*.webp=01;35:*.ogm=01;35:*.mp4=01;35:*.m4v=01;35:*.mp4v=01;35:*.vob=01;35:*.qt=01;35:*.nuv=01;35:*.wmv=01;35:*.asf=01;35:*.rm=01;35:*.rmvb=01;35:*.flc=01;35:*.avi=01;35:*.fli=01;35:*.flv=01;35:*.gl=01;35:*.dl=01;35:*.xcf=01;35:*.xwd=01;35:*.yuv=01;35:*.cgm=01;35:*.emf=01;35:*.ogv=01;35:*.ogx=01;35:*.aac=00;36:*.au=00;36:*.flac=00;36:*.m4a=00;36:*.mid=00;36:*.midi=00;36:*.mka=00;36:*.mp3=00;36:*.mpc=00;36:*.ogg=00;36:*.ra=00;36:*.wav=00;36:*.oga=00;36:*.opus=00;36:*.spx=00;36:*.xspf=00;36:*~=00;90:*#=00;90:*.bak=00;90:*.crdownload=00;90:*.dpkg-dist=00;90:*.dpkg-new=00;90:*.dpkg-old=00;90:*.dpkg-tmp=00;90:*.old=00;90:*.orig=00;90:*.part=00;90:*.rej=00;90:*.rpmnew=00;90:*.rpmorig=00;90:*.rpmsave=00;90:*.swp=00;90:*.tmp=00;90:*.ucf-dist=00;90:*.ucf-new=00;90:*.ucf-old=00;90:", "LANG=en_US.UTF-8", "LESSCLOSE=/usr/bin/lesspipe %s %s", "SSH_CONNECTION=100.95.84.5 50454 100.82.112.7 22", "TMUX_PANE=%2", "LESSOPEN=| /usr/bin/lesspipe %s", "JULIA_PKG_PRECOMPILE_AUTO=0", "XDG_DATA_DIRS=/usr/share/gnome:/usr/local/share:/usr/share:/var/lib/snapd/desktop", "XDG_SESSION_ID=1677", "PATH=/home/ian/.juliaup/bin:/home/ian/.local/bin:/usr/local/sbin:/usr/local/bin:/usr/sbin:/usr/bin:/sbin:/bin:/usr/games:/usr/local/games:/snap/bin", "SSH_TTY=/dev/pts/1", "LOGNAME=ian", "TERM_PROGRAM_VERSION=3.4", "HUSHLOGIN=FALSE", "XDG_SESSION_TYPE=tty", "DEBUGINFOD_URLS=https://debuginfod.ubuntu.com ", "PWD", "OPENBLAS_DEFAULT_NUM_THREADS=1", "REMOTEHOST=100.104.183.53", "HOME=/home/ian", "JULIA_NUM_THREADS=1", "JULIA_PRECOMP_REPORT_TIMING=1", "DBUS_SESSION_BUS_ADDRESS=unix:path=/run/user/1000/bus", "XDG_SESSION_CLASS=user"]): no such file or directory (ENOENT)
Many shells expand '~' to the home directory in unquoted strings. To replicate this behavior, call `expanduser` to expand the '~' character to the user’s home directory.

RecursiveArrayTools → RecursiveArrayToolsFastBroadcastExt 
IOError: could not spawn setenv(`/home/ian/.julia/juliaup/julia-pr62725/bin/julia -C native -J/home/ian/.julia/juliaup/julia-pr62725/lib/julia/sys.so -g1 --startup-file=no --compiled-modules=strict --output-o /tmp/julia-ttfx-depot/compiled/v1.14/RecursiveArrayToolsFastBroadcastExt/jl_XvleQJ --output-ji /tmp/julia-ttfx-depot/compiled/v1.14/RecursiveArrayToolsFastBroadcastExt/jl_dgpklj --output-incremental=yes --startup-file=no --history-file=no --warn-overwrite=yes --color=auto -`,["TERM=tmux-256color", "TTFX_DEPOT_PATH=/tmp/julia-ttfx-depot", "OPENBLAS_NUM_THREADS=1", "OPENBLAS_MAIN_FREE=1", "SHELL=/bin/bash", "SSH_CLIENT=100.104.183.53 58167 22", "JULIA_DEPOT_PATH=/tmp/julia-ttfx-depot:", "OLDPWD=/home/ian/Documents/GitHub/julia", "TMUX=/tmp/tmux-1000/default,1292951,2", "LC_TERMINAL_VERSION=3.6.11", "XDG_RUNTIME_DIR=/run/user/1000", "JULIA_PRECOMPILE_JOBSERVER=/jl_pc_3749826_1", "USER=ian", "LC_TERMINAL=iTerm2", "SHLVL=2", "MAIL=/var/mail/ian", "TERM_PROGRAM=tmux", "LD_LIBRARY_PATH=/usr/local/cuda/lib64:", "_=/home/ian/.juliaup/bin/julia", "LS_COLORS=rs=0:di=01;34:ln=01;36:mh=00:pi=40;33:so=01;35:do=01;35:bd=40;33;01:cd=40;33;01:or=40;31;01:mi=00:su=37;41:sg=30;43:ca=00:tw=30;42:ow=34;42:st=37;44:ex=01;32:*.tar=01;31:*.tgz=01;31:*.arc=01;31:*.arj=01;31:*.taz=01;31:*.lha=01;31:*.lz4=01;31:*.lzh=01;31:*.lzma=01;31:*.tlz=01;31:*.txz=01;31:*.tzo=01;31:*.t7z=01;31:*.zip=01;31:*.z=01;31:*.dz=01;31:*.gz=01;31:*.lrz=01;31:*.lz=01;31:*.lzo=01;31:*.xz=01;31:*.zst=01;31:*.tzst=01;31:*.bz2=01;31:*.bz=01;31:*.tbz=01;31:*.tbz2=01;31:*.tz=01;31:*.deb=01;31:*.rpm=01;31:*.jar=01;31:*.war=01;31:*.ear=01;31:*.sar=01;31:*.rar=01;31:*.alz=01;31:*.ace=01;31:*.zoo=01;31:*.cpio=01;31:*.7z=01;31:*.rz=01;31:*.cab=01;31:*.wim=01;31:*.swm=01;31:*.dwm=01;31:*.esd=01;31:*.avif=01;35:*.jpg=01;35:*.jpeg=01;35:*.mjpg=01;35:*.mjpeg=01;35:*.gif=01;35:*.bmp=01;35:*.pbm=01;35:*.pgm=01;35:*.ppm=01;35:*.tga=01;35:*.xbm=01;35:*.xpm=01;35:*.tif=01;35:*.tiff=01;35:*.png=01;35:*.svg=01;35:*.svgz=01;35:*.mng=01;35:*.pcx=01;35:*.mov=01;35:*.mpg=01;35:*.mpeg=01;35:*.m2v=01;35:*.mkv=01;35:*.webm=01;35:*.webp=01;35:*.ogm=01;35:*.mp4=01;35:*.m4v=01;35:*.mp4v=01;35:*.vob=01;35:*.qt=01;35:*.nuv=01;35:*.wmv=01;35:*.asf=01;35:*.rm=01;35:*.rmvb=01;35:*.flc=01;35:*.avi=01;35:*.fli=01;35:*.flv=01;35:*.gl=01;35:*.dl=01;35:*.xcf=01;35:*.xwd=01;35:*.yuv=01;35:*.cgm=01;35:*.emf=01;35:*.ogv=01;35:*.ogx=01;35:*.aac=00;36:*.au=00;36:*.flac=00;36:*.m4a=00;36:*.mid=00;36:*.midi=00;36:*.mka=00;36:*.mp3=00;36:*.mpc=00;36:*.ogg=00;36:*.ra=00;36:*.wav=00;36:*.oga=00;36:*.opus=00;36:*.spx=00;36:*.xspf=00;36:*~=00;90:*#=00;90:*.bak=00;90:*.crdownload=00;90:*.dpkg-dist=00;90:*.dpkg-new=00;90:*.dpkg-old=00;90:*.dpkg-tmp=00;90:*.old=00;90:*.orig=00;90:*.part=00;90:*.rej=00;90:*.rpmnew=00;90:*.rpmorig=00;90:*.rpmsave=00;90:*.swp=00;90:*.tmp=00;90:*.ucf-dist=00;90:*.ucf-new=00;90:*.ucf-old=00;90:", "LANG=en_US.UTF-8", "LESSCLOSE=/usr/bin/lesspipe %s %s", "SSH_CONNECTION=100.95.84.5 50454 100.82.112.7 22", "TMUX_PANE=%2", "LESSOPEN=| /usr/bin/lesspipe %s", "JULIA_PKG_PRECOMPILE_AUTO=0", "XDG_DATA_DIRS=/usr/share/gnome:/usr/local/share:/usr/share:/var/lib/snapd/desktop", "XDG_SESSION_ID=1677", "PATH=/home/ian/.juliaup/bin:/home/ian/.local/bin:/usr/local/sbin:/usr/local/bin:/usr/sbin:/usr/bin:/sbin:/bin:/usr/games:/usr/local/games:/snap/bin", "SSH_TTY=/dev/pts/1", "LOGNAME=ian", "TERM_PROGRAM_VERSION=3.4", "HUSHLOGIN=FALSE", "XDG_SESSION_TYPE=tty", "DEBUGINFOD_URLS=https://debuginfod.ubuntu.com ", "PWD", "OPENBLAS_DEFAULT_NUM_THREADS=1", "REMOTEHOST=100.104.183.53", "HOME=/home/ian", "JULIA_NUM_THREADS=1", "JULIA_PRECOMP_REPORT_TIMING=1", "DBUS_SESSION_BUS_ADDRESS=unix:path=/run/user/1000/bus", "XDG_SESSION_CLASS=user"]): no such file or directory (ENOENT)
Many shells expand '~' to the home directory in unquoted strings. To replicate this behavior, call `expanduser` to expand the '~' character to the user’s home directory.

DataStructures 
IOError: could not spawn setenv(`/home/ian/.julia/juliaup/julia-pr62725/bin/julia -C native -J/home/ian/.julia/juliaup/julia-pr62725/lib/julia/sys.so -g1 --startup-file=no --compiled-modules=strict --output-o /tmp/julia-ttfx-depot/compiled/v1.14/DataStructures/jl_vhkUp4 --output-ji /tmp/julia-ttfx-depot/compiled/v1.14/DataStructures/jl_5JCURk --output-incremental=yes --startup-file=no --history-file=no --warn-overwrite=yes --color=auto -`,["TERM=tmux-256color", "TTFX_DEPOT_PATH=/tmp/julia-ttfx-depot", "OPENBLAS_NUM_THREADS=1", "OPENBLAS_MAIN_FREE=1", "SHELL=/bin/bash", "SSH_CLIENT=100.104.183.53 58167 22", "JULIA_DEPOT_PATH=/tmp/julia-ttfx-depot:", "OLDPWD=/home/ian/Documents/GitHub/julia", "TMUX=/tmp/tmux-1000/default,1292951,2", "LC_TERMINAL_VERSION=3.6.11", "XDG_RUNTIME_DIR=/run/user/1000", "JULIA_PRECOMPILE_JOBSERVER=/jl_pc_3749826_1", "USER=ian", "LC_TERMINAL=iTerm2", "SHLVL=2", "MAIL=/var/mail/ian", "TERM_PROGRAM=tmux", "LD_LIBRARY_PATH=/usr/local/cuda/lib64:", "_=/home/ian/.juliaup/bin/julia", "LS_COLORS=rs=0:di=01;34:ln=01;36:mh=00:pi=40;33:so=01;35:do=01;35:bd=40;33;01:cd=40;33;01:or=40;31;01:mi=00:su=37;41:sg=30;43:ca=00:tw=30;42:ow=34;42:st=37;44:ex=01;32:*.tar=01;31:*.tgz=01;31:*.arc=01;31:*.arj=01;31:*.taz=01;31:*.lha=01;31:*.lz4=01;31:*.lzh=01;31:*.lzma=01;31:*.tlz=01;31:*.txz=01;31:*.tzo=01;31:*.t7z=01;31:*.zip=01;31:*.z=01;31:*.dz=01;31:*.gz=01;31:*.lrz=01;31:*.lz=01;31:*.lzo=01;31:*.xz=01;31:*.zst=01;31:*.tzst=01;31:*.bz2=01;31:*.bz=01;31:*.tbz=01;31:*.tbz2=01;31:*.tz=01;31:*.deb=01;31:*.rpm=01;31:*.jar=01;31:*.war=01;31:*.ear=01;31:*.sar=01;31:*.rar=01;31:*.alz=01;31:*.ace=01;31:*.zoo=01;31:*.cpio=01;31:*.7z=01;31:*.rz=01;31:*.cab=01;31:*.wim=01;31:*.swm=01;31:*.dwm=01;31:*.esd=01;31:*.avif=01;35:*.jpg=01;35:*.jpeg=01;35:*.mjpg=01;35:*.mjpeg=01;35:*.gif=01;35:*.bmp=01;35:*.pbm=01;35:*.pgm=01;35:*.ppm=01;35:*.tga=01;35:*.xbm=01;35:*.xpm=01;35:*.tif=01;35:*.tiff=01;35:*.png=01;35:*.svg=01;35:*.svgz=01;35:*.mng=01;35:*.pcx=01;35:*.mov=01;35:*.mpg=01;35:*.mpeg=01;35:*.m2v=01;35:*.mkv=01;35:*.webm=01;35:*.webp=01;35:*.ogm=01;35:*.mp4=01;35:*.m4v=01;35:*.mp4v=01;35:*.vob=01;35:*.qt=01;35:*.nuv=01;35:*.wmv=01;35:*.asf=01;35:*.rm=01;35:*.rmvb=01;35:*.flc=01;35:*.avi=01;35:*.fli=01;35:*.flv=01;35:*.gl=01;35:*.dl=01;35:*.xcf=01;35:*.xwd=01;35:*.yuv=01;35:*.cgm=01;35:*.emf=01;35:*.ogv=01;35:*.ogx=01;35:*.aac=00;36:*.au=00;36:*.flac=00;36:*.m4a=00;36:*.mid=00;36:*.midi=00;36:*.mka=00;36:*.mp3=00;36:*.mpc=00;36:*.ogg=00;36:*.ra=00;36:*.wav=00;36:*.oga=00;36:*.opus=00;36:*.spx=00;36:*.xspf=00;36:*~=00;90:*#=00;90:*.bak=00;90:*.crdownload=00;90:*.dpkg-dist=00;90:*.dpkg-new=00;90:*.dpkg-old=00;90:*.dpkg-tmp=00;90:*.old=00;90:*.orig=00;90:*.part=00;90:*.rej=00;90:*.rpmnew=00;90:*.rpmorig=00;90:*.rpmsave=00;90:*.swp=00;90:*.tmp=00;90:*.ucf-dist=00;90:*.ucf-new=00;90:*.ucf-old=00;90:", "LANG=en_US.UTF-8", "LESSCLOSE=/usr/bin/lesspipe %s %s", "SSH_CONNECTION=100.95.84.5 50454 100.82.112.7 22", "TMUX_PANE=%2", "LESSOPEN=| /usr/bin/lesspipe %s", "JULIA_PKG_PRECOMPILE_AUTO=0", "XDG_DATA_DIRS=/usr/share/gnome:/usr/local/share:/usr/share:/var/lib/snapd/desktop", "XDG_SESSION_ID=1677", "PATH=/home/ian/.juliaup/bin:/home/ian/.local/bin:/usr/local/sbin:/usr/local/bin:/usr/sbin:/usr/bin:/sbin:/bin:/usr/games:/usr/local/games:/snap/bin", "SSH_TTY=/dev/pts/1", "LOGNAME=ian", "TERM_PROGRAM_VERSION=3.4", "HUSHLOGIN=FALSE", "XDG_SESSION_TYPE=tty", "DEBUGINFOD_URLS=https://debuginfod.ubuntu.com ", "PWD", "OPENBLAS_DEFAULT_NUM_THREADS=1", "REMOTEHOST=100.104.183.53", "HOME=/home/ian", "JULIA_NUM_THREADS=1", "JULIA_PRECOMP_REPORT_TIMING=1", "DBUS_SESSION_BUS_ADDRESS=unix:path=/run/user/1000/bus", "XDG_SESSION_CLASS=user"]): no such file or directory (ENOENT)
Many shells expand '~' to the home directory in unquoted strings. To replicate this behavior, call `expanduser` to expand the '~' character to the user’s home directory.

Clustering 
IOError: could not spawn setenv(`/home/ian/.julia/juliaup/julia-pr62725/bin/julia -C native -J/home/ian/.julia/juliaup/julia-pr62725/lib/julia/sys.so -g1 --startup-file=no --compiled-modules=strict --output-o /tmp/julia-ttfx-depot/compiled/v1.14/Clustering/jl_n585JR --output-ji /tmp/julia-ttfx-depot/compiled/v1.14/Clustering/jl_hhfzTb --output-incremental=yes --startup-file=no --history-file=no --warn-overwrite=yes --color=auto -`,["TERM=tmux-256color", "TTFX_DEPOT_PATH=/tmp/julia-ttfx-depot", "OPENBLAS_NUM_THREADS=1", "OPENBLAS_MAIN_FREE=1", "SHELL=/bin/bash", "SSH_CLIENT=100.104.183.53 58167 22", "JULIA_DEPOT_PATH=/tmp/julia-ttfx-depot:", "OLDPWD=/home/ian/Documents/GitHub/julia", "TMUX=/tmp/tmux-1000/default,1292951,2", "LC_TERMINAL_VERSION=3.6.11", "XDG_RUNTIME_DIR=/run/user/1000", "JULIA_PRECOMPILE_JOBSERVER=/jl_pc_3749826_1", "USER=ian", "LC_TERMINAL=iTerm2", "SHLVL=2", "MAIL=/var/mail/ian", "TERM_PROGRAM=tmux", "LD_LIBRARY_PATH=/usr/local/cuda/lib64:", "_=/home/ian/.juliaup/bin/julia", "LS_COLORS=rs=0:di=01;34:ln=01;36:mh=00:pi=40;33:so=01;35:do=01;35:bd=40;33;01:cd=40;33;01:or=40;31;01:mi=00:su=37;41:sg=30;43:ca=00:tw=30;42:ow=34;42:st=37;44:ex=01;32:*.tar=01;31:*.tgz=01;31:*.arc=01;31:*.arj=01;31:*.taz=01;31:*.lha=01;31:*.lz4=01;31:*.lzh=01;31:*.lzma=01;31:*.tlz=01;31:*.txz=01;31:*.tzo=01;31:*.t7z=01;31:*.zip=01;31:*.z=01;31:*.dz=01;31:*.gz=01;31:*.lrz=01;31:*.lz=01;31:*.lzo=01;31:*.xz=01;31:*.zst=01;31:*.tzst=01;31:*.bz2=01;31:*.bz=01;31:*.tbz=01;31:*.tbz2=01;31:*.tz=01;31:*.deb=01;31:*.rpm=01;31:*.jar=01;31:*.war=01;31:*.ear=01;31:*.sar=01;31:*.rar=01;31:*.alz=01;31:*.ace=01;31:*.zoo=01;31:*.cpio=01;31:*.7z=01;31:*.rz=01;31:*.cab=01;31:*.wim=01;31:*.swm=01;31:*.dwm=01;31:*.esd=01;31:*.avif=01;35:*.jpg=01;35:*.jpeg=01;35:*.mjpg=01;35:*.mjpeg=01;35:*.gif=01;35:*.bmp=01;35:*.pbm=01;35:*.pgm=01;35:*.ppm=01;35:*.tga=01;35:*.xbm=01;35:*.xpm=01;35:*.tif=01;35:*.tiff=01;35:*.png=01;35:*.svg=01;35:*.svgz=01;35:*.mng=01;35:*.pcx=01;35:*.mov=01;35:*.mpg=01;35:*.mpeg=01;35:*.m2v=01;35:*.mkv=01;35:*.webm=01;35:*.webp=01;35:*.ogm=01;35:*.mp4=01;35:*.m4v=01;35:*.mp4v=01;35:*.vob=01;35:*.qt=01;35:*.nuv=01;35:*.wmv=01;35:*.asf=01;35:*.rm=01;35:*.rmvb=01;35:*.flc=01;35:*.avi=01;35:*.fli=01;35:*.flv=01;35:*.gl=01;35:*.dl=01;35:*.xcf=01;35:*.xwd=01;35:*.yuv=01;35:*.cgm=01;35:*.emf=01;35:*.ogv=01;35:*.ogx=01;35:*.aac=00;36:*.au=00;36:*.flac=00;36:*.m4a=00;36:*.mid=00;36:*.midi=00;36:*.mka=00;36:*.mp3=00;36:*.mpc=00;36:*.ogg=00;36:*.ra=00;36:*.wav=00;36:*.oga=00;36:*.opus=00;36:*.spx=00;36:*.xspf=00;36:*~=00;90:*#=00;90:*.bak=00;90:*.crdownload=00;90:*.dpkg-dist=00;90:*.dpkg-new=00;90:*.dpkg-old=00;90:*.dpkg-tmp=00;90:*.old=00;90:*.orig=00;90:*.part=00;90:*.rej=00;90:*.rpmnew=00;90:*.rpmorig=00;90:*.rpmsave=00;90:*.swp=00;90:*.tmp=00;90:*.ucf-dist=00;90:*.ucf-new=00;90:*.ucf-old=00;90:", "LANG=en_US.UTF-8", "LESSCLOSE=/usr/bin/lesspipe %s %s", "SSH_CONNECTION=100.95.84.5 50454 100.82.112.7 22", "TMUX_PANE=%2", "LESSOPEN=| /usr/bin/lesspipe %s", "JULIA_PKG_PRECOMPILE_AUTO=0", "XDG_DATA_DIRS=/usr/share/gnome:/usr/local/share:/usr/share:/var/lib/snapd/desktop", "XDG_SESSION_ID=1677", "PATH=/home/ian/.juliaup/bin:/home/ian/.local/bin:/usr/local/sbin:/usr/local/bin:/usr/sbin:/usr/bin:/sbin:/bin:/usr/games:/usr/local/games:/snap/bin", "SSH_TTY=/dev/pts/1", "LOGNAME=ian", "TERM_PROGRAM_VERSION=3.4", "HUSHLOGIN=FALSE", "XDG_SESSION_TYPE=tty", "DEBUGINFOD_URLS=https://debuginfod.ubuntu.com ", "PWD", "OPENBLAS_DEFAULT_NUM_THREADS=1", "REMOTEHOST=100.104.183.53", "HOME=/home/ian", "JULIA_NUM_THREADS=1", "JULIA_PRECOMP_REPORT_TIMING=1", "DBUS_SESSION_BUS_ADDRESS=unix:path=/run/user/1000/bus", "XDG_SESSION_CLASS=user"]): no such file or directory (ENOENT)
Many shells expand '~' to the home directory in unquoted strings. To replicate this behavior, call `expanduser` to expand the '~' character to the user’s home directory.

ADTypes → ADTypesConstructionBaseExt 
IOError: could not spawn setenv(`/home/ian/.julia/juliaup/julia-pr62725/bin/julia -C native -J/home/ian/.julia/juliaup/julia-pr62725/lib/julia/sys.so -g1 --startup-file=no --compiled-modules=strict --output-o /tmp/julia-ttfx-depot/compiled/v1.14/ADTypesConstructionBaseExt/jl_oiqHzD --output-ji /tmp/julia-ttfx-depot/compiled/v1.14/ADTypesConstructionBaseExt/jl_oO2RRD --output-incremental=yes --startup-file=no --history-file=no --warn-overwrite=yes --color=auto -`,["TERM=tmux-256color", "TTFX_DEPOT_PATH=/tmp/julia-ttfx-depot", "OPENBLAS_NUM_THREADS=1", "OPENBLAS_MAIN_FREE=1", "SHELL=/bin/bash", "SSH_CLIENT=100.104.183.53 58167 22", "JULIA_DEPOT_PATH=/tmp/julia-ttfx-depot:", "OLDPWD=/home/ian/Documents/GitHub/julia", "TMUX=/tmp/tmux-1000/default,1292951,2", "LC_TERMINAL_VERSION=3.6.11", "XDG_RUNTIME_DIR=/run/user/1000", "JULIA_PRECOMPILE_JOBSERVER=/jl_pc_3749826_1", "USER=ian", "LC_TERMINAL=iTerm2", "SHLVL=2", "MAIL=/var/mail/ian", "TERM_PROGRAM=tmux", "LD_LIBRARY_PATH=/usr/local/cuda/lib64:", "_=/home/ian/.juliaup/bin/julia", "LS_COLORS=rs=0:di=01;34:ln=01;36:mh=00:pi=40;33:so=01;35:do=01;35:bd=40;33;01:cd=40;33;01:or=40;31;01:mi=00:su=37;41:sg=30;43:ca=00:tw=30;42:ow=34;42:st=37;44:ex=01;32:*.tar=01;31:*.tgz=01;31:*.arc=01;31:*.arj=01;31:*.taz=01;31:*.lha=01;31:*.lz4=01;31:*.lzh=01;31:*.lzma=01;31:*.tlz=01;31:*.txz=01;31:*.tzo=01;31:*.t7z=01;31:*.zip=01;31:*.z=01;31:*.dz=01;31:*.gz=01;31:*.lrz=01;31:*.lz=01;31:*.lzo=01;31:*.xz=01;31:*.zst=01;31:*.tzst=01;31:*.bz2=01;31:*.bz=01;31:*.tbz=01;31:*.tbz2=01;31:*.tz=01;31:*.deb=01;31:*.rpm=01;31:*.jar=01;31:*.war=01;31:*.ear=01;31:*.sar=01;31:*.rar=01;31:*.alz=01;31:*.ace=01;31:*.zoo=01;31:*.cpio=01;31:*.7z=01;31:*.rz=01;31:*.cab=01;31:*.wim=01;31:*.swm=01;31:*.dwm=01;31:*.esd=01;31:*.avif=01;35:*.jpg=01;35:*.jpeg=01;35:*.mjpg=01;35:*.mjpeg=01;35:*.gif=01;35:*.bmp=01;35:*.pbm=01;35:*.pgm=01;35:*.ppm=01;35:*.tga=01;35:*.xbm=01;35:*.xpm=01;35:*.tif=01;35:*.tiff=01;35:*.png=01;35:*.svg=01;35:*.svgz=01;35:*.mng=01;35:*.pcx=01;35:*.mov=01;35:*.mpg=01;35:*.mpeg=01;35:*.m2v=01;35:*.mkv=01;35:*.webm=01;35:*.webp=01;35:*.ogm=01;35:*.mp4=01;35:*.m4v=01;35:*.mp4v=01;35:*.vob=01;35:*.qt=01;35:*.nuv=01;35:*.wmv=01;35:*.asf=01;35:*.rm=01;35:*.rmvb=01;35:*.flc=01;35:*.avi=01;35:*.fli=01;35:*.flv=01;35:*.gl=01;35:*.dl=01;35:*.xcf=01;35:*.xwd=01;35:*.yuv=01;35:*.cgm=01;35:*.emf=01;35:*.ogv=01;35:*.ogx=01;35:*.aac=00;36:*.au=00;36:*.flac=00;36:*.m4a=00;36:*.mid=00;36:*.midi=00;36:*.mka=00;36:*.mp3=00;36:*.mpc=00;36:*.ogg=00;36:*.ra=00;36:*.wav=00;36:*.oga=00;36:*.opus=00;36:*.spx=00;36:*.xspf=00;36:*~=00;90:*#=00;90:*.bak=00;90:*.crdownload=00;90:*.dpkg-dist=00;90:*.dpkg-new=00;90:*.dpkg-old=00;90:*.dpkg-tmp=00;90:*.old=00;90:*.orig=00;90:*.part=00;90:*.rej=00;90:*.rpmnew=00;90:*.rpmorig=00;90:*.rpmsave=00;90:*.swp=00;90:*.tmp=00;90:*.ucf-dist=00;90:*.ucf-new=00;90:*.ucf-old=00;90:", "LANG=en_US.UTF-8", "LESSCLOSE=/usr/bin/lesspipe %s %s", "SSH_CONNECTION=100.95.84.5 50454 100.82.112.7 22", "TMUX_PANE=%2", "LESSOPEN=| /usr/bin/lesspipe %s", "JULIA_PKG_PRECOMPILE_AUTO=0", "XDG_DATA_DIRS=/usr/share/gnome:/usr/local/share:/usr/share:/var/lib/snapd/desktop", "XDG_SESSION_ID=1677", "PATH=/home/ian/.juliaup/bin:/home/ian/.local/bin:/usr/local/sbin:/usr/local/bin:/usr/sbin:/usr/bin:/sbin:/bin:/usr/games:/usr/local/games:/snap/bin", "SSH_TTY=/dev/pts/1", "LOGNAME=ian", "TERM_PROGRAM_VERSION=3.4", "HUSHLOGIN=FALSE", "XDG_SESSION_TYPE=tty", "DEBUGINFOD_URLS=https://debuginfod.ubuntu.com ", "PWD", "OPENBLAS_DEFAULT_NUM_THREADS=1", "REMOTEHOST=100.104.183.53", "HOME=/home/ian", "JULIA_NUM_THREADS=1", "JULIA_PRECOMP_REPORT_TIMING=1", "DBUS_SESSION_BUS_ADDRESS=unix:path=/run/user/1000/bus", "XDG_SESSION_CLASS=user"]): no such file or directory (ENOENT)
Many shells expand '~' to the home directory in unquoted strings. To replicate this behavior, call `expanduser` to expand the '~' character to the user’s home directory.

DifferentiationInterface → DifferentiationInterfaceFiniteDiffExt 
IOError: could not spawn setenv(`/home/ian/.julia/juliaup/julia-pr62725/bin/julia -C native -J/home/ian/.julia/juliaup/julia-pr62725/lib/julia/sys.so -g1 --startup-file=no --compiled-modules=strict --output-o /tmp/julia-ttfx-depot/compiled/v1.14/DifferentiationInterfaceFiniteDiffExt/jl_j3uMq7 --output-ji /tmp/julia-ttfx-depot/compiled/v1.14/DifferentiationInterfaceFiniteDiffExt/jl_gjqEEc --output-incremental=yes --startup-file=no --history-file=no --warn-overwrite=yes --color=auto -`,["TERM=tmux-256color", "TTFX_DEPOT_PATH=/tmp/julia-ttfx-depot", "OPENBLAS_NUM_THREADS=1", "OPENBLAS_MAIN_FREE=1", "SHELL=/bin/bash", "SSH_CLIENT=100.104.183.53 58167 22", "JULIA_DEPOT_PATH=/tmp/julia-ttfx-depot:", "OLDPWD=/home/ian/Documents/GitHub/julia", "TMUX=/tmp/tmux-1000/default,1292951,2", "LC_TERMINAL_VERSION=3.6.11", "XDG_RUNTIME_DIR=/run/user/1000", "JULIA_PRECOMPILE_JOBSERVER=/jl_pc_3749826_1", "USER=ian", "LC_TERMINAL=iTerm2", "SHLVL=2", "MAIL=/var/mail/ian", "TERM_PROGRAM=tmux", "LD_LIBRARY_PATH=/usr/local/cuda/lib64:", "_=/home/ian/.juliaup/bin/julia", "LS_COLORS=rs=0:di=01;34:ln=01;36:mh=00:pi=40;33:so=01;35:do=01;35:bd=40;33;01:cd=40;33;01:or=40;31;01:mi=00:su=37;41:sg=30;43:ca=00:tw=30;42:ow=34;42:st=37;44:ex=01;32:*.tar=01;31:*.tgz=01;31:*.arc=01;31:*.arj=01;31:*.taz=01;31:*.lha=01;31:*.lz4=01;31:*.lzh=01;31:*.lzma=01;31:*.tlz=01;31:*.txz=01;31:*.tzo=01;31:*.t7z=01;31:*.zip=01;31:*.z=01;31:*.dz=01;31:*.gz=01;31:*.lrz=01;31:*.lz=01;31:*.lzo=01;31:*.xz=01;31:*.zst=01;31:*.tzst=01;31:*.bz2=01;31:*.bz=01;31:*.tbz=01;31:*.tbz2=01;31:*.tz=01;31:*.deb=01;31:*.rpm=01;31:*.jar=01;31:*.war=01;31:*.ear=01;31:*.sar=01;31:*.rar=01;31:*.alz=01;31:*.ace=01;31:*.zoo=01;31:*.cpio=01;31:*.7z=01;31:*.rz=01;31:*.cab=01;31:*.wim=01;31:*.swm=01;31:*.dwm=01;31:*.esd=01;31:*.avif=01;35:*.jpg=01;35:*.jpeg=01;35:*.mjpg=01;35:*.mjpeg=01;35:*.gif=01;35:*.bmp=01;35:*.pbm=01;35:*.pgm=01;35:*.ppm=01;35:*.tga=01;35:*.xbm=01;35:*.xpm=01;35:*.tif=01;35:*.tiff=01;35:*.png=01;35:*.svg=01;35:*.svgz=01;35:*.mng=01;35:*.pcx=01;35:*.mov=01;35:*.mpg=01;35:*.mpeg=01;35:*.m2v=01;35:*.mkv=01;35:*.webm=01;35:*.webp=01;35:*.ogm=01;35:*.mp4=01;35:*.m4v=01;35:*.mp4v=01;35:*.vob=01;35:*.qt=01;35:*.nuv=01;35:*.wmv=01;35:*.asf=01;35:*.rm=01;35:*.rmvb=01;35:*.flc=01;35:*.avi=01;35:*.fli=01;35:*.flv=01;35:*.gl=01;35:*.dl=01;35:*.xcf=01;35:*.xwd=01;35:*.yuv=01;35:*.cgm=01;35:*.emf=01;35:*.ogv=01;35:*.ogx=01;35:*.aac=00;36:*.au=00;36:*.flac=00;36:*.m4a=00;36:*.mid=00;36:*.midi=00;36:*.mka=00;36:*.mp3=00;36:*.mpc=00;36:*.ogg=00;36:*.ra=00;36:*.wav=00;36:*.oga=00;36:*.opus=00;36:*.spx=00;36:*.xspf=00;36:*~=00;90:*#=00;90:*.bak=00;90:*.crdownload=00;90:*.dpkg-dist=00;90:*.dpkg-new=00;90:*.dpkg-old=00;90:*.dpkg-tmp=00;90:*.old=00;90:*.orig=00;90:*.part=00;90:*.rej=00;90:*.rpmnew=00;90:*.rpmorig=00;90:*.rpmsave=00;90:*.swp=00;90:*.tmp=00;90:*.ucf-dist=00;90:*.ucf-new=00;90:*.ucf-old=00;90:", "LANG=en_US.UTF-8", "LESSCLOSE=/usr/bin/lesspipe %s %s", "SSH_CONNECTION=100.95.84.5 50454 100.82.112.7 22", "TMUX_PANE=%2", "LESSOPEN=| /usr/bin/lesspipe %s", "JULIA_PKG_PRECOMPILE_AUTO=0", "XDG_DATA_DIRS=/usr/share/gnome:/usr/local/share:/usr/share:/var/lib/snapd/desktop", "XDG_SESSION_ID=1677", "PATH=/home/ian/.juliaup/bin:/home/ian/.local/bin:/usr/local/sbin:/usr/local/bin:/usr/sbin:/usr/bin:/sbin:/bin:/usr/games:/usr/local/games:/snap/bin", "SSH_TTY=/dev/pts/1", "LOGNAME=ian", "TERM_PROGRAM_VERSION=3.4", "HUSHLOGIN=FALSE", "XDG_SESSION_TYPE=tty", "DEBUGINFOD_URLS=https://debuginfod.ubuntu.com ", "PWD", "OPENBLAS_DEFAULT_NUM_THREADS=1", "REMOTEHOST=100.104.183.53", "HOME=/home/ian", "JULIA_NUM_THREADS=1", "JULIA_PRECOMP_REPORT_TIMING=1", "DBUS_SESSION_BUS_ADDRESS=unix:path=/run/user/1000/bus", "XDG_SESSION_CLASS=user"]): no such file or directory (ENOENT)
Many shells expand '~' to the home directory in unquoted strings. To replicate this behavior, call `expanduser` to expand the '~' character to the user’s home directory.

SciMLJacobianOperators 
Failed to precompile SciMLJacobianOperators [19f34311-ddf3-4b8b-af20-060888a46c0e] to "/tmp/julia-ttfx-depot/compiled/v1.14/SciMLJacobianOperators/jl_bpSTJc" (ProcessExited(1)).

ScopedValues 
IOError: could not spawn setenv(`/home/ian/.julia/juliaup/julia-pr62725/bin/julia -C native -J/home/ian/.julia/juliaup/julia-pr62725/lib/julia/sys.so -g1 --startup-file=no --compiled-modules=strict --output-o /tmp/julia-ttfx-depot/compiled/v1.14/ScopedValues/jl_atc6ly --output-ji /tmp/julia-ttfx-depot/compiled/v1.14/ScopedValues/jl_rkX5np --output-incremental=yes --startup-file=no --history-file=no --warn-overwrite=yes --color=auto -`,["TERM=tmux-256color", "TTFX_DEPOT_PATH=/tmp/julia-ttfx-depot", "OPENBLAS_NUM_THREADS=1", "OPENBLAS_MAIN_FREE=1", "SHELL=/bin/bash", "SSH_CLIENT=100.104.183.53 58167 22", "JULIA_DEPOT_PATH=/tmp/julia-ttfx-depot:", "OLDPWD=/home/ian/Documents/GitHub/julia", "TMUX=/tmp/tmux-1000/default,1292951,2", "LC_TERMINAL_VERSION=3.6.11", "XDG_RUNTIME_DIR=/run/user/1000", "JULIA_PRECOMPILE_JOBSERVER=/jl_pc_3749826_1", "USER=ian", "LC_TERMINAL=iTerm2", "SHLVL=2", "MAIL=/var/mail/ian", "TERM_PROGRAM=tmux", "LD_LIBRARY_PATH=/usr/local/cuda/lib64:", "_=/home/ian/.juliaup/bin/julia", "LS_COLORS=rs=0:di=01;34:ln=01;36:mh=00:pi=40;33:so=01;35:do=01;35:bd=40;33;01:cd=40;33;01:or=40;31;01:mi=00:su=37;41:sg=30;43:ca=00:tw=30;42:ow=34;42:st=37;44:ex=01;32:*.tar=01;31:*.tgz=01;31:*.arc=01;31:*.arj=01;31:*.taz=01;31:*.lha=01;31:*.lz4=01;31:*.lzh=01;31:*.lzma=01;31:*.tlz=01;31:*.txz=01;31:*.tzo=01;31:*.t7z=01;31:*.zip=01;31:*.z=01;31:*.dz=01;31:*.gz=01;31:*.lrz=01;31:*.lz=01;31:*.lzo=01;31:*.xz=01;31:*.zst=01;31:*.tzst=01;31:*.bz2=01;31:*.bz=01;31:*.tbz=01;31:*.tbz2=01;31:*.tz=01;31:*.deb=01;31:*.rpm=01;31:*.jar=01;31:*.war=01;31:*.ear=01;31:*.sar=01;31:*.rar=01;31:*.alz=01;31:*.ace=01;31:*.zoo=01;31:*.cpio=01;31:*.7z=01;31:*.rz=01;31:*.cab=01;31:*.wim=01;31:*.swm=01;31:*.dwm=01;31:*.esd=01;31:*.avif=01;35:*.jpg=01;35:*.jpeg=01;35:*.mjpg=01;35:*.mjpeg=01;35:*.gif=01;35:*.bmp=01;35:*.pbm=01;35:*.pgm=01;35:*.ppm=01;35:*.tga=01;35:*.xbm=01;35:*.xpm=01;35:*.tif=01;35:*.tiff=01;35:*.png=01;35:*.svg=01;35:*.svgz=01;35:*.mng=01;35:*.pcx=01;35:*.mov=01;35:*.mpg=01;35:*.mpeg=01;35:*.m2v=01;35:*.mkv=01;35:*.webm=01;35:*.webp=01;35:*.ogm=01;35:*.mp4=01;35:*.m4v=01;35:*.mp4v=01;35:*.vob=01;35:*.qt=01;35:*.nuv=01;35:*.wmv=01;35:*.asf=01;35:*.rm=01;35:*.rmvb=01;35:*.flc=01;35:*.avi=01;35:*.fli=01;35:*.flv=01;35:*.gl=01;35:*.dl=01;35:*.xcf=01;35:*.xwd=01;35:*.yuv=01;35:*.cgm=01;35:*.emf=01;35:*.ogv=01;35:*.ogx=01;35:*.aac=00;36:*.au=00;36:*.flac=00;36:*.m4a=00;36:*.mid=00;36:*.midi=00;36:*.mka=00;36:*.mp3=00;36:*.mpc=00;36:*.ogg=00;36:*.ra=00;36:*.wav=00;36:*.oga=00;36:*.opus=00;36:*.spx=00;36:*.xspf=00;36:*~=00;90:*#=00;90:*.bak=00;90:*.crdownload=00;90:*.dpkg-dist=00;90:*.dpkg-new=00;90:*.dpkg-old=00;90:*.dpkg-tmp=00;90:*.old=00;90:*.orig=00;90:*.part=00;90:*.rej=00;90:*.rpmnew=00;90:*.rpmorig=00;90:*.rpmsave=00;90:*.swp=00;90:*.tmp=00;90:*.ucf-dist=00;90:*.ucf-new=00;90:*.ucf-old=00;90:", "LANG=en_US.UTF-8", "LESSCLOSE=/usr/bin/lesspipe %s %s", "SSH_CONNECTION=100.95.84.5 50454 100.82.112.7 22", "TMUX_PANE=%2", "LESSOPEN=| /usr/bin/lesspipe %s", "JULIA_PKG_PRECOMPILE_AUTO=0", "XDG_DATA_DIRS=/usr/share/gnome:/usr/local/share:/usr/share:/var/lib/snapd/desktop", "XDG_SESSION_ID=1677", "PATH=/home/ian/.juliaup/bin:/home/ian/.local/bin:/usr/local/sbin:/usr/local/bin:/usr/sbin:/usr/bin:/sbin:/bin:/usr/games:/usr/local/games:/snap/bin", "SSH_TTY=/dev/pts/1", "LOGNAME=ian", "TERM_PROGRAM_VERSION=3.4", "HUSHLOGIN=FALSE", "XDG_SESSION_TYPE=tty", "DEBUGINFOD_URLS=https://debuginfod.ubuntu.com ", "PWD", "OPENBLAS_DEFAULT_NUM_THREADS=1", "REMOTEHOST=100.104.183.53", "HOME=/home/ian", "JULIA_NUM_THREADS=1", "JULIA_PRECOMP_REPORT_TIMING=1", "DBUS_SESSION_BUS_ADDRESS=unix:path=/run/user/1000/bus", "XDG_SESSION_CLASS=user"]): no such file or directory (ENOENT)
Many shells expand '~' to the home directory in unquoted strings. To replicate this behavior, call `expanduser` to expand the '~' character to the user’s home directory.

Gamma 
IOError: could not spawn setenv(`/home/ian/.julia/juliaup/julia-pr62725/libexec/julia/lld -flavor gnu --build-id --eh-frame-hdr --hash-style=gnu --as-needed -z relro -z defs '' -shared -o /tmp/julia-ttfx-depot/compiled/v1.14/Gamma/jl_aWfcZl /home/ian/.julia/juliaup/julia-pr62725/lib/crti.o /home/ian/.julia/juliaup/julia-pr62725/lib/crtbeginS.o --whole-archive /tmp/julia-ttfx-depot/compiled/v1.14/Gamma/jl_LzZXp4 --no-whole-archive -L/home/ian/.julia/juliaup/julia-pr62725/lib/julia -L/home/ian/.julia/juliaup/julia-pr62725/lib -L/home/ian/.julia/juliaup/julia-pr62725/lib -ljulia -ljulia-internal -lgcc --as-needed -lgcc_s -latomic -lopenlibm --no-as-needed /lib/x86_64-linux-gnu/libc.so.6 --as-needed /lib64/ld-linux-x86-64.so.2 --no-as-needed /home/ian/.julia/juliaup/julia-pr62725/lib/crtendS.o /home/ian/.julia/juliaup/julia-pr62725/lib/crtn.o`,["TERM_PROGRAM_VERSION=3.4", "TERM=tmux-256color", "TTFX_DEPOT_PATH=/tmp/julia-ttfx-depot", "HUSHLOGIN=FALSE", "USER=ian", "LESSCLOSE=/usr/bin/lesspipe %s %s", "OPENBLAS_MAIN_FREE=1", "LC_TERMINAL=iTerm2", "SHELL=/bin/bash", "SHLVL=2", "SSH_CONNECTION=100.95.84.5 50454 100.82.112.7 22", "XDG_SESSION_TYPE=tty", "TMUX_PANE=%2", "DEBUGINFOD_URLS=https://debuginfod.ubuntu.com ", "MAIL=/var/mail/ian", "SSH_CLIENT=100.104.183.53 58167 22", "PWD", "TERM_PROGRAM=tmux", "LESSOPEN=| /usr/bin/lesspipe %s", "OPENBLAS_DEFAULT_NUM_THREADS=1", "JULIA_PKG_PRECOMPILE_AUTO=0", "JULIA_DEPOT_PATH=/tmp/julia-ttfx-depot:", "LD_LIBRARY_PATH=/home/ian/.julia/juliaup/julia-pr62725/lib/julia:/home/ian/.julia/juliaup/julia-pr62725/lib:/usr/local/cuda/lib64:", "XDG_DATA_DIRS=/usr/share/gnome:/usr/local/share:/usr/share:/var/lib/snapd/desktop", "TMUX=/tmp/tmux-1000/default,1292951,2", "REMOTEHOST=100.104.183.53", "XDG_SESSION_ID=1677", "OLDPWD=/home/ian/Documents/GitHub/julia", "HOME=/home/ian", "LC_TERMINAL_VERSION=3.6.11", "PATH=/home/ian/.julia/juliaup/julia-pr62725/libexec/julia:/home/ian/.juliaup/bin:/home/ian/.local/bin:/usr/local/sbin:/usr/local/bin:/usr/sbin:/usr/bin:/sbin:/bin:/usr/games:/usr/local/games:/snap/bin", "XDG_RUNTIME_DIR=/run/user/1000", "_=/home/ian/.juliaup/bin/julia", "DBUS_SESSION_BUS_ADDRESS=unix:path=/run/user/1000/bus", "JULIA_PRECOMPILE_JOBSERVER=/jl_pc_3749826_1", "SSH_TTY=/dev/pts/1", "LOGNAME=ian", "LS_COLORS=rs=0:di=01;34:ln=01;36:mh=00:pi=40;33:so=01;35:do=01;35:bd=40;33;01:cd=40;33;01:or=40;31;01:mi=00:su=37;41:sg=30;43:ca=00:tw=30;42:ow=34;42:st=37;44:ex=01;32:*.tar=01;31:*.tgz=01;31:*.arc=01;31:*.arj=01;31:*.taz=01;31:*.lha=01;31:*.lz4=01;31:*.lzh=01;31:*.lzma=01;31:*.tlz=01;31:*.txz=01;31:*.tzo=01;31:*.t7z=01;31:*.zip=01;31:*.z=01;31:*.dz=01;31:*.gz=01;31:*.lrz=01;31:*.lz=01;31:*.lzo=01;31:*.xz=01;31:*.zst=01;31:*.tzst=01;31:*.bz2=01;31:*.bz=01;31:*.tbz=01;31:*.tbz2=01;31:*.tz=01;31:*.deb=01;31:*.rpm=01;31:*.jar=01;31:*.war=01;31:*.ear=01;31:*.sar=01;31:*.rar=01;31:*.alz=01;31:*.ace=01;31:*.zoo=01;31:*.cpio=01;31:*.7z=01;31:*.rz=01;31:*.cab=01;31:*.wim=01;31:*.swm=01;31:*.dwm=01;31:*.esd=01;31:*.avif=01;35:*.jpg=01;35:*.jpeg=01;35:*.mjpg=01;35:*.mjpeg=01;35:*.gif=01;35:*.bmp=01;35:*.pbm=01;35:*.pgm=01;35:*.ppm=01;35:*.tga=01;35:*.xbm=01;35:*.xpm=01;35:*.tif=01;35:*.tiff=01;35:*.png=01;35:*.svg=01;35:*.svgz=01;35:*.mng=01;35:*.pcx=01;35:*.mov=01;35:*.mpg=01;35:*.mpeg=01;35:*.m2v=01;35:*.mkv=01;35:*.webm=01;35:*.webp=01;35:*.ogm=01;35:*.mp4=01;35:*.m4v=01;35:*.mp4v=01;35:*.vob=01;35:*.qt=01;35:*.nuv=01;35:*.wmv=01;35:*.asf=01;35:*.rm=01;35:*.rmvb=01;35:*.flc=01;35:*.avi=01;35:*.fli=01;35:*.flv=01;35:*.gl=01;35:*.dl=01;35:*.xcf=01;35:*.xwd=01;35:*.yuv=01;35:*.cgm=01;35:*.emf=01;35:*.ogv=01;35:*.ogx=01;35:*.aac=00;36:*.au=00;36:*.flac=00;36:*.m4a=00;36:*.mid=00;36:*.midi=00;36:*.mka=00;36:*.mp3=00;36:*.mpc=00;36:*.ogg=00;36:*.ra=00;36:*.wav=00;36:*.oga=00;36:*.opus=00;36:*.spx=00;36:*.xspf=00;36:*~=00;90:*#=00;90:*.bak=00;90:*.crdownload=00;90:*.dpkg-dist=00;90:*.dpkg-new=00;90:*.dpkg-old=00;90:*.dpkg-tmp=00;90:*.old=00;90:*.orig=00;90:*.part=00;90:*.rej=00;90:*.rpmnew=00;90:*.rpmorig=00;90:*.rpmsave=00;90:*.swp=00;90:*.tmp=00;90:*.ucf-dist=00;90:*.ucf-new=00;90:*.ucf-old=00;90:", "XDG_SESSION_CLASS=user", "LANG=en_US.UTF-8"]): no such file or directory (ENOENT)
Many shells expand '~' to the home directory in unquoted strings. To replicate this behavior, call `expanduser` to expand the '~' character to the user’s home directory.


  BaseDirs/Project-Path                               precompile=  2.24s  load= 0.01s  run= 0.00s
  BaseDirs/User-Cache                                 precompile=  1.82s  load= 0.01s  run= 0.00s
  BenchmarkTools/Basic-Benchmark                      precompile= 11.89s  load= 0.12s  run= 0.09s
  CairoMakie/Plot-A-Sine-Wave                         precompile=158.77s  load= 3.68s  run= 0.14s
  ComplexityMeasures/Nonlinear-Timeseries-Analysis    precompile= 20.37s  load= 1.31s  run= 0.69s
  ComponentArrays/Basic-Manipulations                 precompile= 27.59s  load= 0.15s  run= 0.22s
  DataFrames/Dataframe-Construction                   precompile= 39.64s  load= 0.57s  run= 0.04s
  DifferentiationInterface/Jacobian-With-Finite-Differencesprecompile=  1.43s  load= 0.01s  run= 0.28s
  Distributions/Normal-Distribution                   precompile=  8.45s  load= 0.48s  run= 0.05s
  Enzyme/Gradient-Of-Square-Norm                      ERROR: precompile: process failed
--- stderr ---
Precompiling project...
   0.2 s  ✓ Reexport
   0.3 s  ✓ StructIO
   0.3 s  ✓ CEnum
   0.3 s  ✓ ExprTools
   0.4 s  ✓ Scratch
   0.4 s  ✓ EnzymeCore
   1.2 s  ✓ Preferences
   1.0 s  ✓ ObjectFile
   0.3 s  ✓ PrecompileTools
   0.3 s  ✓ JLLWrappers
   0.4 s  ✓ LibTracyClient_jll
   0.8 s  ✓ Enzyme_jll
   0.8 s  ✓ LLVMExtra_jll
   0.8 s  ✓ Tracy
   5.1 s  ✓ LLVM
Fault at memory address: 0x10000000a

[3762379] signal 11 (1): Segmentation fault
in expression starting at /tmp/julia-ttfx-depot/packages/GPUCompiler/BSi1T/src/precompile.jl:7
__atomic_add at /usr/local/x86_64-linux-gnu/include/c++/9.1.0/ext/atomicity.h:53:54 [inlined]
__atomic_add_dispatch at /usr/local/x86_64-linux-gnu/include/c++/9.1.0/ext/atomicity.h:96:19 [inlined]
_M_add_ref_copy at /usr/local/x86_64-linux-gnu/include/c++/9.1.0/bits/shared_ptr_base.h:139:41 [inlined]
__shared_count at /usr/local/x86_64-linux-gnu/include/c++/9.1.0/bits/shared_ptr_base.h:737:4 [inlined]
__shared_ptr at /usr/local/x86_64-linux-gnu/include/c++/9.1.0/bits/shared_ptr_base.h:1167:7 [inlined]
shared_ptr at /usr/local/x86_64-linux-gnu/include/c++/9.1.0/bits/shared_ptr.h:129:7 [inlined]
withContextDo<llvm::orc::ThreadSafeModule::withModuleDo(Func&&) [with Func = jl_emit_native_impl(jl_array_t*, jl_array_t*, LLVMOrcThreadSafeModuleRef, const jl_cgparams_t*, int)::<lambda(llvm::Module&)>]::<lambda(llvm::LLVMContext*)> > at /cache/build/builder-amdci4-11/julialang/julia-pr/usr/include/llvm/ExecutionEngine/Orc/ThreadSafeModule.h:50:14 [inlined]
withModuleDo<jl_emit_native_impl(jl_array_t*, jl_array_t*, LLVMOrcThreadSafeModuleRef, const jl_cgparams_t*, int)::<lambda(llvm::Module&)> > at /cache/build/builder-amdci4-11/julialang/julia-pr/usr/include/llvm/ExecutionEngine/Orc/ThreadSafeModule.h:117:6 [inlined]
jl_emit_native_impl at /cache/build/builder-amdci4-11/julialang/julia-pr/src/aotcompile.cpp:1017:32
compile_method_instance at /tmp/julia-ttfx-depot/packages/GPUCompiler/BSi1T/src/jlgen.jl:840:0 (pc: 422)
irgen at /tmp/julia-ttfx-depot/packages/GPUCompiler/BSi1T/src/irgen.jl:4:0 (pc: 1)
#emit_llvm#124 at /tmp/julia-ttfx-depot/packages/GPUCompiler/BSi1T/src/driver.jl:209:0 (pc: 23)
emit_llvm at /tmp/julia-ttfx-depot/packages/GPUCompiler/BSi1T/src/driver.jl:191:0 (pc: 1)
#compile_unhooked#121 at /tmp/julia-ttfx-depot/packages/GPUCompiler/BSi1T/src/driver.jl:95:0 (pc: 11)
compile_unhooked at /tmp/julia-ttfx-depot/packages/GPUCompiler/BSi1T/src/driver.jl:80:0 [inlined]
#compile#119 at /tmp/julia-ttfx-depot/packages/GPUCompiler/BSi1T/src/driver.jl:67:0 [inlined]
compile at /tmp/julia-ttfx-depot/packages/GPUCompiler/BSi1T/src/driver.jl:55:0 [inlined]
#184 at /tmp/julia-ttfx-depot/packages/GPUCompiler/BSi1T/src/precompile.jl:39:0 [inlined]
#JuliaContext#118 at /tmp/julia-ttfx-depot/packages/GPUCompiler/BSi1T/src/driver.jl:34:0 (pc: 50)
unknown function (ip: 0x7f534aecf851) at (unknown file)
JuliaContext at /tmp/julia-ttfx-depot/packages/GPUCompiler/BSi1T/src/driver.jl:25:0 (pc: 1)
unknown function (ip: 0x7f5395b5b0c2) at (unknown file)
macro expansion at /tmp/julia-ttfx-depot/packages/GPUCompiler/BSi1T/src/precompile.jl:38:0 [inlined]
macro expansion at /tmp/julia-ttfx-depot/packages/PrecompileTools/QUxvR/src/workloads.jl:70:0 [inlined]
macro expansion at /tmp/julia-ttfx-depot/packages/GPUCompiler/BSi1T/src/precompile.jl:29:0 [inlined]
macro expansion at /tmp/julia-ttfx-depot/packages/PrecompileTools/QUxvR/src/workloads.jl:118:0 [inlined]
top-level scope at /tmp/julia-ttfx-depot/packages/GPUCompiler/BSi1T/src/precompile.jl:115:0 (pc: 88)
jl_invoke_oneshot at /cache/build/builder-amdci4-11/julialang/julia-pr/src/gf.c:4625:23
ijl_eval_thunk at /cache/build/builder-amdci4-11/julialang/julia-pr/src/toplevel.c:764:18
jl_toplevel_eval_flex at /cache/build/builder-amdci4-11/julialang/julia-pr/src/toplevel.c:716:26
jl_eval_toplevel_stmts at /cache/build/builder-amdci4-11/julialang/julia-pr/src/toplevel.c:601:15
jl_toplevel_eval_flex at /cache/build/builder-amdci4-11/julialang/julia-pr/src/toplevel.c:688:27
ijl_toplevel_eval at /cache/build/builder-amdci4-11/julialang/julia-pr/src/toplevel.c:786:12
ijl_toplevel_eval_in at /cache/build/builder-amdci4-11/julialang/julia-pr/src/toplevel.c:831:13
eval at ./boot.jl:618:0 (pc: 1)
include_string at ./loading.jl:3263:0 (pc: 208)
_include at ./loading.jl:3325:0 (pc: 123)
include at ./Base.jl:335:0 (pc: 1)
IncludeInto at ./Base.jl:336:0 (pc: 2)
jfptr_IncludeInto_1.1 at /home/ian/.julia/juliaup/julia-pr62725/lib/julia/sys.so (unknown line)
jl_apply at /cache/build/builder-amdci4-11/julialang/julia-pr/src/julia.h:2516:12 [inlined]
do_call at /cache/build/builder-amdci4-11/julialang/julia-pr/src/interpreter.c:123:26
eval_value at /cache/build/builder-amdci4-11/julialang/julia-pr/src/interpreter.c:259:16
eval_stmt_value at /cache/build/builder-amdci4-11/julialang/julia-pr/src/interpreter.c:194:23 [inlined]
eval_body at /cache/build/builder-amdci4-11/julialang/julia-pr/src/interpreter.c:843:13
jl_interpret_toplevel_thunk at /cache/build/builder-amdci4-11/julialang/julia-pr/src/interpreter.c:1048:21
ijl_eval_thunk at /cache/build/builder-amdci4-11/julialang/julia-pr/src/toplevel.c:772:18
jl_toplevel_eval_flex at /cache/build/builder-amdci4-11/julialang/julia-pr/src/toplevel.c:716:26
jl_eval_toplevel_stmts at /cache/build/builder-amdci4-11/julialang/julia-pr/src/toplevel.c:601:15
jl_eval_module_expr at /cache/build/builder-amdci4-11/julialang/julia-pr/src/toplevel.c:266:5 [inlined]
jl_toplevel_eval_flex at /cache/build/builder-amdci4-11/julialang/julia-pr/src/toplevel.c:669:27
jl_eval_toplevel_stmts at /cache/build/builder-amdci4-11/julialang/julia-pr/src/toplevel.c:601:15
jl_toplevel_eval_flex at /cache/build/builder-amdci4-11/julialang/julia-pr/src/toplevel.c:688:27
ijl_toplevel_eval at /cache/build/builder-amdci4-11/julialang/julia-pr/src/toplevel.c:786:12
ijl_toplevel_eval_in at /cache/build/builder-amdci4-11/julialang/julia-pr/src/toplevel.c:831:13
eval at ./boot.jl:618:0 (pc: 1)
include_string at ./loading.jl:3263:0 (pc: 208)
_include at ./loading.jl:3325:0 (pc: 123)
include at ./Base.jl:334:0 (pc: 1)
include_package_for_output at ./loading.jl:3436:0 (pc: 849)
jfptr_include_package_for_output_1.1 at /home/ian/.julia/juliaup/julia-pr62725/lib/julia/sys.so (unknown line)
jl_apply at /cache/build/builder-amdci4-11/julialang/julia-pr/src/julia.h:2516:12 [inlined]
do_call at /cache/build/builder-amdci4-11/julialang/julia-pr/src/interpreter.c:123:26
eval_value at /cache/build/builder-amdci4-11/julialang/julia-pr/src/interpreter.c:259:16
eval_stmt_value at /cache/build/builder-amdci4-11/julialang/julia-pr/src/interpreter.c:194:23 [inlined]
eval_body at /cache/build/builder-amdci4-11/julialang/julia-pr/src/interpreter.c:843:13
jl_interpret_toplevel_thunk at /cache/build/builder-amdci4-11/julialang/julia-pr/src/interpreter.c:1048:21
ijl_eval_thunk at /cache/build/builder-amdci4-11/julialang/julia-pr/src/toplevel.c:772:18
jl_toplevel_eval_flex at /cache/build/builder-amdci4-11/julialang/julia-pr/src/toplevel.c:716:26
jl_eval_toplevel_stmts at /cache/build/builder-amdci4-11/julialang/julia-pr/src/toplevel.c:601:15
jl_toplevel_eval_flex at /cache/build/builder-amdci4-11/julialang/julia-pr/src/toplevel.c:688:27
ijl_toplevel_eval at /cache/build/builder-amdci4-11/julialang/julia-pr/src/toplevel.c:786:12
ijl_toplevel_eval_in at /cache/build/builder-amdci4-11/julialang/julia-pr/src/toplevel.c:831:13
eval at ./boot.jl:618:0 (pc: 1)
include_string at ./loading.jl:3263:0 (pc: 208)
include_string at ./loading.jl:3273:0 [inlined]
__script_entry_include_string at ./client.jl:104:0 [inlined]
exec_options at ./client.jl:382:0 (pc: 893)
_start at ./client.jl:695:0 (pc: 325)
jfptr__start_0.1 at /home/ian/.julia/juliaup/julia-pr62725/lib/julia/sys.so (unknown line)
jl_apply at /cache/build/builder-amdci4-11/julialang/julia-pr/src/julia.h:2516:12 [inlined]
true_main at /cache/build/builder-amdci4-11/julialang/julia-pr/src/jlapi.c:989:29
jl_repl_entrypoint at /cache/build/builder-amdci4-11/julialang/julia-pr/src/jlapi.c:1156:15
main at /cache/build/builder-amdci4-11/julialang/julia-pr/cli/loader_exe.c:117:15
unknown function (ip: 0x7f53b182a1c9) at /lib/x86_64-linux-gnu/libc.so.6
__libc_start_main at /lib/x86_64-linux-gnu/libc.so.6 (unknown line)
unknown function (ip: 0x4010b8) at /workspace/srcdir/glibc-2.17/csu/../sysdeps/x86_64/start.S
Allocations: 105521618 (Pool: 105519341; Big: 2277); GC: 30
              ✗ GPUCompiler
ERROR: LoadError: Precompiled image Base.PkgId(Base.UUID("61eb1bfa-7361-4325-ad38-22787b887f55"), "GPUCompiler") not available with flags CacheFlags(; use_pkgimages=true, debug_level=1, check_bounds=0, inline=true, opt_level=2)
Stacktrace:
 [1] error(s::String)
   @ Base error.jl:56
 [2] require(into::Module, mod::Symbol)
   @ Base loading.jl:2661 [inlined]
 [3] top-level scope
   @ /tmp/julia-ttfx-depot/packages/Enzyme/OvStQ/src/typetree.jl:6
 [4] include(mapexpr::Function, mod::Module, _path::String)
   @ Base Base.jl:335
 [5] top-level scope
   @ /tmp/julia-ttfx-depot/packages/Enzyme/OvStQ/src/Enzyme.jl:148
 [6] include(mod::Module, _path::String)
   @ Base Base.jl:334
 [7] top-level scope
   @ stdin:5
in expression starting at /tmp/julia-ttfx-depot/packages/Enzyme/OvStQ/src/typetree.jl:6
in expression starting at /tmp/julia-ttfx-depot/packages/Enzyme/OvStQ/src/Enzyme.jl:1
in expression starting at stdin:5
              ✗ Enzyme
  15 dependencies successfully precompiled in 38 seconds. 34 already precompiled.
  2 dependencies had output during precompilation:
┌ GPUCompiler
│  Fault at memory address: 0x10000000a
│  
│  [3762379] signal 11 (1): Segmentation fault
│  in expression starting at /tmp/julia-ttfx-depot/packages/GPUCompiler/BSi1T/src/precompile.jl:7
│  __atomic_add at /usr/local/x86_64-linux-gnu/include/c++/9.1.0/ext/atomicity.h:53:54 [inlined]
│  __atomic_add_dispatch at /usr/local/x86_64-linux-gnu/include/c++/9.1.0/ext/atomicity.h:96:19 [inlined]
│  _M_add_ref_copy at /usr/local/x86_64-linux-gnu/include/c++/9.1.0/bits/shared_ptr_base.h:139:41 [inlined]
│  __shared_count at /usr/local/x86_64-linux-gnu/include/c++/9.1.0/bits/shared_ptr_base.h:737:4 [inlined]
│  __shared_ptr at /usr/local/x86_64-linux-gnu/include/c++/9.1.0/bits/shared_ptr_base.h:1167:7 [inlined]
│  shared_ptr at /usr/local/x86_64-linux-gnu/include/c++/9.1.0/bits/shared_ptr.h:129:7 [inlined]
│  withContextDo<llvm::orc::ThreadSafeModule::withModuleDo(Func&&) [with Func = jl_emit_native_impl(jl_array_t*, jl_array_t*, LLVMOrcThreadSafeModuleRef, const jl_cgparams_t*, int)::<lambda(llvm::Module&)>]::<lambda(llvm::LLVMContext*)> > at /cache/build/builder-amdci4-11/julialang/julia-pr/usr/include/llvm/ExecutionEngine/Orc/ThreadSafeModule.h:50:14 [inlined]
│  withModuleDo<jl_emit_native_impl(jl_array_t*, jl_array_t*, LLVMOrcThreadSafeModuleRef, const jl_cgparams_t*, int)::<lambda(llvm::Module&)> > at /cache/build/builder-amdci4-11/julialang/julia-pr/usr/include/llvm/ExecutionEngine/Orc/ThreadSafeModule.h:117:6 [inlined]
│  jl_emit_native_impl at /cache/build/builder-amdci4-11/julialang/julia-pr/src/aotcompile.cpp:1017:32
│  compile_method_instance at /tmp/julia-ttfx-depot/packages/GPUCompiler/BSi1T/src/jlgen.jl:840:0 (pc: 422)
│  irgen at /tmp/julia-ttfx-depot/packages/GPUCompiler/BSi1T/src/irgen.jl:4:0 (pc: 1)
│  #emit_llvm#124 at /tmp/julia-ttfx-depot/packages/GPUCompiler/BSi1T/src/driver.jl:209:0 (pc: 23)
│  emit_llvm at /tmp/julia-ttfx-depot/packages/GPUCompiler/BSi1T/src/driver.jl:191:0 (pc: 1)
│  #compile_unhooked#121 at /tmp/julia-ttfx-depot/packages/GPUCompiler/BSi1T/src/driver.jl:95:0 (pc: 11)
│  compile_unhooked at /tmp/julia-ttfx-depot/packages/GPUCompiler/BSi1T/src/driver.jl:80:0 [inlined]
│  #compile#119 at /tmp/julia-ttfx-depot/packages/GPUCompiler/BSi1T/src/driver.jl:67:0 [inlined]
│  compile at /tmp/julia-ttfx-depot/packages/GPUCompiler/BSi1T/src/driver.jl:55:0 [inlined]
│  #184 at /tmp/julia-ttfx-depot/packages/GPUCompiler/BSi1T/src/precompile.jl:39:0 [inlined]
│  #JuliaContext#118 at /tmp/julia-ttfx-depot/packages/GPUCompiler/BSi1T/src/driver.jl:34:0 (pc: 50)
│  unknown function (ip: 0x7f534aecf851) at (unknown file)
│  JuliaContext at /tmp/julia-ttfx-depot/packages/GPUCompiler/BSi1T/src/driver.jl:25:0 (pc: 1)
│  unknown function (ip: 0x7f5395b5b0c2) at (unknown file)
│  macro expansion at /tmp/julia-ttfx-depot/packages/GPUCompiler/BSi1T/src/precompile.jl:38:0 [inlined]
│  macro expansion at /tmp/julia-ttfx-depot/packages/PrecompileTools/QUxvR/src/workloads.jl:70:0 [inlined]
│  macro expansion at /tmp/julia-ttfx-depot/packages/GPUCompiler/BSi1T/src/precompile.jl:29:0 [inlined]
│  macro expansion at /tmp/julia-ttfx-depot/packages/PrecompileTools/QUxvR/src/workloads.jl:118:0 [inlined]
│  top-level scope at /tmp/julia-ttfx-depot/packages/GPUCompiler/BSi1T/src/precompile.jl:115:0 (pc: 88)
│  jl_invoke_oneshot at /cache/build/builder-amdci4-11/julialang/julia-pr/src/gf.c:4625:23
│  ijl_eval_thunk at /cache/build/builder-amdci4-11/julialang/julia-pr/src/toplevel.c:764:18
│  jl_toplevel_eval_flex at /cache/build/builder-amdci4-11/julialang/julia-pr/src/toplevel.c:716:26
│  jl_eval_toplevel_stmts at /cache/build/builder-amdci4-11/julialang/julia-pr/src/toplevel.c:601:15
│  jl_toplevel_eval_flex at /cache/build/builder-amdci4-11/julialang/julia-pr/src/toplevel.c:688:27
│  ijl_toplevel_eval at /cache/build/builder-amdci4-11/julialang/julia-pr/src/toplevel.c:786:12
│  ijl_toplevel_eval_in at /cache/build/builder-amdci4-11/julialang/julia-pr/src/toplevel.c:831:13
│  eval at ./boot.jl:618:0 (pc: 1)
│  include_string at ./loading.jl:3263:0 (pc: 208)
│  _include at ./loading.jl:3325:0 (pc: 123)
│  include at ./Base.jl:335:0 (pc: 1)
│  IncludeInto at ./Base.jl:336:0 (pc: 2)
│  jfptr_IncludeInto_1.1 at /home/ian/.julia/juliaup/julia-pr62725/lib/julia/sys.so (unknown line)
│  jl_apply at /cache/build/builder-amdci4-11/julialang/julia-pr/src/julia.h:2516:12 [inlined]
│  do_call at /cache/build/builder-amdci4-11/julialang/julia-pr/src/interpreter.c:123:26
│  eval_value at /cache/build/builder-amdci4-11/julialang/julia-pr/src/interpreter.c:259:16
│  eval_stmt_value at /cache/build/builder-amdci4-11/julialang/julia-pr/src/interpreter.c:194:23 [inlined]
│  eval_body at /cache/build/builder-amdci4-11/julialang/julia-pr/src/interpreter.c:843:13
│  jl_interpret_toplevel_thunk at /cache/build/builder-amdci4-11/julialang/julia-pr/src/interpreter.c:1048:21
│  ijl_eval_thunk at /cache/build/builder-amdci4-11/julialang/julia-pr/src/toplevel.c:772:18
│  jl_toplevel_eval_flex at /cache/build/builder-amdci4-11/julialang/julia-pr/src/toplevel.c:716:26
│  jl_eval_toplevel_stmts at /cache/build/builder-amdci4-11/julialang/julia-pr/src/toplevel.c:601:15
│  jl_eval_module_expr at /cache/build/builder-amdci4-11/julialang/julia-pr/src/toplevel.c:266:5 [inlined]
│  jl_toplevel_eval_flex at /cache/build/builder-amdci4-11/julialang/julia-pr/src/toplevel.c:669:27
│  jl_eval_toplevel_stmts at /cache/build/builder-amdci4-11/julialang/julia-pr/src/toplevel.c:601:15
│  jl_toplevel_eval_flex at /cache/build/builder-amdci4-11/julialang/julia-pr/src/toplevel.c:688:27
│  ijl_toplevel_eval at /cache/build/builder-amdci4-11/julialang/julia-pr/src/toplevel.c:786:12
│  ijl_toplevel_eval_in at /cache/build/builder-amdci4-11/julialang/julia-pr/src/toplevel.c:831:13
│  eval at ./boot.jl:618:0 (pc: 1)
│  include_string at ./loading.jl:3263:0 (pc: 208)
│  _include at ./loading.jl:3325:0 (pc: 123)
│  include at ./Base.jl:334:0 (pc: 1)
│  include_package_for_output at ./loading.jl:3436:0 (pc: 849)
│  jfptr_include_package_for_output_1.1 at /home/ian/.julia/juliaup/julia-pr62725/lib/julia/sys.so (unknown line)
│  jl_apply at /cache/build/builder-amdci4-11/julialang/julia-pr/src/julia.h:2516:12 [inlined]
│  do_call at /cache/build/builder-amdci4-11/julialang/julia-pr/src/interpreter.c:123:26
│  eval_value at /cache/build/builder-amdci4-11/julialang/julia-pr/src/interpreter.c:259:16
│  eval_stmt_value at /cache/build/builder-amdci4-11/julialang/julia-pr/src/interpreter.c:194:23 [inlined]
│  eval_body at /cache/build/builder-amdci4-11/julialang/julia-pr/src/interpreter.c:843:13
│  jl_interpret_toplevel_thunk at /cache/build/builder-amdci4-11/julialang/julia-pr/src/interpreter.c:1048:21
│  ijl_eval_thunk at /cache/build/builder-amdci4-11/julialang/julia-pr/src/toplevel.c:772:18
│  jl_toplevel_eval_flex at /cache/build/builder-amdci4-11/julialang/julia-pr/src/toplevel.c:716:26
│  jl_eval_toplevel_stmts at /cache/build/builder-amdci4-11/julialang/julia-pr/src/toplevel.c:601:15
│  jl_toplevel_eval_flex at /cache/build/builder-amdci4-11/julialang/julia-pr/src/toplevel.c:688:27
│  ijl_toplevel_eval at /cache/build/builder-amdci4-11/julialang/julia-pr/src/toplevel.c:786:12
│  ijl_toplevel_eval_in at /cache/build/builder-amdci4-11/julialang/julia-pr/src/toplevel.c:831:13
│  eval at ./boot.jl:618:0 (pc: 1)
│  include_string at ./loading.jl:3263:0 (pc: 208)
│  include_string at ./loading.jl:3273:0 [inlined]
│  __script_entry_include_string at ./client.jl:104:0 [inlined]
│  exec_options at ./client.jl:382:0 (pc: 893)
│  _start at ./client.jl:695:0 (pc: 325)
│  jfptr__start_0.1 at /home/ian/.julia/juliaup/julia-pr62725/lib/julia/sys.so (unknown line)
│  jl_apply at /cache/build/builder-amdci4-11/julialang/julia-pr/src/julia.h:2516:12 [inlined]
│  true_main at /cache/build/builder-amdci4-11/julialang/julia-pr/src/jlapi.c:989:29
│  jl_repl_entrypoint at /cache/build/builder-amdci4-11/julialang/julia-pr/src/jlapi.c:1156:15
│  main at /cache/build/builder-amdci4-11/julialang/julia-pr/cli/loader_exe.c:117:15
│  unknown function (ip: 0x7f53b182a1c9) at /lib/x86_64-linux-gnu/libc.so.6
│  __libc_start_main at /lib/x86_64-linux-gnu/libc.so.6 (unknown line)
│  unknown function (ip: 0x4010b8) at /workspace/srcdir/glibc-2.17/csu/../sysdeps/x86_64/start.S
│  Allocations: 105521618 (Pool: 105519341; Big: 2277); GC: 30
└  
┌ Enzyme
│  ERROR: LoadError: Precompiled image Base.PkgId(Base.UUID("61eb1bfa-7361-4325-ad38-22787b887f55"), "GPUCompiler") not available with flags CacheFlags(; use_pkgimages=true, debug_level=1, check_bounds=0, inline=true, opt_level=2)
│  Stacktrace:
│   [1] error(s::String)
│     @ Base error.jl:56
│   [2] require(into::Module, mod::Symbol)
│     @ Base loading.jl:2661 [inlined]
│   [3] top-level scope
│     @ /tmp/julia-ttfx-depot/packages/Enzyme/OvStQ/src/typetree.jl:6
│   [4] include(mapexpr::Function, mod::Module, _path::String)
│     @ Base Base.jl:335
│   [5] top-level scope
│     @ /tmp/julia-ttfx-depot/packages/Enzyme/OvStQ/src/Enzyme.jl:148
│   [6] include(mod::Module, _path::String)
│     @ Base Base.jl:334
│   [7] top-level scope
│     @ stdin:5
│  in expression starting at /tmp/julia-ttfx-depot/packages/Enzyme/OvStQ/src/typetree.jl:6
│  in expression starting at /tmp/julia-ttfx-depot/packages/Enzyme/OvStQ/src/Enzyme.jl:1
│  in expression starting at stdin:5
└  
ERROR: The following 2 packages failed to precompile:

GPUCompiler 
Failed to precompile GPUCompiler [61eb1bfa-7361-4325-ad38-22787b887f55] to "/tmp/julia-ttfx-depot/compiled/v1.14/GPUCompiler/jl_IPYXhA" (ProcessSignaled(11)).

Enzyme 
Failed to precompile Enzyme [7da242da-08ed-463a-9acd-ee780be4f1d9] to "/tmp/julia-ttfx-depot/compiled/v1.14/Enzyme/jl_UfyxUw" (ProcessExited(1)).


  ExplicitImports/Print_Explicit_Imports              precompile= 19.21s  load= 0.42s  run= 0.21s
  FiniteDiff/Gradient-Of-Square-Norm                  precompile=  2.34s  load= 0.00s  run= 0.13s
  Flux/Basic-Model-Gradient                           precompile= 40.07s  load= 1.75s  run= 3.91s
  ForwardDiff/Gradient-Of-Square-Norm                 precompile=  5.86s  load= 0.08s  run= 0.23s
  GMT/Create-A-Xy-Plot                                precompile= 62.28s  load= 1.16s  run= 0.00s
  Graphs/Graph-Construction                           precompile=  8.62s  load= 0.48s  run= 0.03s
  HiddenMarkovModels/Estimate-Hmm-With-Baum-Welch     precompile= 10.07s  load= 0.59s  run= 0.72s
  IterativeSolvers/Conjugate-Gradient-Solve           precompile=  4.13s  load= 0.25s  run= 0.24s
  JET/Type-Stability-Analysis                         ERROR: task: ┌ Warning: Full JET functionality is not available on Julia 1.14.0-DEV.2954.
  JLArrays/Matrix-Multiplication-On-Gpu-Like-Arrays   precompile= 12.62s  load= 1.02s  run= 0.99s
  JuliaFormatter/Format-Text                          precompile= 24.52s  load= 0.21s  run= 0.01s
  KangarooTwelve/Hash-Nothing                         precompile= 12.52s  load= 0.08s  run= 0.00s
  Krylov/Conjugate-Gradient-Solve                     precompile=  4.77s  load= 0.22s  run= 0.30s
  LoopVectorization/Dot-Product                       precompile= 43.91s  load= 0.24s  run= 0.15s
  Manifolds/Geodesic-On-Sphere                        precompile= 18.44s  load= 0.77s  run= 0.15s
  Measurements/Addition-With-Uncertainties            precompile=  1.19s  load= 0.01s  run= 0.02s
  Mendeleev/Get-Properties-Of-A-Chemical-Element      precompile= 14.42s  load= 0.12s  run= 1.23s
  Mooncake/Gradient-Of-Square-Norm                    precompile=142.54s  load= 0.78s  run= 0.35s
  Optim/Rosenbrock-Minimization-With-Bfgs             precompile=  5.21s  load= 0.32s  run= 0.53s
  Optimization/Rosenbrock-Minimization-With-Bfgs-Using-Forwarddiffprecompile= 22.33s  load= 0.77s  run= 1.25s
  OrdinaryDiffEq/Solve-The-Lorenz-Equation            precompile=169.49s  load= 2.53s  run= 0.11s
  QuantumAlgebra/Commute-Two-Operators                precompile= 13.93s  load= 0.29s  run= 0.00s
  ReverseDiff/Gradient-Of-Square-Norm                 precompile= 18.66s  load= 2.55s  run= 0.16s
  ShareAdd/Get-Info-On-Stdlib-In-Internal-Shareadd-Formatprecompile=  6.44s  load= 0.49s  run= 0.00s
  SparseMatrixColorings/Basic-Coloring                precompile=  5.02s  load= 0.26s  run= 0.02s
  StaticArrays/Matrix-Multiplication                  precompile=  5.31s  load= 0.13s  run= 0.02s
  UnROOT/Loading-A-Typical-Hep-Ex--Root-File          precompile= 23.72s  load= 0.88s  run= 0.61s
  Zygote/Gradient-Of-Square-Norm                      precompile= 29.02s  load= 0.69s  run= 0.11s

Done. Results written to /home/ian/Documents/GitHub/Julia-TTFX-Snippets/analysis/results_pr62725.json
